# Blender 5.1.2
# www.blender.org
mtllib model.mtl
o ganesha
v -1.555612 0.557124 -1.473575
v -1.587991 0.606049 -1.422777
v -1.501622 0.578469 -1.557087
v 1.105972 0.478606 0.686232
v 0.942352 -0.001390 1.154548
v 1.134713 0.259137 0.501302
v 1.143514 0.302985 0.348630
v 1.001571 0.379399 1.007022
v 1.017258 0.016540 0.813639
v 1.038203 0.117393 0.632630
v 1.129240 0.003375 0.402815
v 1.106045 0.164809 0.540298
v 1.142947 0.008978 0.251258
v 0.925874 0.094174 1.423181
v 0.995380 0.182121 0.819068
v 1.112448 0.120938 0.398564
v 0.971335 0.171433 1.705911
v 1.058433 0.432341 0.897864
v 1.110827 0.535253 0.559441
v 0.951851 0.192870 1.048197
v 0.916133 4.046363 -0.924336
v 0.895865 4.083663 -1.045845
v 0.967751 4.354657 -1.266268
v 1.107861 4.397247 -1.321240
v 1.009147 4.421114 -1.220878
v 1.115258 4.440858 -1.231361
v 1.208609 4.243763 -1.155719
v 1.154795 4.373950 -1.143409
v 1.132236 4.265009 -1.067957
v 0.936099 4.156303 -1.084014
v 1.034444 3.891325 -1.024612
v 1.144773 3.906487 -1.163245
v 1.066395 3.819874 -1.074192
v 0.994878 4.102210 -0.967620
v 1.083925 4.148612 -1.022810
v 1.198567 4.124340 -1.233836
v 0.875966 4.155793 -1.131660
v 0.938341 4.138306 -0.968348
v 0.989514 4.163576 -1.031350
v 0.941739 4.352849 -1.198233
v 1.008009 4.396934 -1.160586
v 0.963872 4.324332 -1.135479
v 1.209671 4.135988 -1.342340
v 1.176823 4.333716 -1.315292
v 1.208025 4.293214 -1.335756
v 0.934475 4.260915 -1.114215
v 1.193133 4.374484 -1.263073
v 1.208540 4.302644 -1.232661
v 1.179677 4.014544 -1.124547
v 1.151855 4.099870 -1.051113
v 1.087934 4.396042 -1.127330
v 0.896163 4.120155 -0.995144
v 0.957937 3.968982 -0.932434
v 0.876323 3.984037 -0.975972
v 1.062186 4.257363 -1.038542
v 1.164450 3.858546 -0.525597
v 1.150554 4.178891 -0.633388
v 1.402494 4.076101 -0.278992
v 0.891196 3.537805 -0.460693
v 1.173182 4.241339 -0.592424
v 0.812382 3.312558 -0.390977
v 1.099435 3.729403 -0.292271
v 1.115529 4.121275 -0.615262
v 0.811676 3.311711 -0.574645
v 0.774082 3.231387 -0.386286
v 0.962627 3.635434 -0.378084
v 0.891717 3.601114 -0.504520
v 0.940814 3.893437 -0.941295
v 1.024310 3.982665 -0.548923
v 0.731606 3.225456 -0.817697
v 1.133459 4.221481 -0.530959
v 1.017301 3.596022 -0.250839
v 0.707170 3.081456 -0.814151
v 0.682808 3.399910 -1.036272
v 0.809533 3.496808 -1.019375
v 1.095585 4.054444 -0.595919
v 1.162010 4.023251 -0.704305
v 1.182443 4.177268 -0.718507
v 1.020837 3.958324 -0.656276
v 1.098640 4.142095 -0.506250
v 0.880923 3.556550 -0.826986
v 1.003456 3.705459 -0.351698
v 0.959257 3.733520 -0.601650
v 0.924225 3.740251 -0.760286
v 1.070003 4.088260 -0.534210
v 0.707744 3.013229 -0.835519
v 1.120499 4.130279 -0.565272
v 1.162858 4.233777 -0.651761
v 0.759093 3.385846 -0.923181
v 0.625703 3.124816 -0.854627
v 1.049512 3.412626 -0.125974
v 0.976925 3.852074 -0.669994
v 0.766903 3.217917 -0.702118
v 1.250550 3.981948 -0.678933
v 1.085953 3.912654 -0.640136
v 1.054240 3.979105 -0.636328
v 1.057492 4.037391 -0.501903
v 0.886420 3.544353 -0.596055
v 0.919839 3.715796 -0.942216
v 1.123676 4.214513 -0.483677
v 0.940636 3.945510 -0.723972
v 1.083347 3.653965 -0.157602
v 1.071432 3.622192 -1.482893
v 1.053376 3.725271 -1.680751
v 1.038331 3.854285 -1.760678
v 1.125291 3.732246 -1.378318
v 1.133541 3.797599 -1.319081
v 1.033477 3.548027 -1.309615
v 1.099041 3.739648 -1.244745
v 1.166882 3.912838 -1.251377
v 1.180631 3.951204 -1.372768
v 1.084952 3.668525 -1.592170
v 1.149769 3.777780 -1.489024
v 1.142671 3.874684 -1.669298
v 1.133864 3.816207 -1.410970
v 1.056208 4.327976 -1.343917
v 0.852820 4.102279 -1.260477
v 0.970080 4.286864 -1.310601
v 1.016231 4.159658 -1.368964
v 1.082755 4.278753 -1.360003
v 1.016557 4.236917 -1.370116
v 1.149302 4.181986 -1.390093
v 0.816970 3.858164 -1.293885
v 0.998400 4.089144 -1.410701
v 0.885700 3.935478 -1.085639
v 0.897301 4.079021 -1.082748
v 1.171427 4.290424 -1.357665
v 0.911646 4.241919 -1.267179
v 0.875384 4.170170 -1.209429
v 1.118042 4.083138 -1.413317
v 1.177988 4.075537 -1.398114
v 0.979787 4.106113 -1.384087
v 0.887176 4.050266 -1.324755
v 0.893578 3.886057 -1.377853
v 0.841606 4.023204 -1.206611
v 0.914575 4.169171 -1.307994
v 0.931351 4.140166 -1.356674
v 0.843381 4.052126 -1.141204
v 0.842112 3.869379 -1.131478
v 0.821217 3.817663 -1.229284
v 0.859290 3.942827 -1.330840
v 1.176846 3.941630 -1.532365
v 1.211133 4.067761 -1.249148
v 1.036536 3.993642 -1.746212
v 1.114247 4.112273 -1.508059
v 1.147460 4.054193 -1.556432
v 1.146258 4.041606 -1.643108
v 1.149378 4.048658 -1.459519
v 0.975727 4.127100 -1.542163
v 1.081776 4.117853 -1.605960
v 1.194089 4.067358 -1.317670
v 1.109891 4.028167 -1.706279
v 1.426167 4.262676 -0.709139
v 1.572234 4.904068 -0.365124
v 1.561546 4.740072 -0.537315
v 1.331339 4.478692 -0.692583
v 1.197051 4.344335 -0.585081
v 1.498519 4.407873 -0.674934
v 1.375312 4.090753 0.406034
v 1.588354 4.545233 0.498078
v 1.625900 4.597840 0.330052
v 1.748359 4.958992 0.244205
v 1.663528 4.708474 0.431620
v 1.712319 4.881671 0.469590
v 1.700110 4.988821 0.451911
v 1.687909 4.940964 -0.219852
v 1.658308 4.801270 -0.406193
v 1.702583 4.822981 -0.260486
v 1.620245 4.996337 -0.190015
v 1.392595 4.434478 -0.705036
v 1.507202 4.420199 0.580561
v 1.754978 4.936206 0.090683
v 1.673477 4.915670 0.605964
v 1.729281 5.012643 0.130322
v 1.400250 4.646530 -0.620224
v 1.349244 4.593023 -0.620302
v 1.717054 4.794905 -0.151387
v 1.223712 4.382504 -0.588652
v 1.452792 4.199161 -0.669111
v 1.616801 4.551682 -0.473942
v 1.739168 4.866554 0.152648
v 1.350619 4.000153 0.059493
v 1.345754 4.006175 -0.434475
v 1.359883 4.019629 -0.634885
v 1.268844 4.267212 -0.737458
v 1.677524 4.731976 -0.315539
v 1.554208 4.499807 -0.637601
v 1.557938 4.600570 -0.604697
v 1.538200 4.405144 -0.625849
v 1.734293 4.945354 -0.067762
v 1.617553 4.611555 -0.517076
v 1.719006 5.006308 -0.008761
v 1.661555 5.057230 0.144070
v 1.425124 4.099321 -0.556436
v 1.234204 4.393687 -0.641919
v 1.617370 4.584439 0.178532
v 1.708738 5.030885 0.293329
v 1.606851 4.670313 0.705057
v 1.659502 4.834507 0.654232
v 1.586908 4.478242 -0.390349
v 1.469569 4.219942 -0.478882
v 0.948155 3.417261 -1.321237
v 0.759429 3.375692 -1.225949
v 0.968204 3.751685 -0.997186
v 0.987977 3.636707 -1.130806
v 0.840120 3.571140 -1.047415
v 0.824460 3.470790 -1.106684
v 1.032601 0.595399 0.713692
v 0.998995 0.497869 1.354540
v 0.944003 0.421074 1.836484
v 0.957542 0.581822 1.618822
v 0.574235 0.798105 0.650875
v 0.605690 0.678354 1.899084
v 0.745560 0.669854 0.913891
v 0.880428 0.608320 1.202507
v 0.802540 0.651726 1.144512
v 1.020146 0.488402 1.127622
v 0.962905 0.596306 1.336920
v 0.874820 0.643486 1.082073
v 0.606721 0.741343 0.841493
v 0.457022 0.858419 0.891930
v 0.529065 0.778857 0.955228
v 0.952565 0.523048 1.855427
v 0.909148 0.582638 2.050808
v 0.928837 0.593013 1.800179
v 0.884485 0.621097 1.947875
v 0.710046 0.718040 0.797254
v 0.530018 0.906574 0.778307
v 0.674411 0.653647 1.717104
v 0.798611 0.639826 1.429379
v 0.560449 0.799629 1.100058
v 0.789033 0.641374 1.644834
v 0.876494 0.622072 1.731638
v 0.954174 0.499546 1.658833
v 0.973811 0.442899 1.627118
v 0.886435 0.650019 0.812698
v 0.934641 0.292282 2.008050
v 1.032972 0.598830 0.577529
v 0.988879 0.309190 1.463823
v 0.773253 0.678285 0.701761
v 0.841741 0.684505 0.522742
v 0.959302 0.602176 1.080645
v 0.630336 0.746374 0.663539
v 0.553579 0.776227 0.832534
v 0.655757 0.699363 1.196966
v 1.038380 0.548670 0.930314
v 0.598730 0.725723 1.035054
v 1.018617 0.374817 1.269598
v 0.795846 0.638546 1.935547
v 0.596418 0.784696 1.465160
v 0.563227 0.878909 1.852237
v 0.589230 0.732348 1.652668
v 0.569545 0.775335 1.770808
v 0.647015 0.673178 1.494057
v 0.592392 0.681456 1.771976
v 0.604016 0.719267 1.345901
v 0.468922 0.578240 2.422767
v 0.472287 0.383172 2.428304
v 0.554268 0.420190 2.425644
v 0.436243 1.100223 2.187742
v 0.846870 0.612780 2.310619
v 0.351430 1.101061 2.263423
v 0.099452 0.904676 2.246062
v 0.893024 0.265975 2.352648
v 0.435006 0.884436 2.036553
v 0.693165 0.647686 1.926720
v 0.747805 0.633042 2.076884
v 0.747773 0.642982 2.247669
v 0.725633 0.620876 2.353668
v 0.209130 0.667918 2.359637
v 0.430508 0.706185 2.310915
v 0.549777 0.023934 2.507427
v 0.823177 0.631837 2.113505
v 0.419698 0.746283 2.032074
v 0.683101 0.310532 2.410086
v 0.515879 0.623094 2.371686
v -0.077026 0.793485 2.255976
v -0.055671 0.831875 2.202529
v 0.307804 0.635077 2.391277
v 0.056067 0.836777 2.260490
v 0.114167 0.733080 2.325594
v 0.092217 0.666866 2.323726
v -0.198900 0.667216 2.230491
v 0.925936 0.475267 2.127250
v 0.376406 0.637029 2.363562
v 0.919039 0.019376 1.933040
v 0.863910 0.213871 2.443330
v 0.422846 0.765455 2.145483
v 0.846274 0.615532 2.020613
v 0.424436 0.812230 2.329233
v 0.390365 0.959531 2.307921
v 0.573533 0.586236 2.419309
v 0.442445 0.936189 2.255957
v 0.560189 0.475419 2.435354
v -0.145147 0.820395 2.187329
v -0.021287 0.642617 2.279433
v 0.576811 0.227936 2.465746
v -0.055893 0.710508 2.281507
v 0.869055 0.400530 2.403635
v 0.762072 0.571966 2.401278
v 0.233571 0.540612 2.394012
v 0.895752 0.566256 2.316725
v 0.432292 0.607268 2.384618
v 0.410549 0.665760 2.378670
v 0.787596 0.023103 2.524132
v 0.818189 0.277959 2.407914
v 0.415131 1.075265 2.243506
v 0.764846 0.412056 2.430077
v -0.067119 0.869914 2.166032
v 0.610004 0.659662 2.346089
v 0.015048 0.696199 2.287368
v 0.659711 0.542891 2.421246
v 0.910797 0.405752 2.301039
v 0.644959 0.158146 2.530386
v 0.818847 0.174109 2.502232
v 0.499021 0.690794 2.159187
v 0.341301 0.778872 2.353580
v 0.502540 0.677065 2.353707
v 0.156738 2.794188 -1.220731
v 0.497230 3.206079 -0.880325
v 0.502735 2.778614 -1.146328
v 0.442930 3.062292 -0.903881
v 0.136176 2.958343 -1.052656
v 0.405793 2.790437 -1.154037
v 0.206521 2.916858 -1.088155
v 0.364712 3.029619 -0.925601
v -0.035400 2.822309 -1.060832
v 0.648571 2.978735 -0.905868
v 0.284676 3.075342 -0.902393
v 0.319847 3.110454 -0.841394
v 0.483768 2.591909 -1.306566
v 0.396917 3.174785 -0.821512
v 0.361367 3.208106 -0.802094
v 0.189662 2.870830 -1.154773
v 0.093345 2.863611 -1.137171
v 0.290867 2.838379 -1.143036
v 0.454483 2.952252 -0.989514
v 0.424840 3.110454 -0.827811
v 0.029802 2.911217 -0.987632
v 0.472674 3.133628 -0.877300
v 0.179448 2.984879 -0.979224
v 0.313985 3.000575 -0.991431
v 0.336076 3.152625 -0.852847
v 0.230672 2.735955 -1.240547
v 0.548577 2.652650 -1.255131
v -0.715043 2.007881 -0.772356
v -0.865128 2.126329 -0.867584
v -0.834966 2.245767 -0.963464
v -0.719175 2.175162 -0.876836
v -0.644279 2.243252 -0.944072
v -0.692344 2.308810 -1.053846
v -0.255988 2.114483 -0.814122
v -0.199102 2.247643 -0.996859
v -0.144994 2.262691 -0.783117
v -0.284473 2.113636 -0.929464
v -0.438823 2.154016 -0.998348
v -0.948267 2.182153 -0.999355
v -0.999887 2.085583 -0.932152
v -0.138801 2.255967 -0.952491
v -0.697079 2.360419 -1.113105
v -0.106894 2.633195 -0.828910
v -0.105084 2.475451 -0.726578
v -0.117006 2.464390 -0.643911
v -0.165468 2.329774 -0.675964
v -0.104020 2.706408 -0.968123
v -0.087047 2.586360 -1.022887
v -0.135134 2.508124 -1.264360
v -0.117771 2.360922 -0.691212
v -0.087123 2.789629 -0.823956
v -0.110265 2.419040 -0.929079
v -0.045723 2.825000 -0.956753
v -0.375547 2.610083 -1.275415
v -0.147154 2.474552 -1.153123
v -0.127461 2.393274 -1.034303
v -0.303305 2.601979 -1.363025
v -0.186536 2.143786 -0.795369
v -0.239379 2.118332 -0.884729
v -1.078296 1.883435 -0.844582
v -0.565805 2.201576 -0.958866
v -0.594222 2.286475 -1.094292
v -0.517539 2.360159 -1.060519
v -0.291368 2.509031 -1.398830
v -0.247376 2.492694 -1.229036
v -0.322492 2.575031 -1.227804
v 0.095298 2.719840 -1.258129
v -0.159423 2.318705 -0.727756
v -0.170625 2.197810 -0.875941
v -0.307262 2.450021 -1.093438
v -0.285749 2.542809 -1.298305
v -0.061625 2.539874 -1.151550
v 0.022843 2.627676 -1.273918
v -0.521127 2.246011 -1.034488
v 0.033082 2.751917 -1.198380
v -0.214097 2.495400 -1.324957
v -0.010862 2.527951 -1.336756
v -0.230496 2.408025 -1.088712
v -0.107403 2.311326 -0.873177
v -0.101312 2.357148 -0.764734
v 0.093258 2.588356 -1.310569
v 0.135083 2.644851 -1.352552
v 0.095995 2.811141 -1.167548
v -0.044795 2.705561 -1.090499
v -0.898772 2.216792 -1.171901
v -0.091136 2.662194 -0.882630
v -0.497367 2.432624 -1.116132
v -0.449520 2.390027 -1.006035
v -0.286490 2.309519 -1.027361
v -1.061499 1.996233 -0.978302
v -0.397079 2.451202 -1.039133
v -0.042984 2.479659 -1.477638
v -0.588772 1.925308 -0.720186
v -0.984018 2.013271 -0.867313
v -0.470445 2.069049 -0.818355
v 0.015460 2.580261 -1.278172
v -0.883329 2.158796 -1.258332
v -0.739663 2.295096 -1.257954
v -0.478806 2.327715 -1.001746
v -0.789200 2.313903 -1.116245
v -0.239677 2.479842 -1.455067
v -0.096931 2.657094 -0.761796
v 0.082005 2.700843 -1.278701
v 0.026992 1.087256 2.104129
v 0.038568 1.105407 2.155850
v -0.307192 1.899809 1.523353
v -0.071530 2.012470 1.276138
v -0.097551 1.956037 1.377104
v 0.494999 0.724618 1.857839
v -0.358746 1.875895 1.405402
v 0.505301 1.166498 2.019559
v 0.424262 1.833175 1.697848
v -0.318945 1.997224 1.368324
v -0.031860 1.858034 1.859960
v -0.307288 1.872510 1.599152
v -0.404299 1.892864 1.542896
v 0.280253 1.946698 1.440422
v 0.162760 1.222718 2.185365
v 0.553841 1.800853 1.659918
v 0.005081 1.463036 2.128831
v 0.086974 2.148062 1.295711
v 0.053427 1.367702 2.116666
v 0.135182 1.536660 2.060079
v 0.512512 1.629837 1.935313
v 0.664482 1.440342 1.952665
v 0.065155 1.983609 1.530648
v 0.771276 1.631811 1.783424
v -0.095060 2.256981 1.289034
v 0.851885 1.593955 1.558228
v 0.813680 1.352280 1.747728
v 0.099374 1.764583 1.940202
v 0.828833 1.581064 1.711487
v 0.670881 1.772061 1.619365
v -0.238704 1.134862 2.063546
v 0.755441 1.222688 1.879991
v 0.703441 1.285906 1.949202
v 0.677637 1.050444 1.902292
v 0.149523 1.546654 2.015272
v 0.165917 1.586629 2.007013
v 0.791767 1.422504 1.856261
v -0.301240 1.219029 2.172571
v 0.134794 1.608096 2.020310
v 0.258196 1.683999 1.968869
v 0.021024 0.894971 2.178102
v -0.185584 1.184100 2.149368
v -0.031620 1.579570 2.044226
v 0.123342 2.021214 1.336908
v -0.371299 1.208051 2.122555
v -0.208889 1.278207 2.182297
v -0.013640 1.151641 2.081942
v -0.015136 1.208715 2.130576
v -0.086152 1.832535 1.819633
v -0.253708 1.042859 2.086582
v 0.113349 1.986422 1.381796
v -0.190164 1.959391 1.322346
v 0.417198 1.234145 2.184547
v 0.655181 1.142615 1.963387
v 0.002473 2.014612 1.337150
v -0.041345 2.132801 1.266142
v 0.053275 2.066655 1.296272
v -0.084434 1.719058 1.931367
v -0.134489 1.777054 1.937359
v 0.456869 1.337156 2.026431
v -0.238355 1.923760 1.576775
v -0.001779 1.960450 1.619163
v -0.041788 1.930423 1.638529
v 0.656663 0.878109 1.672549
v 0.512274 0.968633 1.965792
v -0.423754 1.895593 1.374460
v 0.368522 1.363250 2.131324
v 0.686659 0.928322 1.408049
v 0.115873 1.414210 2.110895
v 0.241271 1.283391 2.192947
v -0.033064 1.974469 1.482749
v -0.115784 1.941659 1.630096
v -0.233768 1.830157 1.826328
v 0.418308 1.575888 1.994539
v 0.041801 1.274959 2.136399
v -0.183673 1.909627 1.581569
v 0.223999 2.041811 1.329022
v 0.577847 1.355810 2.002146
v 0.469453 1.475690 2.002818
v -0.073182 1.923387 1.735413
v -0.128089 1.687933 2.008038
v 0.223459 1.616184 2.016222
v -0.017153 1.248065 2.202502
v -0.112600 1.159645 2.088837
v -0.087279 1.099583 2.089804
v 0.078750 1.807158 1.894383
v -0.229865 1.758583 1.891355
v 0.624397 1.566520 1.901922
v -0.297659 1.888389 1.653701
v -0.046051 1.356725 2.188700
v -0.454396 1.791233 1.754811
v -0.372617 1.872221 1.692687
v 0.058886 1.180822 2.115872
v 0.505777 1.682947 1.860997
v 0.004099 0.959638 2.228909
v -0.245950 0.897487 2.135204
v 0.435524 1.320965 2.103302
v -0.503758 1.776940 1.626983
v 0.023283 1.354377 2.184108
v -0.419054 1.692598 1.893671
v -0.211928 0.987699 2.145914
v -0.109751 1.026317 2.154190
v 0.003001 1.028871 2.195448
v -0.254274 1.507547 2.071299
v 0.092548 1.268815 2.126059
v 0.038885 1.879562 1.798778
v -0.439297 1.652523 1.853212
v 0.745008 1.119502 1.707173
v 0.434432 0.813031 1.923274
v -0.278315 1.917807 1.359833
v 0.302243 1.772274 1.802785
v -0.208352 1.597218 1.991785
v -0.106352 1.396189 2.133594
v 0.263255 1.897629 1.579290
v -0.204235 1.902797 1.722901
v 0.093640 1.949084 1.661143
v 0.108051 1.828342 1.871831
v -0.419496 1.875308 1.494013
v -0.530382 1.847072 1.517730
v 0.667923 1.692522 1.785360
v 0.768153 1.510757 1.860607
v 0.260349 1.848719 1.702617
v 0.405594 1.442362 2.065854
v -0.296626 1.682215 1.960399
v -0.384350 1.376384 2.065248
v -0.362143 1.511626 2.031742
v -0.270323 1.372039 2.113042
v -0.017672 1.734121 1.980769
v -0.040138 2.220702 1.278338
v -0.144398 1.844198 1.832754
v -0.354372 1.784296 1.842487
v 0.440932 1.172558 2.090806
v 0.196137 1.515315 2.073961
v 0.020707 1.592834 2.063483
v -0.501571 1.840029 1.610185
v 0.436976 1.100955 2.036785
v -0.027290 1.036441 2.123485
v -0.318481 1.044018 2.078529
v -0.152791 1.361725 2.101348
v -0.142748 1.289024 2.144721
v 0.195432 1.072604 2.253128
v -0.313233 1.146183 2.098455
v 0.035944 1.442271 2.071263
v 0.033720 2.967773 -0.750949
v -0.068260 2.806415 -0.612119
v 0.316220 3.140527 -0.639695
v -0.099639 2.797748 -0.571922
v -0.033392 2.952390 -0.517272
v -0.073436 2.846452 -0.909768
v 0.314056 3.132607 -0.717930
v 0.186096 3.080168 -0.821996
v 0.315427 3.188164 -0.586195
v 0.044696 2.998685 -0.612374
v 0.127419 3.044652 -0.717519
v 0.132616 3.027919 -0.917700
v -0.015349 2.939796 -0.911159
v -0.101608 2.726868 -0.714547
v -0.019089 2.911400 -0.722767
v -0.054495 2.906399 -0.821709
v 0.212026 3.071919 -0.790856
v 0.019230 2.938767 -0.667144
v 0.066510 3.010881 -0.868915
v 0.012964 3.004905 -0.806107
v -0.051024 2.811842 -0.706586
v -0.078889 2.696925 -0.666452
v -0.082928 2.897229 -0.755252
v 0.633493 2.846802 -1.825607
v 0.567392 2.837517 -1.770943
v 0.814273 2.058148 -1.660760
v 0.533842 2.319574 -1.491706
v 0.630451 2.577242 -1.789171
v 0.447573 2.664031 -1.734308
v 0.560764 2.338144 -1.630172
v 0.590607 2.138968 -1.461511
v 0.728303 2.682471 -1.809013
v 0.712194 2.292931 -1.752977
v 0.573529 2.468476 -1.717627
v 0.594213 2.720205 -1.846128
v 0.515787 2.498534 -1.347223
v 0.702084 2.275528 -1.702551
v 0.424778 2.749554 -1.667636
v 0.546552 2.586230 -1.727671
v 0.457076 2.632388 -1.461298
v 0.493244 2.517561 -1.595712
v 0.458796 2.611012 -1.598863
v 0.604016 2.161868 -1.538462
v 0.522575 2.447977 -1.429754
v 0.727969 2.749707 -1.866979
v 0.657939 2.159825 -1.636022
v 0.497411 2.633036 -1.372292
v 0.764015 2.436779 -1.790154
v 0.519049 2.714328 -1.830771
v 0.653822 2.625275 -1.319315
v 0.896353 2.498122 -1.191076
v 0.533226 2.707788 -1.364930
v 0.716594 2.621426 -1.216912
v 1.043415 2.432197 -1.129903
v 0.563271 2.608093 -1.325922
v 0.884784 2.749219 -1.009441
v 0.975936 2.686161 -0.976600
v 0.985252 2.553969 -1.075265
v 0.842878 2.527456 -1.253528
v 0.733038 2.599044 -1.257745
v 0.759613 2.623461 -1.362099
v -0.260747 1.695167 -1.907374
v -0.148690 2.115207 -1.406266
v -0.126106 1.685326 -1.938195
v -0.565955 1.795151 -1.370355
v -0.670495 1.836095 -1.370199
v -0.121702 1.891469 -1.377369
v -0.155677 1.879745 -1.511192
v -0.387633 2.601484 -1.364268
v -0.305678 1.580188 -1.950742
v -0.269031 1.485143 -2.011141
v -0.391761 1.523442 -1.789685
v -0.395472 1.626605 -1.638465
v -0.392137 1.711160 -1.633271
v 0.519642 2.281916 -1.399529
v -0.378287 2.381878 -1.492681
v -0.561440 2.368377 -1.462205
v 0.083534 1.860268 -1.706862
v -0.173134 1.817258 -1.782149
v -0.581346 2.284531 -1.454403
v -0.397314 2.569711 -1.478459
v 0.111786 1.789533 -1.820615
v -0.159365 1.742621 -1.889635
v 0.217644 1.897964 -1.755060
v -0.738849 2.086392 -1.345653
v -0.631434 2.132526 -1.320464
v 0.205198 2.012913 -1.523804
v -0.573366 2.005678 -1.338777
v -0.318218 2.545660 -1.448823
v -0.141016 1.443887 -2.046387
v 0.056410 1.630371 -1.939938
v -0.050797 1.870452 -1.707697
v -0.364089 1.663539 -1.347637
v -0.420903 1.648384 -1.313042
v 0.249284 1.995120 -1.578428
v 0.057111 1.703850 -1.893193
v 0.171812 1.955297 -1.645632
v -0.072949 1.935630 -1.392968
v 0.143996 1.840615 -1.844071
v -0.331198 2.623537 -1.328458
v -0.021664 1.255086 -2.057061
v -0.283486 1.820010 -1.530610
v 0.170403 1.897415 -1.780351
v -0.561383 1.905038 -1.346729
v -0.310266 1.797377 -1.710452
v 0.094030 1.324365 -2.008609
v -0.055313 1.914285 -1.507759
v 0.330489 2.043946 -1.417278
v 0.281999 2.003018 -1.500579
v 0.236896 1.961068 -1.690481
v -0.667463 2.013271 -1.326370
v 0.017017 2.003368 -1.460221
v 0.092705 2.028387 -1.473812
v 0.168026 1.986697 -1.554121
v -0.016379 2.177640 -1.488756
v 0.043557 2.248923 -1.524745
v -0.489432 2.324430 -1.532645
v 0.014904 2.430315 -1.519917
v -0.523059 2.074164 -1.381095
v -0.340090 1.599131 -1.899119
v -0.339389 1.724417 -1.751876
v 0.025061 1.428267 -2.016785
v -0.626761 2.069308 -1.335525
v 0.162315 2.042452 -1.440816
v 0.087319 1.901486 -1.730232
v -0.190515 1.866084 -1.636299
v 0.013225 1.893169 -1.637794
v 0.146780 1.727817 -1.925174
v -0.259783 2.369787 -1.539679
v -0.265151 1.788466 -1.734719
v 0.084562 1.473160 -1.976579
v 0.147816 1.423488 -1.988632
v 0.130297 1.501152 -1.949316
v -0.397085 1.757509 -1.341086
v -0.310336 1.796722 -1.605866
v 0.290418 1.941835 -1.713428
v -0.549617 2.369757 -1.502605
v -0.362028 1.757387 -1.545802
v -0.378561 1.609354 -1.777402
v -0.170991 1.991835 -1.362682
v 0.012381 1.803613 -1.821545
v 0.062972 1.901684 -1.621314
v 0.018652 2.108826 -1.410084
v -0.182071 2.435963 -1.520222
v 0.008820 1.952217 -1.478160
v -0.472870 2.468789 -1.529441
v -0.659248 2.266289 -1.296768
v 0.052191 2.047079 -1.406108
v 0.134492 2.088229 -1.405392
v -0.691841 2.333158 -1.312871
v -0.315690 1.767106 -1.790120
v 0.039411 1.997316 -1.548796
v -0.178521 2.279416 -1.524941
v -0.595951 1.933221 -1.360569
v -0.065045 1.031318 -2.059511
v -0.258619 1.788230 -1.407056
v -0.313475 1.846089 -1.354271
v -0.335210 1.706632 -1.383155
v 0.274256 2.582258 -1.305186
v 0.442881 2.520183 -1.322016
v -0.050982 2.049130 -1.395003
v -0.476487 2.197163 -1.436875
v -0.470437 1.751143 -1.358168
v -0.513455 1.889266 -1.365286
v 0.507142 2.177144 -1.373417
v 0.126432 1.990287 -1.593402
v -0.230059 1.625812 -1.946258
v -0.167639 1.607715 -1.987437
v 0.288958 2.091979 -1.367269
v -0.468829 1.602386 -1.351161
v -0.422087 2.115085 -1.369414
v -0.420839 1.878754 -1.331343
v -0.208356 1.291364 -2.065187
v -0.299533 1.709216 -1.850468
v -0.338457 1.371925 -1.982622
v 0.459121 2.413856 -1.371466
v -0.270810 2.247765 -1.490811
v -0.418799 2.277952 -1.486422
v -0.594410 2.153536 -1.367652
v -0.622546 2.284005 -1.379505
v -0.148888 1.920429 -1.344489
v -0.175893 1.874355 -1.340946
v 0.365229 2.646018 -1.279662
v 0.161773 2.680550 -1.321449
v -0.339587 2.454068 -1.479248
v -0.394336 2.498618 -1.538052
v -0.007430 2.336116 -1.543844
v 0.175576 2.163148 -1.437113
v 0.397942 2.142848 -1.356616
v 0.146324 2.529423 -1.381829
v 0.165820 2.608070 -1.321065
v 0.416537 2.290462 -1.388074
v 0.255520 2.404800 -1.440635
v 0.247122 2.215748 -1.441306
v 0.151460 2.328341 -1.499971
v 0.274028 2.026238 -1.391149
v 0.456335 2.077282 -1.395409
v 0.177038 2.503092 -1.405739
v 0.835020 2.962673 -1.523583
v 0.681090 3.192151 -1.860952
v 0.864984 3.327339 -1.878749
v 0.790009 3.367817 -1.807778
v 0.852424 3.187669 -1.424017
v 0.923005 3.229245 -1.490227
v 0.925219 3.122323 -1.851761
v 0.900155 3.261422 -1.896120
v 0.693034 3.003144 -1.396528
v 0.657743 2.854578 -1.357805
v 0.874426 3.030396 -1.788303
v 0.771136 2.842160 -1.868511
v 0.935604 3.096748 -1.647912
v 0.960967 3.187387 -1.711623
v 0.853181 2.860844 -1.775556
v 0.806380 2.896420 -1.787923
v 0.728438 3.103632 -1.980772
v 0.806906 3.284512 -1.908454
v 0.941170 3.247159 -1.834529
v 0.777981 3.220646 -1.910247
v 0.843333 3.098387 -1.932249
v 0.737069 3.172186 -1.941993
v 0.746936 2.913466 -1.855459
v 0.645702 2.801849 -1.866159
v 0.944496 3.282279 -1.420857
v 0.586446 2.922934 -1.842434
v 0.664549 3.060584 -1.918988
v 0.723529 3.379709 -1.877224
v 0.643513 3.347944 -1.851759
v 0.698025 3.387897 -1.808191
v 0.641656 3.295383 -1.874701
v 0.593957 3.278071 -1.816335
v 0.792194 3.106680 -1.407348
v 0.965516 3.550573 -1.543893
v 0.855600 3.523656 -1.605272
v 0.918228 3.376187 -1.571633
v 0.943735 3.262253 -1.572531
v 0.893534 3.321431 -1.715302
v 0.785291 2.817819 -1.470682
v 0.885194 2.864396 -1.639498
v 0.820391 2.711119 -1.441812
v 0.787058 3.425501 -1.583194
v 0.630932 3.334580 -1.784406
v 0.845084 2.931266 -1.700940
v 0.902347 3.086594 -1.531175
v 0.957418 3.241914 -1.736308
v 0.944929 3.320104 -1.496828
v 0.990209 3.503463 -1.454942
v 0.856075 2.792983 -1.600336
v 0.796571 2.891694 -1.435693
v 0.811901 2.158224 -1.723937
v 1.141409 2.231588 -1.244612
v 1.098340 2.046050 -1.550758
v 0.967330 2.192055 -1.713508
v 0.907474 2.678492 -1.471827
v 0.898417 2.554281 -1.756067
v 0.800930 2.724048 -1.779661
v 0.811376 2.593494 -1.795359
v 1.168054 1.980705 -1.434497
v 0.969487 2.630108 -1.615354
v 0.835435 2.760936 -1.721529
v 0.943444 2.077335 -1.661281
v 0.900919 1.973150 -1.608407
v 1.009486 2.345653 -1.700808
v 0.696866 2.695552 -1.391159
v 1.182434 2.185697 -1.302480
v 0.839141 2.799409 -1.809520
v 0.895587 2.427883 -1.772613
v 0.835595 1.969126 -1.651129
v 1.109975 2.341002 -1.258138
v 1.062092 1.922091 -1.511231
v 1.011339 2.590529 -1.520643
v 0.913929 2.529735 -1.334041
v 0.869056 2.081581 -1.651220
v 1.031336 2.527692 -1.426173
v 1.134879 2.352711 -1.341584
v 1.189555 2.016533 -1.307040
v 1.109695 2.313437 -1.152698
v 1.027847 2.371678 -1.217018
v 1.012841 1.878327 -1.528379
v 1.133653 2.229995 -1.574930
v 1.103009 2.439218 -1.484700
v 0.999920 2.461973 -1.682320
v 1.082954 2.413818 -1.574144
v 1.183342 2.144540 -1.480850
v -0.431518 3.124618 -1.454309
v -0.380292 3.037090 -1.472450
v -0.536641 3.031601 -1.562071
v -0.517853 3.156925 -1.468679
v -0.586138 3.102884 -1.424140
v -0.588514 3.099706 -1.491841
v -0.467425 3.017727 -1.571723
v -0.454258 2.866447 -1.606599
v -0.435123 3.218061 -1.332408
v -0.530920 3.011323 -1.612479
v -0.519951 3.136579 -1.408543
v -0.611869 2.982188 -1.620811
v -0.658314 2.947069 -1.518610
v -0.604849 3.007703 -1.485062
v -0.479074 3.217277 -1.373679
v -0.442157 3.119922 -1.519632
v -0.518034 3.129245 -1.532037
v -0.389568 3.188980 -1.389665
v -0.442389 3.163717 -1.279796
v -0.616993 2.997328 -1.521694
v -0.636360 3.005668 -1.573426
v -0.669340 2.631282 -1.578994
v -0.372342 3.120479 -1.238342
v -0.738887 2.639652 -1.542127
v -0.605769 2.493083 -1.125648
v -0.525473 2.490933 -1.490203
v -0.646553 2.385376 -1.427545
v -0.615525 2.512400 -1.529254
v -0.463278 2.627052 -1.446132
v -0.497838 2.639965 -1.513652
v -0.563834 2.920616 -1.639622
v -0.436163 2.565297 -1.200147
v -0.507080 2.603969 -1.181711
v -0.578875 2.640476 -1.584576
v -0.438766 2.764709 -1.376576
v -0.365665 3.063321 -1.391765
v -0.402785 2.945605 -1.264678
v -0.425924 2.662186 -1.271988
v -0.721544 2.459923 -1.478043
v -0.696027 2.809365 -1.588586
v -0.461737 2.762072 -1.216373
v 0.609661 3.253791 -1.663236
v 0.601078 3.294727 -1.706583
v 0.407563 3.050476 -1.437347
v 0.603661 3.318244 -1.626469
v 0.969656 3.932978 -1.751014
v 0.568077 3.162512 -1.554060
v 0.695260 3.374792 -1.641297
v 0.791289 3.398668 -1.739181
v 0.774722 3.403280 -1.662348
v 0.754227 3.544513 -1.527891
v 0.597468 3.237424 -1.332202
v 0.518989 3.091800 -1.355329
v 0.587140 3.169930 -1.713339
v 0.835398 3.722962 -1.452637
v 0.627455 3.205308 -1.773241
v 0.946539 4.024188 -1.666686
v 0.711411 3.516307 -1.458068
v 1.015246 4.091172 -1.687009
v 0.887595 3.552060 -1.558320
v 0.788609 3.543575 -1.487931
v 0.542302 2.932844 -1.689046
v 0.700022 3.434214 -1.393026
v 0.655541 3.092807 -1.873001
v 0.419761 3.095155 -1.469339
v 0.810428 3.561131 -1.408544
v 0.445703 2.947571 -1.587830
v 0.923799 3.919157 -1.617012
v 0.453774 2.964754 -1.429799
v 0.664505 3.126181 -1.947080
v 0.807966 3.399103 -1.612185
v 0.661504 3.379214 -1.536673
v 0.945251 4.089404 -1.463328
v 0.808107 3.637218 -1.463921
v 0.887410 3.878023 -1.657333
v 0.525931 2.869961 -1.704743
v 0.491124 3.251641 -1.433821
v 0.569890 3.361269 -1.472310
v 0.623074 3.406131 -1.339779
v 0.583672 2.965410 -1.792823
v 0.634835 3.032752 -1.678294
v 0.596290 3.331608 -1.406088
v 0.855508 3.793483 -1.565168
v 0.670753 3.055362 -1.825650
v 0.571813 3.274518 -1.593214
v 0.720146 3.403989 -1.716500
v 0.558610 3.325715 -1.416670
v 0.641261 3.479145 -1.496202
v 0.723279 3.421392 -1.618564
v 0.586769 2.996474 -1.651271
v 0.958340 3.619631 -1.618675
v 0.811897 3.644764 -1.517825
v 0.899680 3.880523 -1.538337
v 0.838069 3.581165 -1.500050
v 0.758898 3.504636 -1.577234
v 0.594092 3.407564 -1.521999
v 0.616400 3.313213 -1.522107
v 0.592399 3.206307 -1.629102
v 0.523830 3.276416 -1.509282
v 0.961694 3.748644 -1.718477
v 0.658491 3.077080 -1.760618
v 0.604563 3.117551 -1.604755
v 0.658287 3.377567 -1.418908
v 0.973181 4.041188 -1.591368
v 0.711570 3.372109 -1.753164
v 0.632318 3.286555 -1.750270
v 0.661196 3.449476 -1.442653
v 0.869229 3.716505 -1.646509
v 0.888300 3.833092 -1.688225
v 0.631557 3.224983 -1.858197
v 0.463236 3.180312 -1.487193
v -0.613427 2.790475 -1.182825
v -0.599729 2.851895 -1.124023
v -0.660603 2.791024 -1.148502
v -0.661940 2.881434 -1.034197
v -0.657514 2.873018 -1.131590
v -0.549363 2.826403 -1.099563
v -0.625134 2.802405 -1.027148
v -0.598540 2.891008 -1.076470
v -0.456886 2.864549 -1.153313
v -0.613083 2.874665 -1.236910
v -0.679648 2.898273 -1.085961
v -0.825136 2.522676 -1.200248
v -0.679240 2.694889 -1.174111
v -0.818271 2.525748 -1.337034
v -0.749568 2.781816 -1.064758
v -0.728459 2.773681 -1.007443
v -0.709241 2.806827 -1.523763
v -0.653557 2.783180 -1.415264
v -0.647711 2.790262 -1.305527
v -0.717713 2.610471 -1.281705
v -0.814311 2.458345 -1.241678
v -0.718554 2.812765 -1.123197
v -0.714292 2.701636 -1.141398
v -0.756072 2.680642 -1.103720
v -0.783430 2.626777 -1.075731
v -0.725492 2.600104 -1.026989
v -0.654200 2.737358 -1.220026
v -0.703620 2.703839 -1.350491
v -0.600233 2.712377 -1.118134
v -0.776083 2.610929 -1.223930
v -0.770399 2.646163 -1.409175
v -0.499538 3.142586 -1.259751
v -0.565210 2.915250 -1.215430
v -0.459248 3.185984 -1.234425
v -0.559662 3.141053 -1.349471
v -0.553402 2.919572 -1.139375
v -0.567177 3.033576 -1.359873
v -0.618269 2.928011 -1.386449
v -0.663797 2.853952 -1.491018
v -0.616223 2.893943 -1.441713
v -0.577329 3.045810 -1.323162
v -0.601537 2.917453 -1.340377
v -0.620723 3.027020 -1.438277
v -0.470762 3.039819 -1.151273
v -0.527001 3.001162 -1.138029
v -0.508974 3.194331 -1.298760
v -0.673527 2.936275 -1.580263
v -0.583224 2.940269 -1.266289
v -0.526276 3.124793 -1.191012
v -0.548810 3.140810 -1.300832
v -0.449379 3.151207 -1.170971
v -0.665591 2.830657 -1.353807
v -0.776656 2.634491 -1.483249
v -0.787643 2.542092 -1.484766
v -0.808237 2.419780 -1.381111
v -0.808982 2.413491 -1.158594
v -0.789858 2.496636 -1.071029
v -0.809542 2.568331 -1.411146
v -0.826330 2.407209 -1.269859
v -0.629132 2.381862 -1.131911
v -0.716912 2.407323 -1.112885
v -0.749341 2.332137 -1.222904
v 0.458762 2.798281 -1.350057
v 0.455279 2.801277 -1.605455
v 0.706841 3.500764 -1.099904
v 0.661084 3.524884 -1.204065
v 0.717019 3.590190 -1.154650
v 0.576809 2.964243 -1.363750
v 0.745407 3.577780 -1.088478
v 0.769207 3.694863 -1.276135
v 0.760598 3.654377 -1.174842
v 0.658659 3.561444 -1.064879
v 0.392490 2.770648 -1.502703
v 0.400009 2.715144 -1.422867
v 0.789224 3.752432 -1.322058
v 0.691890 3.393317 -1.219289
v 0.686735 3.530097 -1.319421
v 0.957556 4.060192 -1.511065
v 0.793101 3.652044 -1.356168
v 0.863488 3.688063 -1.367213
v 0.961056 3.943284 -1.485830
v 0.892287 3.810398 -1.367639
v 0.380517 2.680817 -1.619293
v 0.375333 2.733027 -1.591666
v 0.730940 3.626995 -1.315979
v 0.941372 4.018981 -1.383851
v 0.831729 3.640754 -1.416323
v 0.939958 3.862365 -1.423124
v 0.950385 3.885150 -1.521480
v 0.915046 3.769485 -1.438485
v 0.732099 3.637712 -1.233595
v 0.726619 3.599940 -1.273540
v 0.937233 3.986401 -1.534744
v 0.927215 3.972054 -1.467117
v 0.416981 2.912590 -1.532390
v 0.447796 2.864549 -1.454172
v 0.592779 3.379503 -1.293496
v 0.819650 3.814866 -1.304962
v 0.730490 3.529183 -1.162168
v -0.950227 1.241555 -1.157568
v -1.056975 1.057465 -1.095279
v -0.829463 0.878696 -1.303496
v -0.616943 0.833201 -1.233405
v -0.722303 0.767758 -1.366868
v -0.548497 1.012748 -1.222580
v -0.414248 1.562472 -1.379765
v -0.448082 1.444375 -1.381129
v -0.874803 1.314828 -1.273768
v -1.077209 1.013846 -1.151367
v -1.115163 0.943553 -1.138654
v -0.448937 1.079763 -1.288958
v -1.007267 0.803113 -1.303331
v -0.987194 1.021728 -1.140744
v -0.287880 1.268587 -2.037210
v -0.394862 1.061368 -1.374526
v -1.094548 1.434823 -1.095021
v -0.492405 1.176591 -1.586724
v -1.212775 1.504376 -0.848711
v -0.358598 0.861903 -1.683227
v -0.225368 1.147829 -2.044458
v -1.159540 0.996336 -1.223858
v -0.484512 1.318419 -1.568393
v -0.925359 0.753670 -1.342924
v -1.175406 1.311322 -0.953059
v -0.889622 0.884253 -1.353170
v -0.811892 0.801162 -1.303664
v -0.975264 1.176980 -1.162797
v -0.907078 1.224030 -1.228738
v -0.603387 1.616039 -1.363771
v -0.920305 1.499338 -1.235792
v -0.892376 0.912314 -1.315629
v -0.932066 1.066598 -1.161134
v -1.170088 1.358798 -0.963195
v -0.980370 0.893561 -1.357495
v -0.882080 1.599642 -1.321312
v -0.703114 0.880335 -1.281764
v -0.744908 0.815722 -1.311722
v -0.968577 1.624013 -1.231333
v -0.345722 0.864273 -1.334410
v -0.370898 0.931844 -1.503850
v -0.365241 0.968359 -1.282268
v -0.494080 0.806101 -1.290933
v -0.886551 1.629830 -1.267991
v -0.548846 0.896862 -1.178475
v -0.645397 1.717899 -1.395738
v -0.761027 1.451503 -1.368614
v -0.959967 0.932843 -1.301650
v -0.195382 0.815264 -1.925444
v -0.466159 1.114936 -1.773569
v -0.260489 0.752824 -1.916698
v -0.084326 0.794408 -1.988562
v -1.099871 0.900155 -1.218005
v -0.365298 0.845056 -1.400266
v -1.025855 1.019167 -1.228007
v -1.160684 0.708709 -1.304426
v -0.990734 2.126276 -1.072144
v -0.443744 1.295976 -1.782427
v -1.020793 0.917444 -1.298085
v -1.040496 0.980175 -1.301250
v -1.068747 0.894011 -1.305893
v -1.002185 0.931181 -1.240918
v -0.996091 1.367466 -1.117131
v -0.998346 1.463082 -1.183210
v -1.105870 0.998043 -1.292104
v -0.542476 1.231645 -1.284187
v -0.478469 1.224967 -1.325660
v -0.422317 1.634876 -1.597432
v -0.437183 1.612434 -1.509717
v -0.563727 0.830526 -1.199044
v -0.482721 0.841648 -1.215736
v -0.408677 1.144246 -1.899636
v -0.917969 1.417854 -1.252908
v -0.823885 1.266628 -1.293286
v -0.694182 1.309523 -1.324377
v -0.974560 2.054962 -1.169834
v -0.971383 0.946405 -1.204602
v -0.841543 0.942829 -1.194087
v -0.640615 0.917635 -1.205234
v -0.648814 0.888172 -1.265714
v -0.776392 1.116148 -1.248083
v -0.786317 1.846020 -1.380058
v -0.777466 0.999034 -1.191766
v -0.401558 1.394497 -1.862847
v -0.500534 1.159409 -1.645993
v -1.059093 0.829268 -1.234279
v -0.360857 1.105887 -1.958134
v -0.301459 0.805781 -1.794128
v -0.475591 1.093088 -1.707342
v -0.914364 0.895825 -1.270822
v -0.406388 1.581392 -1.702301
v -0.252148 0.862261 -1.897880
v -0.844513 2.060618 -1.326443
v -0.276715 1.037584 -1.972626
v -0.378212 1.439405 -1.883186
v -0.421749 1.467343 -1.768885
v -1.142819 1.546525 -1.033438
v -0.526516 1.680432 -1.384934
v -1.088815 1.140938 -1.088449
v 0.070787 1.044529 -2.039671
v -0.435840 1.220416 -1.413640
v -1.100737 1.292744 -1.004145
v -1.055215 1.219525 -1.062507
v -1.115588 0.731616 -1.068573
v -0.823243 1.512686 -1.371253
v -1.113349 1.801715 -0.989216
v -0.880995 1.789861 -1.300785
v -0.446793 1.463135 -1.620472
v -0.734627 0.907077 -1.200694
v -0.453423 1.533016 -1.563601
v -0.703385 1.405452 -1.327485
v -0.676505 0.989322 -1.189340
v -0.777409 0.893180 -1.323811
v -0.432612 1.525042 -1.437375
v -0.470260 1.378245 -1.513417
v -1.164293 0.958830 -1.224372
v -0.835328 0.894560 -1.245890
v -0.522514 0.780534 -1.411734
v -1.047481 1.269311 -1.091701
v -0.423106 1.569455 -1.620537
v -0.745721 1.694694 -1.406973
v -0.709581 1.873768 -1.378767
v -0.428691 1.324090 -1.437144
v -0.505857 1.503789 -1.359652
v 1.501832 4.962110 -0.265682
v 1.138066 4.386979 -0.279504
v 1.189376 4.517280 -0.193209
v 1.304788 4.724239 -0.298239
v 1.486569 4.992061 -0.203132
v 1.473912 5.018673 -0.057822
v 1.316024 4.647139 -0.427099
v 1.349196 4.702429 -0.459154
v 1.262028 4.514780 -0.479048
v 1.148584 4.505220 -0.156233
v 1.229221 4.610060 -0.086875
v 1.342885 4.853443 -0.103894
v 1.319668 4.829003 0.086296
v 1.324038 4.754891 -0.094201
v 1.204352 4.480613 -0.399026
v 1.292364 4.712317 -0.234061
v 1.359436 4.681664 -0.530739
v 1.345350 4.614116 -0.548750
v 1.260851 4.466060 -0.554356
v 1.279664 4.503489 -0.598982
v 1.151483 4.321519 -0.365223
v 1.292823 4.667066 -0.181912
v 1.567120 5.062224 -0.038965
v 1.263407 4.512058 -0.532170
v 1.408703 4.833699 -0.393758
v 1.278375 4.696910 -0.123666
v 1.160173 4.348894 -0.410706
v 1.465376 4.917507 -0.336800
v 1.481447 4.781504 -0.520143
v 1.360621 4.668316 -0.484733
v 1.286538 4.641445 -0.256196
v 1.211254 4.432732 -0.343926
v 1.248131 4.693114 0.053045
v 1.105089 4.242665 -0.454093
v 1.426142 4.795568 -0.461123
v 1.527218 5.073346 0.083837
v 1.373368 4.787564 -0.316250
v 1.171112 4.420299 -0.321623
v 1.238418 4.522311 -0.313699
v 1.398718 4.881679 -0.200587
v 1.202089 4.702628 0.138006
v 1.288998 4.748793 -0.014479
v 1.198068 4.341156 -0.523306
v 1.200883 4.433304 -0.468160
v 1.351588 4.737823 -0.346740
v 1.324135 4.792931 0.046266
v 0.610391 3.643498 -0.982058
v 0.601023 3.612785 -0.706334
v 0.591481 3.906868 -0.483399
v 0.613599 3.898239 -0.568559
v 0.590672 3.807951 -0.921419
v 0.602507 3.726049 -0.868541
v 0.633237 3.938032 -0.555526
v 0.649505 3.952554 -0.674405
v 0.627762 3.720842 -0.701300
v 0.482450 3.422680 -0.575325
v 0.488805 3.534100 -0.416137
v 0.548389 3.500710 -0.984558
v 0.350212 3.939839 -0.348426
v 0.645639 3.694589 -1.032620
v 0.547858 3.972244 -0.444916
v 0.580528 4.049520 -0.491243
v 0.329560 4.095662 -0.374136
v 0.550284 3.685091 -0.967321
v 0.542758 3.756815 -0.954780
v 0.575884 3.958027 -0.518165
v 0.414065 4.072793 -0.399247
v 0.640078 3.866779 -0.666084
v 0.617458 3.855702 -0.522069
v 0.611608 3.254950 -0.895161
v 0.610440 3.748583 -1.068053
v 0.573985 3.803286 -1.028546
v 0.544213 3.707777 -0.461804
v 0.553508 3.780440 -0.442719
v 0.623830 3.667542 -1.106869
v 0.764202 3.742843 -1.216714
v 0.547514 3.750176 -0.856494
v 0.396967 3.276012 -0.611649
v 0.498181 3.392310 -0.708218
v 0.621206 3.692050 -0.782113
v 0.326534 3.208091 -0.767222
v 0.456504 3.326073 -0.642704
v 0.513058 3.434321 -0.616913
v 0.722962 3.630608 -1.131986
v 0.558817 3.501381 -0.761794
v 0.562939 3.627063 -0.596301
v 0.583547 3.561421 -1.044069
v 1.008388 4.034639 -0.430196
v 0.615032 3.778145 -0.763218
v 0.573405 4.011862 -0.543707
v 0.647787 3.836348 -0.764051
v 0.594070 3.657022 -0.726826
v 0.384273 4.125141 -0.404512
v 0.582365 3.744588 -0.574346
v 0.369944 3.375326 -0.492115
v 0.558644 3.750587 -0.802489
v 0.575245 3.489535 -1.044948
v 0.422679 3.273245 -0.839647
v 0.476179 3.285503 -0.902738
v 0.515744 3.557144 -0.550958
v 0.661632 4.112181 -0.750331
v 0.570930 3.810032 -0.778354
v 0.564958 3.879212 -0.859079
v 0.592253 3.881926 -0.811288
v 0.623149 3.876597 -1.044138
v 0.617300 3.989892 -0.621501
v 0.623569 4.076993 -0.634809
v 0.560338 3.889229 -0.969609
v 0.604797 3.942499 -0.991820
v 0.589238 3.812693 -0.889012
v 0.474463 3.329656 -0.819650
v 0.172411 4.160710 -0.234741
v 0.640259 4.018410 -0.774186
v 0.627005 3.943498 -0.954091
v 0.693393 4.009971 -0.961358
v 0.570743 3.946387 -0.842227
v 0.576593 3.387866 -0.977852
v 0.516810 3.412169 -0.958605
v 0.620058 3.992026 -0.823358
v 0.337170 3.340458 -0.503533
v 0.635645 3.841226 -1.190325
v 0.649295 4.042202 -0.872183
v 0.585952 3.974927 -0.894540
v 0.318900 3.216812 -0.690461
v 0.453296 3.387469 -0.496192
v 0.520193 3.814988 -0.431663
v 0.480937 3.785067 -0.368416
v 0.424250 3.603988 -0.396925
v 0.576504 3.489017 -0.833594
v 0.337900 3.258624 -0.636238
v 0.894067 3.991973 -0.783792
v 0.705336 4.114003 -0.770702
v 0.479934 3.365469 -0.891078
v 0.779532 4.104672 -0.663431
v 0.383916 3.240519 -0.750854
v 0.950637 3.988916 -0.499146
v 0.917275 3.935448 -0.828294
v 0.806977 4.035539 -0.890082
v 0.950338 4.001738 -0.626008
v 0.863769 4.052226 -0.483161
v 1.065116 4.093604 -0.426023
v 0.736194 4.121992 -0.450442
v 0.688179 4.116527 -0.573282
v 0.857014 4.057478 -0.752001
v 0.636554 3.976536 -0.918664
v 0.859980 3.999283 -0.923002
v 0.722211 3.935699 -1.044203
v 0.653823 3.943337 -0.772704
v 0.476317 3.915925 -0.407000
v 0.679599 3.762351 -1.216791
v 0.647389 3.739405 -1.170336
v 0.800923 3.853774 -1.109044
v 0.410630 3.463457 -0.421387
v 0.423371 3.365294 -0.488054
v 0.667349 3.684778 -1.171371
v 0.583092 3.571140 -0.871387
v 0.616834 3.645458 -0.898201
v 0.442270 3.975591 -0.443306
v 0.625875 4.109643 -0.487785
v 0.545496 4.129433 -0.454578
v 0.190982 4.186819 -0.219874
v 0.551300 3.465675 -0.703658
v 0.622324 3.961115 -0.817587
v -0.826253 0.608846 2.070660
v -0.871775 0.558229 2.082753
v -0.669285 0.411881 2.152498
v -0.321766 0.186771 2.388170
v -0.087023 0.290117 2.315295
v -0.306195 0.841953 1.933511
v -0.622525 0.704920 2.062829
v -1.430091 0.182762 1.695103
v -1.282907 0.436801 1.744515
v -0.303335 0.766797 1.995487
v -0.354874 0.711674 2.160156
v -1.509988 0.295446 1.470575
v -0.281441 0.605035 2.263453
v -0.748571 0.056805 2.271757
v -0.486514 0.308771 2.194543
v -0.654928 0.292503 2.132167
v -0.890521 0.467751 2.038723
v -0.517966 0.219086 2.266405
v -0.534726 0.191368 2.310768
v -0.290123 0.269741 2.291026
v -0.025450 0.598387 2.324295
v -0.140583 0.501986 2.296042
v -0.175611 0.360151 2.268203
v -0.384670 0.231008 2.304270
v -0.698928 0.760775 1.883199
v -0.519735 0.777019 1.910128
v -0.783321 0.481808 2.111305
v -0.388935 0.877377 1.939597
v 0.411014 0.317865 2.402451
v -0.076626 0.342137 2.276265
v -0.971154 0.150767 2.145033
v -0.688269 0.687494 2.050806
v -0.825131 0.721401 1.876665
v -0.632525 0.723414 1.930127
v -0.031134 0.494607 2.315892
v 0.248506 0.345263 2.392838
v -0.356991 0.656117 2.176612
v -0.819873 0.618817 2.029895
v -0.870012 0.666873 1.990584
v 0.448917 0.239439 2.460759
v -0.734887 0.164542 2.239256
v 0.471958 0.032228 2.544801
v -0.736733 0.269192 2.123649
v -0.905088 0.191406 2.112030
v -1.098032 0.477036 1.916569
v -1.009503 0.555835 1.953179
v -0.455642 0.741275 1.984376
v -0.420734 0.724557 2.113175
v -0.047719 0.218148 2.397892
v 0.000034 0.320633 2.342153
v 0.102310 0.261569 2.414670
v -0.587418 0.456415 2.178683
v -1.496006 0.457345 1.558455
v -1.180181 0.150356 1.981191
v -1.378871 0.427928 1.658550
v -0.449869 0.687684 2.146230
v -0.461772 0.823147 1.936619
v 0.367232 0.181969 2.525279
v -0.198571 0.722003 2.181566
v -0.804617 0.163872 2.225620
v -1.224821 0.607314 1.797436
v -0.403385 0.389736 2.239023
v -0.217303 0.778704 2.027231
v -0.420069 0.607322 2.225096
v -1.149245 0.435772 1.855049
v -0.200906 0.859554 2.117256
v -0.395031 0.264664 2.270816
v -1.209613 0.356438 1.810801
v -1.386657 0.467850 1.671751
v -0.686859 0.456972 2.113695
v -0.137539 0.208863 2.420873
v -1.205872 0.287785 1.793432
v -1.238171 0.491725 1.801945
v -0.564564 0.604524 2.181665
v -0.612754 0.515174 2.179231
v -0.378614 0.778719 1.933064
v -0.573943 0.404875 2.200654
v -1.197656 0.306286 1.783304
v -0.605721 0.045172 2.348094
v -1.011153 0.208634 2.023778
v -1.084554 0.263246 1.909054
v -1.039436 0.300721 1.907993
v -1.120716 0.284568 1.835678
v -1.534012 0.213467 1.517752
v -0.274050 0.500316 2.255708
v -0.450749 0.481282 2.218302
v -0.170731 0.743394 2.141570
v -0.166396 0.802252 2.104949
v -1.476964 0.344630 1.564219
v 0.480431 0.194379 2.506947
v -0.276265 0.043480 2.450121
v -1.162673 0.274864 1.834188
v -0.525287 0.152932 2.348646
v -0.794138 0.312377 2.051529
v -0.883348 0.328431 1.998984
v -0.900235 0.270442 2.035119
v -0.318874 0.917681 1.997806
v -0.310727 0.944407 2.099002
v -0.095726 0.164832 2.462098
v -0.035731 0.393982 2.314080
v 0.095657 0.402954 2.369223
v -1.269852 0.169528 1.876993
v -0.973572 0.380962 1.997921
v -0.764888 0.398091 2.127371
v -0.879838 0.391688 2.049024
v -1.016194 0.712536 1.837498
v -0.642046 0.337251 2.122782
v -0.365190 0.327128 2.206777
v 0.164111 0.474512 2.361682
v -0.942979 0.756635 1.846628
v -0.512097 0.353984 2.179463
v -1.348240 0.322043 1.647509
v -1.351397 0.396178 1.710269
v 0.272410 0.424291 2.409438
v -0.584425 0.650629 2.120352
v -0.456979 0.624901 2.172991
v -0.434812 0.216882 2.323394
v -0.184696 0.236893 2.341173
v -0.268307 0.227890 2.346182
v -0.990676 0.696763 1.941741
v -1.357012 0.144501 1.816505
v -1.332638 0.034904 1.878686
v 0.084143 0.187838 2.504183
v -1.047413 0.429689 1.929372
v -0.171956 0.432158 2.304597
v -0.928508 0.677126 1.892669
v 0.162640 0.192748 2.503484
v 1.104709 4.418165 0.719216
v 1.302715 4.502742 0.984744
v 1.391015 4.493618 0.994846
v 1.274854 4.269407 1.041009
v 1.439154 5.022004 0.431874
v 1.423025 5.016287 0.387321
v 1.155547 4.511784 0.821631
v 1.340093 4.840910 0.710354
v 1.160204 4.539066 0.867125
v 1.482847 4.976708 0.593747
v 1.412356 4.974391 0.533134
v 1.371598 4.920930 0.586228
v 1.364378 4.881359 0.670082
v 1.396182 4.620709 0.944479
v 1.528470 5.077919 0.309142
v 1.335889 4.726206 0.857350
v 1.414595 4.849158 0.755554
v 1.205850 4.616387 0.832351
v 1.318066 4.844562 0.638105
v 1.320157 4.816684 0.668907
v 1.290049 4.850866 0.495382
v 1.349008 4.929018 0.266063
v 1.245723 4.708901 0.796758
v 1.171068 4.572471 0.472616
v 1.359094 4.914877 0.056947
v 1.261459 4.705402 0.710987
v 1.026919 4.183793 0.945082
v 1.395739 4.984903 0.331035
v 1.322664 4.820847 0.194491
v 1.202479 4.491872 0.952631
v 1.222247 4.615046 0.881489
v 1.312786 4.865357 0.301766
v 1.344114 4.905722 0.521568
v 1.087033 4.497810 0.510085
v 1.137606 4.515694 0.562549
v 1.310557 4.824749 0.287571
v 1.389506 4.949036 0.295329
v 1.440487 5.015707 0.209472
v 1.252944 4.694280 0.564616
v 1.122815 4.518797 0.796872
v 1.421784 4.997939 0.172552
v 1.291662 4.787945 0.728179
v 1.128256 4.458399 0.863808
v 1.139069 4.320817 1.003265
v 1.058762 4.305594 0.958738
v 1.210020 4.642260 0.384160
v 1.282558 4.747734 0.467282
v 1.201794 4.639485 0.503734
v 1.274294 4.783104 0.323347
v 1.222441 4.692077 0.612952
v 1.140079 4.551972 0.736369
v 1.489980 5.060905 0.117840
v 1.192978 4.575734 0.645091
v 1.184306 4.612294 0.566822
v 1.128615 4.499411 0.661127
v 1.231474 4.736047 0.650081
v 1.175047 4.635125 0.733314
v 0.887409 3.952691 0.901436
v 1.082707 4.356928 0.942570
v 1.294468 4.821655 0.421099
v 0.912011 4.122358 0.778217
v 0.976406 4.218767 0.724407
v 1.314718 4.820420 0.588646
v 1.002164 4.320695 0.658415
v 0.968076 4.243924 0.772877
v 1.029516 4.342719 0.818294
v 1.388986 4.918285 -0.032987
v 1.399201 4.940811 0.136724
v 1.064198 4.418438 0.763485
v 1.293710 4.759724 0.790948
v 1.460047 5.052840 0.295740
v 0.987820 4.221702 0.850154
v 1.283741 4.796795 0.201847
v 1.262797 4.743503 0.411467
v 1.233994 4.717538 0.188698
v 1.042612 4.467791 -0.271783
v 0.590471 4.690324 -0.125130
v 0.838019 4.579156 -0.274581
v 0.955203 4.519155 -0.254115
v 0.557801 4.619803 -0.236507
v 1.071891 4.490020 -0.175064
v 0.504121 4.789135 0.027638
v 0.423856 4.785857 -0.057915
v 0.425905 4.812621 0.061365
v 0.959549 4.755036 -0.029248
v 0.612370 4.704625 -0.067335
v 0.564364 4.764039 -0.014678
v 0.366135 4.809824 0.055122
v 0.912312 4.602109 -0.160524
v 0.897092 4.552666 -0.306443
v 0.687845 4.788944 -0.112363
v 0.669200 4.830329 -0.016346
v 0.601161 4.823598 0.007546
v 0.623338 4.775367 -0.087096
v 0.701848 4.821563 -0.049539
v 1.127126 4.544495 -0.079071
v 1.172120 4.601103 -0.034767
v 0.859146 4.683150 -0.189623
v 0.803793 4.581336 -0.314558
v 1.064969 4.599555 -0.087051
v 1.040550 4.656836 -0.150565
v 0.951174 4.465443 -0.327883
v 0.864799 4.469819 -0.312327
v 1.107917 4.626641 -0.086997
v 0.814508 4.673599 -0.157468
v 0.717757 4.726274 -0.168411
v 0.921894 4.721350 -0.143344
v 0.898750 4.520741 -0.330887
v 0.919369 4.651820 -0.150901
v 0.859719 4.600135 -0.251524
v 0.803052 4.803801 -0.104977
v 0.804631 4.740781 -0.182303
v 1.031966 4.723911 -0.071144
v 0.881502 4.762995 -0.087633
v 0.778762 4.817294 -0.002070
v 0.677121 4.713338 -0.104710
v 1.011785 4.494517 -0.270125
v 0.878817 4.766928 -0.115758
v 1.029292 4.485744 -0.229449
v 0.989310 4.747657 -0.088328
v 0.494209 4.761859 -0.062121
v 0.949599 4.679080 -0.179057
v 0.756747 4.649654 -0.172540
v 1.026779 4.571557 -0.109462
v 0.660404 4.612599 -0.271692
v 0.691792 4.609953 -0.240378
v 1.090447 4.391537 -0.263140
v 0.733314 4.561509 -0.341248
v 1.024657 4.351196 -0.275802
v 1.123320 4.440004 -0.212133
v 0.714637 4.659336 -0.226240
v 1.008284 4.547559 -0.203492
v 1.073205 4.670351 -0.077164
v 1.074733 4.704892 0.394117
v 1.210798 4.648633 0.012294
v 1.040823 4.734797 0.005641
v 1.108598 4.697467 0.003363
v 1.131432 4.729263 0.124708
v 1.134596 4.809023 0.096829
v 1.139842 4.760357 0.204075
v 1.008596 4.762721 0.335835
v 1.109153 4.703588 0.234667
v 1.140220 4.793830 0.267887
v 1.098452 4.759999 0.293534
v 1.102319 4.700790 0.333108
v 1.150057 4.714794 0.207095
v 1.189542 4.671548 0.226636
v 1.171146 4.679103 0.081749
v 1.159129 4.644235 0.305084
v -1.620999 0.540704 -1.383841
v -1.865862 0.373712 -0.905382
v -1.644847 0.667056 -1.049066
v -1.781323 0.498563 -1.123787
v -1.491992 0.502413 -1.603688
v -1.288123 0.691077 -1.031684
v -1.694229 0.329697 -1.212946
v -1.682010 0.381229 -1.311674
v -1.432864 0.459533 -1.617316
v -1.824526 0.254571 -0.945114
v -1.757735 0.371174 -1.155779
v -1.835855 0.319512 -0.841317
v -1.869612 0.209557 -0.987208
v -1.809552 0.365243 -1.036793
v -1.641911 0.137663 -1.591801
v -1.720622 0.146918 -1.464554
v -1.845074 0.046247 -1.338682
v -1.346941 0.704150 -0.910178
v -1.825311 0.278065 -0.883633
v -1.784503 0.240865 -1.087929
v -1.851675 0.180315 -1.036823
v -1.748168 0.284324 -1.073058
v -1.727822 0.054114 -1.538941
v -1.750520 0.591458 -1.150099
v -1.686247 0.597320 -1.273631
v -1.809137 0.656803 -0.792114
v -1.235733 0.783621 -0.988006
v -1.612227 0.283234 -1.362364
v -1.890953 0.171281 -0.961226
v -1.863424 0.618459 -0.730494
v -1.876187 0.616180 -0.800766
v -1.763869 0.582547 -1.118672
v -1.789636 0.402962 -1.002588
v -1.660356 0.483630 -1.362226
v -1.854204 0.587814 -0.926060
v -1.593406 0.517057 -1.465754
v -1.882154 0.632981 -0.606001
v -1.755562 0.445857 -1.125901
v -1.709779 0.259366 -1.217576
v -1.930684 0.572210 -0.690724
v -1.735061 0.541733 -1.160503
v -1.645486 0.428438 -1.352467
v -1.656646 0.249799 -1.306159
v -1.738985 0.188570 -1.334055
v -1.679549 0.655736 -0.867505
v -1.000587 0.710760 -1.461746
v -1.893833 0.302993 -0.776813
v -1.848153 0.187511 -1.113300
v -1.777424 0.144082 -1.384091
v -1.863482 0.513680 -0.911823
v -1.754626 0.213483 -1.165337
v -1.760871 0.202063 -1.222493
v -1.581810 0.388494 -1.486045
v -1.453992 0.686556 -0.728580
v -1.403149 0.692800 -0.829399
v -1.439645 0.289317 -1.598394
v -1.506684 0.446391 -1.541255
v -1.478055 0.403595 -1.607787
v -1.853758 0.133471 -1.250944
v -1.790321 0.159397 -1.297071
v -1.972904 0.145226 -0.965374
v -1.821355 0.349448 -0.955175
v -1.920865 0.119833 -1.135810
v -1.816414 0.486710 -1.013342
v -1.965867 0.128996 -0.999432
v -2.027383 0.061128 -0.987029
v -1.767536 0.285346 -1.017414
v -1.973532 0.131611 -0.904918
v -2.066459 0.116669 -0.796259
v -1.684898 0.544790 -1.301932
v -1.191230 0.723947 -1.064866
v -1.414236 0.682066 -0.999434
v -1.897705 0.472622 -0.774263
v -1.657284 0.213140 -1.437710
v -1.570692 0.231900 -1.529634
v -1.634054 0.252879 -1.366378
v -1.068100 0.763603 -1.233991
v -1.849726 0.419893 -0.861950
v -1.509888 0.315503 -1.508672
v -1.980054 0.059390 -1.094035
v -1.868849 0.236482 -0.876370
v -1.658830 0.629437 -1.226111
v -1.921356 0.146948 -1.027243
v -2.120921 0.067935 -0.809145
v -2.032416 0.094929 -0.894198
v -1.868335 0.242862 -0.835011
v -2.023785 0.125474 -0.878772
v -1.954630 0.176343 -0.863963
v -1.957097 0.170892 -0.835932
v -1.581874 0.433660 -1.432115
v -1.787760 0.620723 -0.995865
v -1.769886 0.648837 -0.891134
v 0.958686 4.932883 -0.008728
v 0.958978 5.089858 0.142113
v 1.045745 4.849928 0.000076
v 0.961206 4.804251 -0.012606
v 0.999774 5.081350 0.208324
v 0.824459 5.031854 0.155617
v 1.004548 4.957810 0.343850
v 1.135861 4.878073 0.226039
v 1.065009 4.951705 0.308776
v 1.051597 5.056331 0.180265
v 0.857712 4.809740 0.007953
v 1.079597 4.888227 0.289294
v 1.083274 4.842701 0.331765
v 0.819022 4.886893 -0.025737
v 1.072532 4.947283 0.055639
v 0.977835 4.976144 0.006497
v 0.903622 4.840834 -0.048849
v 0.784299 4.860997 0.056756
v 0.993249 4.858550 -0.043349
v 0.711645 4.837983 0.070289
v 1.097884 4.968956 0.139353
v 0.894762 4.924246 -0.033561
v 0.741303 4.914023 0.074828
v 0.878562 5.028118 0.057670
v 0.739624 4.975717 0.168884
v 0.846054 4.964732 0.027565
v 0.772344 4.955737 0.037605
v 1.010582 5.046238 0.075382
v -2.076577 0.135872 0.404320
v -2.102526 0.094197 0.463594
v -1.882498 0.114040 1.146092
v -1.937824 0.245751 0.329211
v -1.924513 0.105441 0.968613
v -1.892266 0.206744 0.768231
v -2.129495 0.072768 0.518894
v -1.657680 0.285506 1.249457
v -1.666826 0.244028 1.250291
v -1.742209 0.326327 1.126833
v -1.784503 0.230124 1.018850
v -1.895435 0.117866 1.058403
v -2.134160 0.157522 0.178605
v -2.024460 0.117851 0.651675
v -2.090936 0.068469 0.616488
v -1.869423 0.277532 0.690410
v -1.905916 0.068438 1.125537
v -1.901898 0.247908 0.508691
v -1.978095 0.073180 0.989435
v -2.057729 0.185567 0.202988
v -2.149736 0.094654 0.229251
v -1.906206 0.279560 0.434228
v -1.885738 0.190507 0.868914
v -1.944371 0.174170 0.593521
v -2.043796 0.095515 0.730182
v -2.110482 0.104991 0.360857
v -2.081031 0.118697 0.492972
v -2.028806 0.178172 0.258663
v -1.943890 0.210327 0.537633
v -1.680140 0.192298 1.334780
v -1.624886 0.145302 1.512448
v -1.940481 0.129568 0.932741
v -1.956426 0.205722 0.458288
v -1.683025 0.059382 1.497193
v -2.031210 0.137252 0.517254
v -1.832749 0.137915 1.136929
v -2.047802 0.088700 0.658920
v -2.178592 0.080124 0.276873
v -1.964077 0.177174 0.513532
v -1.624436 0.039348 1.539198
v -2.047002 0.133288 0.281186
v -2.023246 0.150081 0.378242
v -1.958912 0.142496 0.776349
v -1.685608 0.272577 1.172633
v -1.854683 0.192573 0.907701
v -1.790869 0.273415 0.971027
v -2.112175 0.134530 0.254639
v -1.929067 0.248038 0.423968
v -1.490632 0.163277 1.664903
v -1.754981 0.198328 1.163544
v -1.815274 0.121175 1.251480
v 0.497471 4.617950 -0.209570
v 0.599548 4.416236 -0.427058
v 0.492732 4.397162 -0.402503
v 0.301843 4.659061 -0.047126
v 0.509974 4.344175 -0.437099
v 0.317865 4.677281 0.018570
v 0.315116 4.747215 0.040258
v 0.234985 4.596636 -0.073933
v 0.159591 4.470787 -0.059227
v 0.444436 4.734858 -0.156079
v 0.582874 4.638464 -0.187499
v 0.258472 4.143405 -0.328590
v 0.412993 4.341606 -0.356768
v 0.282518 4.236811 -0.333275
v 0.246637 4.453703 -0.250169
v 0.181844 4.214513 -0.222526
v 0.266335 4.511204 -0.209335
v 0.608666 4.423417 -0.384652
v 0.191278 4.295920 -0.209979
v 0.644170 4.401119 -0.408157
v 0.175301 4.505754 -0.103436
v 0.287605 4.299503 -0.350486
v 0.229606 4.561448 -0.043867
v 0.923521 4.409985 -0.306640
v 0.183259 4.390218 -0.204597
v 0.665102 4.473889 -0.339327
v 1.037029 4.180903 -0.345335
v 0.869856 4.220536 -0.399833
v 0.720413 4.211052 -0.417101
v 0.753757 4.343199 -0.411751
v 0.368215 4.401150 -0.283982
v 0.619808 4.191583 -0.458760
v 0.659832 4.229234 -0.453907
v 0.479187 4.175491 -0.468268
v 0.605701 4.313606 -0.463223
v 1.010287 4.333136 -0.312665
v 0.386009 4.235934 -0.438189
v 0.142892 4.333921 -0.165756
v 0.751912 4.490195 -0.315978
v 0.478424 4.423638 -0.343289
v 0.896626 4.086674 -0.412097
v 0.413794 4.510480 -0.247972
v 0.547257 4.564947 -0.233540
v 0.288378 4.638617 -0.157952
v 1.064780 4.164194 -0.385930
v 0.381847 4.629606 -0.219842
v 0.132524 4.263804 -0.126184
v 1.075443 4.283854 -0.301113
v 0.848672 4.401493 -0.360294
v 0.913956 4.304489 -0.377539
v 0.291020 4.389699 -0.298584
v 0.272148 4.555266 -0.167860
v 0.274752 4.401919 -0.243922
v 0.366266 4.473584 -0.245739
v 0.323394 4.548931 -0.232336
v 0.543814 4.475772 -0.332688
v 0.625071 4.564672 -0.298468
v 0.623555 4.506059 -0.294896
v 0.114725 4.425452 -0.020620
v 0.356279 4.233060 -0.391835
v 0.316356 4.319118 -0.360298
v 0.371748 4.782662 -0.047130
v 0.298400 4.695210 0.073562
v 0.210258 4.369667 -0.212656
v 0.844633 4.273661 -0.402470
v 1.007080 4.108416 -0.369241
v 0.842460 4.980078 0.300661
v 0.795340 4.948983 0.322690
v 0.959486 4.916684 0.347258
v 0.427229 4.791947 0.121680
v 0.470809 4.810121 0.089172
v 0.652499 4.846445 0.068549
v 0.735495 4.861005 0.192994
v 0.627504 4.851750 0.203011
v 0.538678 4.818041 0.131028
v 0.688607 4.832616 0.351604
v 0.504062 4.791955 0.150465
v 0.602117 4.782365 0.365937
v 0.537244 4.828927 0.190095
v 1.393088 4.337543 1.008802
v 1.527898 4.657811 0.896567
v 1.474945 4.473699 0.943933
v 1.561226 4.576686 0.782009
v 0.965773 3.311704 0.363957
v 1.126456 3.673572 -0.005390
v 1.031558 3.321553 0.063846
v 1.166274 3.864164 0.455311
v 1.111406 3.592257 0.142314
v 0.878163 3.127987 0.011366
v 0.926902 3.386883 -0.319763
v 1.106669 3.668929 0.109426
v 1.091831 3.724052 0.306794
v 1.199235 3.857814 0.235513
v 0.869031 3.239894 -0.279122
v 0.855146 3.464081 -0.383056
v 1.077360 3.586287 0.355143
v 0.942098 3.238110 -0.167050
v 1.098019 3.541471 0.002215
v 0.848397 3.103669 -0.151782
v 0.955401 3.994847 0.908358
v 1.365860 4.059346 0.224318
v 1.207582 4.055656 1.012035
v 1.117391 3.786912 0.700356
v 1.211300 3.882894 0.829057
v 1.279987 3.972260 0.594561
v 1.312880 4.045525 0.897554
v 1.234560 3.954338 0.963849
v 1.417201 4.277777 0.895892
v 1.109778 3.795237 0.926555
v 1.125687 4.042704 0.996974
v 0.988940 3.565476 0.503563
v 1.038614 3.657373 0.445710
v 0.941190 3.645404 0.668482
v 0.863227 3.300871 0.512965
v 0.753508 3.474510 0.682913
v 0.822720 3.471430 0.605010
v 0.910614 3.676476 0.823263
v 0.952967 4.847687 0.383980
v 0.954826 4.891993 0.386190
v 0.837706 4.852612 0.336429
v 0.811236 4.902848 0.353927
v 0.685713 4.846872 0.206689
v 0.795188 4.815564 0.328355
v 0.725935 4.907894 0.245577
v 1.482645 4.335827 0.554147
v 1.544454 4.498687 0.669308
v 1.555945 4.804761 0.805495
v 1.577178 4.926068 0.665337
v 1.631581 4.844028 0.722780
v 1.571209 5.032021 0.462332
v 1.617281 4.744585 0.757950
v -1.346405 1.671444 1.536546
v -1.090556 0.906055 1.647069
v -1.316204 1.563997 1.767449
v -1.356677 1.467976 1.722520
v -1.063196 1.879730 1.612848
v -1.049170 0.860408 1.780528
v -1.073147 0.962985 1.756615
v -1.249292 0.751795 1.582354
v -1.080583 1.260803 1.788075
v -1.244357 0.718810 1.309432
v -1.225899 0.716850 1.398404
v -1.301863 1.686195 1.607957
v -1.041000 0.773216 1.782906
v -1.362279 0.634231 1.595905
v -1.546391 0.580283 1.407134
v -1.385580 1.644656 1.585080
v -1.312234 1.675294 1.683835
v -0.396345 0.995261 1.990247
v -0.743622 1.199819 2.036951
v -1.109874 1.539763 1.755583
v -1.006227 0.933026 1.889643
v -1.347815 0.591039 1.697710
v -0.851940 1.772526 1.562559
v -1.459289 1.291715 1.308992
v -1.377645 1.668486 1.454414
v -1.641997 0.801573 0.947209
v -0.947279 1.518387 1.832325
v -1.281766 1.820910 1.338916
v -1.460831 1.589526 1.356590
v -1.218954 1.587689 1.742146
v -1.161512 1.481500 1.773212
v -1.239364 0.825106 1.571812
v -0.817246 1.474273 1.949777
v -1.389245 1.282773 1.438594
v -0.942175 1.261040 2.010159
v -1.665962 1.062252 1.143832
v -0.637241 0.796839 1.900951
v -1.715953 0.749927 0.667868
v -1.050441 1.988465 1.515130
v -1.599704 1.211337 1.104262
v -1.428844 1.628374 1.319359
v -1.223463 0.996709 1.278583
v -1.323085 0.961308 1.279389
v -1.122651 1.521490 1.815935
v -1.286936 1.337880 1.654685
v -1.332949 1.454948 1.638391
v -1.711889 0.627584 0.823235
v -1.104606 0.663405 1.815247
v -1.583202 1.278977 1.142350
v -1.238517 0.881379 1.449076
v -0.943629 1.324365 1.986195
v -1.645274 0.939536 1.214544
v -1.621199 1.135610 1.207622
v -1.554980 1.176507 1.237055
v -1.110157 0.977781 1.525369
v -1.090777 1.463433 1.889778
v -1.062951 0.690009 1.875510
v -1.467086 1.220561 1.324562
v -1.585288 0.802595 1.050351
v -1.592862 0.919777 1.235390
v -1.395456 1.578252 1.593230
v -1.477514 1.211337 1.232940
v -1.084909 0.955689 1.638633
v -1.044825 1.050620 1.633592
v -0.417725 1.544497 1.936083
v -1.126849 0.958411 1.353776
v -1.258613 0.665959 1.575112
v -1.247376 0.656010 1.665792
v -1.098498 1.102807 1.429001
v -0.671054 1.608447 1.885154
v -0.783505 0.913594 1.982870
v -1.655539 0.948531 1.092404
v -1.104480 0.740025 1.817548
v -0.627217 1.450725 1.996355
v -1.027261 1.449764 1.948217
v -1.097555 0.928315 1.574230
v -1.149768 0.918146 1.661744
v -1.454478 1.298843 1.224119
v -0.897368 1.197608 2.010058
v -1.165057 1.216955 1.449563
v -1.505437 0.806681 1.200402
v -1.005861 1.241990 1.942943
v -1.214727 0.810759 1.632244
v -1.240758 1.302959 1.562680
v -1.089578 1.126332 1.491015
v -1.588328 1.051870 1.237607
v -1.183123 0.808335 1.782969
v -1.617399 1.214554 1.066872
v -1.565151 0.618894 1.363394
v -1.338174 1.485494 1.205421
v -1.042033 1.177155 1.834751
v -1.678801 0.745925 0.905299
v -1.004141 1.097715 1.924064
v -1.594815 0.865013 1.048330
v -1.458347 1.116491 1.252694
v -1.485300 0.943180 1.238337
v -1.378922 0.660790 1.253229
v -1.390913 1.526209 1.458768
v -1.464311 1.457090 1.403490
v -1.456791 1.160400 1.317009
v -1.242034 0.821737 1.281233
v -1.524011 1.300070 1.197620
v -1.196442 1.117771 1.383837
v -1.263504 0.772689 1.405263
v -1.460851 1.358463 1.284025
v -0.409906 1.352875 2.016897
v -1.687770 0.626166 1.136642
v -1.520844 0.659128 1.080941
v -1.239116 0.829741 1.347541
v -1.054423 1.035755 1.561390
v -0.974149 1.799245 1.591056
v -1.602717 0.635382 1.036781
v -1.010085 1.535334 1.730634
v -1.278939 1.304392 1.467376
v -1.396465 1.586378 1.482074
v -1.525900 1.092066 1.245179
v -1.225131 0.799058 1.718210
v -1.012134 1.399498 1.920455
v -1.204734 0.707665 1.774482
v -1.539623 1.335883 1.128268
v -1.303193 0.716706 1.247954
v -1.403661 0.754463 1.231624
v -1.252468 1.668417 1.747389
v -1.234528 1.741485 1.652209
v -1.106244 1.755374 1.675026
v -1.036417 0.998699 1.822310
v -0.958001 0.964746 1.947860
v -1.223058 0.786708 1.476013
v -1.372822 1.504026 1.308901
v -1.584844 0.699477 0.984362
v -1.650163 1.086029 1.058484
v -1.619769 1.156466 1.044500
v -1.606044 1.220233 1.194099
v -1.422193 1.456290 1.457781
v -1.314818 1.750671 1.322289
v -1.445234 1.525424 1.355867
v -1.410221 1.406488 1.310398
v -1.385175 0.640170 1.383551
v -1.184430 0.869846 1.505635
v -1.080848 0.899263 1.742299
v -1.185996 0.888050 1.700965
v -1.421093 1.333566 1.324768
v -0.689215 1.297127 2.042126
v -0.847380 0.784360 1.890288
v -1.371886 1.592225 1.297960
v -1.190002 0.651086 1.764212
v -0.634044 1.735150 1.686324
v -0.732088 1.678671 1.750685
v -0.918027 1.616946 1.715165
v -1.356820 1.424181 1.176543
v -1.298772 1.587994 1.291548
v -1.411971 1.413357 1.122382
v -1.348939 1.604163 1.743722
v -1.476373 1.411481 1.189745
v -1.447688 1.348591 1.238202
v -0.947002 1.952187 1.550861
v -0.932734 2.022236 1.481222
v -1.214706 0.675632 1.699073
v -0.832540 1.612113 1.799404
v -1.171126 0.875151 1.342170
v -1.439936 1.638810 1.422909
v -1.349310 1.087424 1.307911
v -1.046039 1.138438 1.713022
v -1.163297 1.258654 1.676967
v -1.334446 1.453782 1.219137
v -1.381243 1.445473 1.272359
v -1.139971 0.921972 1.458500
v -1.113828 1.003646 1.457150
v -1.221762 1.889357 1.396229
v -0.450382 1.274952 2.010597
v -0.950584 1.611786 1.656370
v -0.915997 1.094064 1.997614
v -1.467886 0.634742 1.255372
v -1.575184 0.637021 1.290084
v -0.675102 0.988865 1.995793
v -1.370906 1.484785 1.507792
v -1.364701 1.700541 1.385410
v -1.219662 1.448278 1.740642
v -1.445494 1.541798 1.433812
v -1.110869 1.428351 1.831319
v -1.455518 0.601803 1.557319
v -1.474790 0.720090 1.150225
v -1.158278 1.366307 1.758192
v -1.172936 1.432704 1.797428
v -1.118925 0.803990 1.805594
v -1.056577 1.686538 1.668028
v -1.254000 0.665776 1.366684
v -1.205083 0.904729 1.399292
v -1.598125 0.834246 1.158964
v -1.144082 1.369829 1.852379
v -1.092693 1.382620 1.907607
v -1.212464 0.882820 1.559909
v -1.235009 0.695003 1.593372
v -1.443855 0.641603 1.465632
v -1.397352 1.206527 1.369638
v -0.924518 1.940059 1.525010
v -1.683423 0.791892 0.755874
v -1.048209 1.066499 1.861573
v -1.440498 1.372009 1.383654
v -1.275603 1.381622 1.745157
v -1.371560 1.642446 1.312671
v -1.013307 1.289291 1.979235
v -1.025203 1.352844 1.979824
v -0.466909 1.711084 1.778115
v -1.061157 0.949911 1.694809
v -0.857888 1.389923 1.989470
v -1.610686 0.985137 1.031322
v -1.202874 1.715589 1.250136
v -0.399376 1.185571 2.014478
v -1.198169 0.760340 1.613307
v -0.390132 2.121503 -0.737072
v -0.347704 2.058300 -0.847373
v -0.812237 2.195394 -0.237304
v -0.832377 2.164924 -0.159581
v -0.291751 2.044404 0.760514
v -0.687980 2.068584 -0.572241
v -0.189776 2.197551 -0.705356
v -0.148182 2.196774 0.712961
v -0.831935 2.015512 -0.126701
v -0.741859 1.623807 0.078232
v -0.818528 1.808721 0.229953
v -0.466685 2.400920 0.281694
v -0.322719 1.874660 0.738346
v -0.256860 2.824100 -0.405773
v -0.260742 2.748075 -0.383652
v -0.356444 2.354328 -0.506029
v -0.638398 2.351553 0.046854
v -0.625650 2.428195 0.032585
v -0.842670 2.076337 0.278792
v -0.363143 2.723468 -0.243602
v -0.844292 2.101836 0.117547
v -0.799014 1.742125 -0.016277
v -0.718117 1.658043 -0.029576
v -0.765931 2.275070 -0.206652
v -0.554305 2.038122 0.612218
v -0.676371 2.028044 0.501391
v -0.704910 2.211791 0.128924
v -0.135311 2.854509 -0.489017
v -0.224519 2.807299 -0.426587
v -0.205247 2.771798 -0.503699
v -0.388254 2.070131 0.667280
v -0.010752 3.032241 -0.436986
v -0.590849 2.066549 -0.647194
v -0.427118 2.337397 -0.424383
v 0.305055 3.185282 -0.435868
v -0.786866 2.057904 -0.203745
v -0.301946 2.282290 -0.577175
v 0.176430 3.144971 -0.280423
v -0.716419 2.198786 -0.338212
v -0.375927 2.695514 -0.116118
v -0.154503 2.258826 0.623550
v -0.332275 2.086917 0.593746
v -0.546694 2.063949 0.485004
v -0.193550 2.911393 -0.365996
v -0.386093 2.494692 -0.261372
v -0.796904 2.269125 0.023701
v -0.745520 2.358795 -0.002739
v -0.875044 2.084981 0.080954
v -0.716297 2.401019 -0.276747
v -0.493184 1.998032 -0.758041
v -0.541198 1.965062 -0.687315
v -0.404671 1.886941 0.675083
v -0.459188 1.978235 0.706310
v -0.466407 2.452925 -0.241306
v -0.193149 2.117570 0.705819
v -0.339531 2.172677 0.544516
v -0.630282 1.701113 -0.537686
v -0.639360 1.640906 -0.592723
v -0.552786 2.251866 -0.442125
v -0.634353 2.278897 -0.329213
v -0.385570 2.738950 -0.022427
v -0.382009 2.741101 0.023807
v -0.401359 2.418987 -0.389958
v -0.506779 2.426297 0.088480
v -0.704101 1.606175 -0.113571
v -0.719091 1.565727 0.010639
v -0.643997 1.790204 -0.667349
v -0.419405 2.456683 0.300959
v -0.794111 1.870155 0.327642
v -0.086564 2.593982 -0.656767
v -0.287043 2.805599 -0.389552
v -0.364132 2.742084 -0.081708
v 0.280031 3.181791 -0.336294
v -0.754712 2.393671 -0.214280
v -0.820057 2.302643 -0.158108
v -0.354399 2.699943 -0.196913
v -0.297630 2.210457 0.602576
v -0.597930 2.490400 -0.271673
v -0.620845 2.542229 -0.168553
v -0.250941 2.672477 -0.533937
v -0.483186 2.399037 0.206241
v 0.364671 3.369136 -0.371600
v -0.635625 2.393335 -0.322083
v -0.514635 2.509465 -0.116450
v -0.513648 2.366022 -0.326382
v -0.456705 2.127686 -0.583760
v -0.579902 2.144274 -0.503150
v -0.583411 2.127228 -0.591224
v -0.252106 2.849897 -0.262220
v -0.789034 1.837955 -0.118061
v -0.471674 2.540659 -0.093037
v -0.328013 2.553512 -0.258294
v -0.344278 2.640948 -0.190989
v -0.274273 2.549776 -0.406002
v -0.611300 2.200898 0.329866
v -0.433752 2.543594 -0.174841
v -0.759588 2.392138 -0.105981
v -0.734069 2.338548 -0.067929
v -0.499486 2.529750 0.026563
v -0.330393 2.745918 -0.303048
v -0.400017 2.359847 -0.451445
v -0.028913 3.034513 -0.286339
v -0.405506 2.513658 0.192651
v -0.275039 2.387504 -0.540360
v -0.345561 2.126672 -0.669947
v 0.183291 3.145863 -0.540063
v 0.070052 3.089719 -0.523840
v -0.316675 2.665647 -0.253653
v 0.022042 3.066195 -0.379564
v 0.186011 3.158144 -0.405315
v -0.549492 2.482419 -0.037006
v 0.189640 3.167063 -0.328268
v 0.345181 3.304264 -0.459120
v -0.718249 2.396232 0.018977
v -0.717337 2.101074 -0.510181
v -0.678779 2.133403 -0.526088
v -0.744836 2.157568 -0.411290
v -0.221520 2.471952 -0.510154
v -0.253287 2.418994 -0.511163
v -0.733568 2.580512 -0.143690
v -0.413820 2.064285 -0.776240
v -0.180313 2.669413 -0.564258
v -0.266858 2.623484 -0.495760
v -0.162316 2.581023 -0.598174
v -0.402964 2.245478 -0.509763
v -0.484884 2.335453 0.374161
v -0.417106 2.682631 0.144376
v -0.424234 2.042742 0.699860
v -0.201292 2.884239 -0.414264
v -0.167471 2.946481 -0.307976
v 0.136292 3.122072 -0.360204
v -0.786192 1.912799 -0.349973
v -0.887182 2.038503 0.057468
v -0.800344 2.231794 -0.050331
v -0.790359 1.808949 -0.252191
v -0.109553 2.980762 -0.293516
v -0.393888 2.315450 0.460894
v -0.286075 2.793943 -0.193563
v -0.690418 2.555974 -0.072508
v 0.016068 3.071790 -0.480386
v -0.268789 2.873102 -0.091765
v -0.418348 2.873231 -0.000060
v -0.234336 2.072952 0.749392
v -0.397356 2.399609 -0.430712
v -0.794911 2.449876 -0.065173
v -0.365303 2.226809 0.554776
v 0.331740 3.246259 -0.383827
v -0.198753 2.445866 -0.577409
v -0.391377 2.499273 0.244078
v -0.732755 1.706625 -0.145804
v 0.083847 3.089338 -0.493666
v -0.474985 2.371579 0.338485
v -0.519110 2.490088 0.065418
v -0.364144 2.410655 -0.414919
v -0.394858 2.438525 -0.347361
v -0.293727 2.222311 -0.622402
v -0.730236 1.790494 -0.129562
v -0.210783 2.878103 -0.206072
v -0.327979 2.772995 -0.216756
v -0.393612 2.560105 -0.174874
v -0.444516 2.490606 -0.186151
v 0.126717 3.118634 -0.462430
v 0.247105 3.162535 -0.454293
v -0.420902 2.575908 0.173032
v -0.339283 2.255426 0.565030
v -0.493074 2.334470 0.313660
v -0.408469 2.396803 0.359329
v -0.380769 2.358383 0.439159
v -0.458911 2.574612 -0.075183
v -0.308469 2.462621 -0.410031
v -0.850255 2.456973 -0.220773
v -0.345898 2.818955 0.012767
v -0.241501 2.839560 -0.142938
v -0.506159 2.082877 -0.702401
v -0.827186 2.535216 -0.199836
v -0.827138 2.524902 -0.113859
v -0.305798 2.772530 -0.288803
v -0.848273 1.906349 0.444710
v -0.826997 2.176519 0.132755
v -0.862495 1.919766 0.159519
v -0.257531 2.119201 -0.735582
v -0.615218 1.800480 -0.584472
v -0.547509 2.436711 0.022743
v -0.859028 2.211311 -0.149631
v -0.873516 2.158231 -0.056294
v -0.893133 2.012394 -0.006301
v -0.790065 2.151699 -0.271651
v -0.772662 1.908842 0.515523
v -0.596627 1.883503 0.547989
v -0.820490 2.180125 0.066011
v 0.127536 3.048799 -0.574695
v -0.618259 1.979417 -0.600181
v -0.269907 2.330658 -0.619278
v -0.724476 1.978776 0.510045
v -0.523562 2.066617 0.560710
v -0.657756 1.933686 0.558858
v -0.349340 2.460708 -0.402914
v -0.859515 2.454625 -0.139503
v -0.841866 2.108872 -0.177673
v -0.204404 2.933042 -0.145413
v -0.825503 1.885767 0.163464
v -0.677152 1.922937 -0.557142
v -0.876453 2.086864 0.200792
v -0.874432 1.974347 0.229590
v -0.475172 2.460189 0.217564
v 0.254226 3.131593 -0.556532
v -0.425818 2.743547 0.064015
v -0.731073 2.492245 -0.289683
v -0.442787 2.486047 0.132544
v -0.734807 2.109108 0.246616
v -0.811214 2.310442 -0.107261
v -0.679429 2.231093 0.205119
v -0.647627 2.073089 0.386903
v -0.827549 1.794763 0.036233
v -0.263298 2.693143 -0.458727
v -0.066316 2.996832 -0.487030
v -0.163636 2.912239 -0.457384
v -0.792420 2.377327 -0.163155
v -0.741699 2.561378 -0.228983
v -0.895774 1.963896 0.315067
v -0.407338 2.666714 0.007725
v -0.444447 2.596506 0.080065
v -0.784696 1.952743 -0.111141
v -0.812691 1.933739 -0.017195
v -0.817276 1.892003 -0.115533
v -0.707237 2.056562 -0.472521
v -0.758957 2.099389 -0.248342
v -0.180416 2.179172 0.719725
v -0.830058 2.204298 0.018705
v -0.657542 2.180948 -0.385391
v 0.373616 3.447791 -0.413198
v -0.245242 2.260465 0.609251
v -0.255271 2.314063 0.528817
v -0.072360 2.988942 -0.416422
v -0.148525 2.943135 -0.351149
v -0.780724 2.164772 0.190169
v -0.756649 2.222708 0.080402
v 0.342067 3.243530 -0.277558
v 0.316259 3.297418 -0.254996
v -0.417033 2.268751 0.494370
v -0.114663 2.988774 -0.186986
v -0.468774 2.218538 0.431843
v -0.304162 2.793723 -0.059625
v -0.718754 1.771985 -0.474625
v -0.288470 2.165252 -0.665812
v -0.806646 1.987779 0.447359
v -0.883646 1.983526 0.373748
v -0.353229 2.549075 0.275458
v -0.728542 2.285232 -0.321060
v -0.740354 2.453184 -0.020552
v -0.718733 2.337115 -0.229202
v -1.616357 0.583568 1.364720
v -1.638780 0.512239 1.341575
v -1.495499 0.413596 1.534487
v -1.666874 0.361294 1.320480
v -1.697774 0.401034 1.237614
v -1.592761 0.592701 1.318819
v -1.576879 0.496772 1.462527
v -2.193907 0.212049 0.015924
v -1.972827 0.430512 0.129006
v -1.974872 0.501857 0.221512
v -1.969948 0.451437 0.420921
v -2.012826 0.331869 0.178715
v -1.986177 0.365464 0.333884
v -1.993861 0.457650 0.251623
v -1.937628 0.414968 0.479806
v -2.039057 0.334507 0.132114
v -1.964544 0.546657 0.390716
v -1.910060 0.597267 0.087708
v -1.651839 0.629673 0.246866
v -1.734790 0.626707 0.369383
v -2.141460 0.389873 -0.042294
v -1.647028 0.641725 0.112434
v -1.794742 0.629063 -0.047445
v -1.919505 0.611042 0.004286
v -2.054998 0.439576 0.114168
v -2.112892 0.307491 0.084457
v -2.130924 0.342869 0.058805
v -2.199521 0.242489 -0.066660
v -1.977304 0.258970 0.235190
v -2.038304 0.633515 -0.024489
v -1.642027 0.649630 0.312131
v -2.067302 0.479780 0.057917
v -1.909696 0.589431 0.414131
v -1.986961 0.549005 0.171114
v -1.966023 0.407033 0.244048
v -2.093480 0.455508 -0.082984
v -1.968873 0.577874 0.247333
v -1.873287 0.604623 0.259160
v -2.076538 0.579246 0.006865
v -1.975102 0.323202 0.255028
v -2.004385 0.566889 0.061149
v -2.103592 0.538226 -0.019274
v -2.130921 0.215213 0.175417
v -1.937992 0.513184 0.489581
v -2.078920 0.355646 0.120037
v -1.921711 0.551163 0.644477
v -2.156507 0.392115 -0.159182
v -1.913737 0.735047 -0.182478
v -1.996802 0.708214 -0.199915
v -1.987538 0.681083 -0.072946
v -2.214990 0.283059 -0.431800
v -2.203075 0.402459 -0.320864
v -1.947149 0.690017 -0.487111
v -2.077044 0.505462 -0.374335
v -2.053563 0.579505 -0.365931
v -1.969840 0.317927 -0.725511
v -2.058333 0.568086 -0.450368
v -2.170073 0.067226 -0.661496
v -2.203673 0.300698 -0.323239
v -2.057515 0.645910 -0.291461
v -1.997129 0.477600 -0.653664
v -2.018551 0.615921 -0.614679
v -2.050512 0.563924 -0.597037
v -1.982641 0.563558 -0.681637
v -1.837907 0.712383 -0.272907
v -2.125282 0.358306 -0.429035
v -2.060288 0.425679 -0.478873
v -2.008184 0.470045 -0.590936
v -2.046601 0.396818 -0.641516
v -2.121127 0.453076 -0.147059
v -2.122184 0.378058 -0.213727
v -2.038030 0.620159 -0.435097
v -2.010217 0.670494 -0.504095
v -2.162381 0.361782 -0.219472
v -2.069805 0.413223 -0.565434
v -1.996490 0.209427 -0.829344
v -2.009235 0.361073 -0.707235
v -1.927852 0.390285 -0.768376
v -1.984062 0.387846 -0.748953
v -1.966195 0.662971 -0.612282
v -2.134779 0.464869 -0.437294
v -2.074219 0.404708 -0.478237
v -1.922119 0.612125 -0.672143
v -2.141746 0.335643 -0.492710
v -2.024197 0.241429 -0.728656
v -2.050644 0.190911 -0.789484
v -2.073069 0.456644 -0.429468
v -2.157306 0.358367 -0.388306
v -1.967422 0.453435 -0.756952
v -2.106811 0.505546 -0.315184
v -2.118787 0.442991 -0.222495
v -2.083058 0.638028 -0.176523
v -2.074428 0.570960 -0.501504
v -2.178820 0.472218 -0.301711
v -1.729551 0.650126 -0.515057
v -1.663022 0.691603 -0.480352
v -2.010366 0.683759 -0.362095
v -1.955309 0.731182 -0.367989
v -1.963522 0.320191 -0.767923
v -2.083711 0.527767 -0.266358
v -2.114323 0.591359 -0.194946
v -2.173928 0.411752 -0.235575
v -2.090270 0.557970 -0.346139
v -2.128829 0.196994 -0.641300
v -2.144990 0.480024 -0.372360
v -2.068033 0.513855 -0.484156
v -1.871511 0.664945 -0.486711
v -2.097692 0.453214 -0.261824
v -2.118177 0.495423 -0.144317
v -1.894253 0.399722 0.683209
v -1.685000 0.676181 0.677224
v -1.825781 0.253832 0.868977
v -1.761540 0.455203 1.123195
v -1.943432 0.346673 0.514885
v -1.690007 0.588714 1.172772
v -1.795210 0.586686 1.016235
v -1.842419 0.501140 0.942589
v -1.885361 0.440010 0.878281
v -1.807787 0.626456 0.711200
v -1.955967 0.481434 0.503245
v -1.869588 0.576791 0.837629
v -1.722861 0.618025 0.646304
v -1.773584 0.631426 0.910433
v -1.848244 0.333600 0.939922
v -1.682724 0.535428 1.292801
v -1.666323 0.669397 0.462801
v -1.713240 0.724329 0.766512
v -1.890298 0.515540 0.778712
v -1.812967 0.591870 0.896681
v -1.916508 0.454746 0.706957
v -1.861779 0.398533 0.862878
v -1.676467 0.650476 0.787511
v -1.697294 0.459830 1.294996
v -1.801470 0.420343 1.048180
v -1.743232 0.577020 1.145194
v -1.846813 0.538478 0.955370
v -1.849983 0.620624 0.460848
v -1.857777 0.602214 0.592830
v -1.908428 0.352040 0.740230
v -1.930582 0.581099 0.501850
v -2.184749 0.282670 -0.369001
v -2.178208 0.182731 0.047236
v -2.230243 0.137991 -0.084268
v -2.225847 0.271700 -0.169886
v -2.246764 0.175329 -0.291088
v -2.183789 0.211615 -0.286791
v -2.268106 0.162705 -0.358586
v -2.239864 0.140415 -0.216852
v -2.192057 0.213628 -0.416806
v -2.164917 0.228813 -0.516319
v -2.162665 0.143838 -0.538752
v -2.214412 0.190415 -0.380445
v -2.250300 0.096430 -0.141431
v -2.265527 0.055868 -0.386727
v -2.148906 0.128150 -0.620855
v -2.281808 0.067074 -0.259735
v -2.253375 0.137076 -0.133686
v -2.199754 0.126541 -0.465535
v -2.219301 0.063841 -0.523302
v -2.157424 0.156271 -0.485134
v -2.218783 0.177090 -0.151116
v -2.251602 0.121350 -0.388036
v -2.202506 0.174491 -0.253251
v -2.214047 0.108155 0.067144
v -0.129103 2.981563 0.413104
v 0.338619 3.344071 0.618041
v -0.053016 3.036144 0.367879
v -0.078260 3.142669 0.194443
v -0.092794 3.025289 0.231630
v 0.031338 3.068977 0.438326
v 0.290894 3.230350 0.457601
v 0.230730 3.198516 0.467983
v 0.208001 3.154660 0.772029
v 0.263871 3.176180 0.781224
v 0.336224 3.289932 0.472766
v 0.194490 3.038431 0.765220
v 0.150925 3.131265 0.549403
v 0.007738 3.073673 0.491467
v -0.073759 3.023025 0.296450
v 0.149397 3.220791 0.282921
v -0.210265 2.927561 0.278789
v 0.098241 3.155705 0.339598
v 0.117670 3.066355 0.554069
v 0.099728 3.112726 0.550964
v -0.234936 2.898838 0.335863
v -0.138700 2.953236 0.368448
v 0.317410 3.440869 0.451778
v 0.302956 3.229748 0.708827
v -0.045272 3.057374 0.343724
v 0.326908 3.463975 0.550582
v 0.194474 3.079870 0.596184
v 0.175896 3.144453 0.555183
v 0.263855 3.186067 0.535811
v 0.186008 3.664165 0.483214
v 0.314117 3.513693 0.496319
v 0.234555 3.160713 0.870259
v 0.190504 3.181417 0.401913
v 0.246860 3.444811 0.422637
v 0.292670 3.302526 0.380755
v 0.057273 3.147929 0.258782
v 0.285500 3.306749 0.598981
v 0.206726 3.164395 0.695399
v 0.249790 3.148325 0.621498
v 0.194442 3.189231 0.326709
v 0.173977 2.995040 0.866041
v 0.180339 3.046321 0.915392
v 0.291903 3.329329 0.548247
v 0.122078 3.153007 0.425585
v 0.077269 3.096839 0.519057
v 0.334840 3.335640 0.673140
v 0.386145 3.477209 0.572225
v -0.090386 3.010363 0.450791
v -0.260685 3.395604 0.199142
v -0.182643 3.468876 0.269520
v -0.227608 3.439513 0.287733
v -0.235739 3.476660 0.165885
v -0.466247 3.270097 0.134888
v -0.635517 3.117475 0.353543
v -0.735990 3.204691 0.201198
v -0.292556 3.271294 -0.229308
v -0.208346 3.494528 0.247652
v -0.143279 3.435617 0.355383
v -0.323742 3.451694 0.054657
v -0.192588 3.689473 0.130361
v -0.285075 3.295634 0.220531
v -0.232586 3.514874 -0.188468
v -0.249993 3.610712 0.053529
v -0.236545 3.680463 -0.013758
v -0.176099 3.819752 0.074798
v -0.442579 3.329084 0.043393
v -0.522818 3.178391 -0.132927
v -0.471878 3.291464 -0.069595
v -0.343794 3.458898 -0.029098
v -0.347917 3.422322 -0.128300
v -0.380989 3.323596 0.135116
v -0.308373 3.497379 -0.092921
v -0.605762 3.205544 -0.023196
v -0.551779 3.274968 0.052845
v -0.384280 3.204798 -0.212706
v -0.258210 3.234535 -0.238368
v -0.615910 3.253395 0.168865
v -0.454645 3.181189 0.229267
v -0.344508 3.228079 0.206312
v -0.035108 3.367634 0.344325
v -0.070593 3.505757 0.321181
v -0.157368 3.226851 0.273394
v -0.078142 3.442455 0.339788
v -0.134849 3.306627 0.353398
v 0.024567 3.283826 0.277765
v -0.268884 3.304561 0.290828
v -0.237730 3.143287 0.224843
v 0.025400 3.113206 -0.211540
v -0.079031 3.165645 -0.222167
v -0.545482 2.943028 -0.044160
v -0.429064 2.761347 0.147973
v -0.538503 2.960866 0.376666
v -0.462389 2.850682 0.130480
v -0.577460 2.868147 0.130277
v -0.670809 3.123352 -0.021294
v -0.740279 2.829528 0.432478
v -0.402577 2.770495 0.095812
v -0.498828 2.751155 0.172391
v -0.469034 2.659274 0.189593
v -0.199286 3.006796 0.190742
v -0.287312 3.061888 0.239283
v -0.623445 2.768368 0.173623
v -0.838482 2.966759 0.248159
v -0.793886 2.844904 0.340938
v -0.558193 2.703717 0.276538
v -0.719947 2.768703 0.244773
v -0.805590 2.920609 0.194799
v -0.726712 2.915753 0.105815
v -0.403254 2.663375 0.396576
v -0.448676 2.796528 0.428056
v -0.814939 3.065554 0.264732
v -0.419578 3.039864 0.279144
v -0.283763 2.959128 0.267573
v -0.414446 2.899195 0.312116
v -0.430179 2.857337 0.386744
v -0.263561 2.997038 -0.141115
v -0.794770 2.933149 0.397078
v -0.136391 3.043684 -0.168928
v -0.759992 3.152564 0.141694
v -0.755711 3.062017 0.060236
v -0.632041 2.793517 0.467627
v -0.690086 2.754387 0.372224
v -0.157288 2.964037 0.262739
v -0.616396 3.045711 -0.090799
v -0.446877 3.048478 -0.166335
v -0.576449 2.860554 0.447060
v -0.530828 2.707056 0.407596
v -0.424094 2.629887 0.292883
v -0.716124 2.927386 0.467280
v -0.762074 3.096092 0.361153
v -0.698040 3.202739 0.263668
v -0.731160 1.821321 1.560560
v -0.748804 1.988518 1.542379
v -0.776097 1.742339 1.555770
v -1.178680 1.910893 1.291898
v -0.717527 1.850876 1.496988
v -0.613493 1.805176 1.446763
v -0.689766 1.757974 1.573817
v -0.797186 2.024149 1.562432
v -0.943391 2.081055 1.370599
v -0.748505 2.014430 1.120026
v -0.693507 2.122426 1.203618
v -0.652993 2.140622 1.295172
v -0.690604 1.999122 1.446092
v -0.949086 1.886682 1.219177
v -0.358470 2.198855 1.117654
v -0.737007 1.986941 1.480954
v -0.857596 2.069895 1.519960
v -0.361664 2.216243 1.217135
v -1.229576 1.829295 1.281194
v -0.530030 1.825758 1.482248
v -0.458118 1.849573 1.403899
v -0.311318 2.105434 1.353750
v -0.626552 1.999145 1.054675
v -0.919899 2.089517 1.179341
v -0.894959 2.151828 1.298205
v -0.950170 2.105693 1.245804
v -0.822899 2.162516 1.348871
v -0.914624 2.130445 1.394504
v -0.757953 2.130209 1.284348
v -0.823643 2.125582 1.202419
v -0.675007 1.879745 1.450354
v -1.039858 2.036117 1.375530
v -0.829658 2.125986 1.445715
v -0.710245 2.085233 1.390559
v -0.846072 1.879951 1.602799
v -0.793579 1.879371 1.618133
v -1.095584 1.982984 1.323823
v -1.062532 1.941865 1.274969
v -0.515837 1.992193 1.409536
v -0.543433 2.144922 1.325634
v -0.948201 2.005343 1.238430
v -0.775566 2.075399 1.169871
v -0.879437 1.963919 1.562878
v -0.549177 1.852020 1.410504
v -0.534080 2.181024 1.241839
v -0.427478 2.125025 1.357819
v 0.051872 4.134273 0.289253
v 0.028292 4.105328 0.212392
v 0.060523 4.006289 0.366844
v 0.130696 4.124904 0.361215
v -0.156037 3.536570 0.221608
v -0.072572 3.915056 0.218976
v 0.208227 4.023700 0.437562
v 0.060994 3.881987 0.405349
v 0.056343 3.602814 0.439532
v 0.122941 4.062159 0.400196
v -0.036158 3.887811 0.289052
v 0.170616 3.940959 0.434638
v 0.009116 3.758660 0.340607
v -0.063427 3.636379 0.316375
v 0.048126 4.143832 0.140914
v 0.012639 4.039251 -0.172608
v 0.152077 3.785075 0.447420
v 0.265296 3.877123 0.487485
v 0.117830 3.491944 0.440204
v 0.071964 4.168584 0.008264
v -0.026433 4.096432 -0.035487
v -0.129470 3.953492 0.021423
v 0.112509 4.119065 -0.151089
v -0.057949 4.075339 0.065885
v -0.015422 4.008378 0.290344
v -0.216746 3.454111 -0.218304
v -0.334169 3.354393 -0.193982
v -0.113796 3.503142 -0.254475
v -0.042230 3.665613 -0.237274
v -0.144168 3.822862 -0.095963
v -0.100495 3.630105 -0.195988
v -0.205679 3.585014 -0.153330
v -0.036373 3.567694 -0.261403
v 0.124468 3.607708 -0.349045
v -0.066973 3.463639 -0.296370
v -0.007382 3.483162 -0.268064
v -0.130207 3.439939 -0.299064
v -0.822697 1.461039 -0.236038
v -0.761812 1.383848 -0.302289
v -0.805207 1.187599 -0.141247
v -0.684978 1.598529 -0.200831
v -0.785411 1.348606 0.019223
v -0.830996 1.318152 0.009532
v -0.818899 1.356282 -0.249209
v -0.723154 1.444169 0.300104
v -0.774887 1.566581 -0.082440
v -0.797842 1.522801 -0.008667
v -0.750092 1.313868 0.278519
v -0.762304 1.236592 0.156133
v -0.676968 1.626346 0.305740
v -0.626122 1.551548 -0.432483
v -0.689320 1.533085 -0.363870
v -0.715466 1.504315 -0.350179
v -0.724163 1.344878 -0.349016
v -0.955307 1.176012 -0.098857
v -0.916196 1.293857 -0.371271
v -0.631870 1.560330 -0.529192
v -0.613914 1.649817 0.446331
v -0.605596 1.594603 0.426839
v -0.783670 1.339664 -0.323983
v -1.127310 1.377071 -0.468855
v -0.655613 1.523381 0.377030
v -0.788059 1.239306 0.222234
v -0.715880 1.496281 0.273602
v -0.831849 1.307838 -0.119398
v -0.715518 1.422245 0.158979
v -0.774010 1.272360 0.320301
v -0.685435 1.398598 0.381532
v -0.862804 1.150886 -0.152985
v -0.925567 1.153951 -0.196608
v -0.824801 1.163693 -0.281527
v -0.670172 1.412091 -0.405082
v -0.783892 1.513669 -0.183228
v -0.601859 1.625111 -0.520943
v -0.817385 1.486554 -0.081379
v -0.676580 1.489412 0.427383
v -0.844395 1.390327 -0.076012
v -0.705343 1.556213 -0.301399
v -1.034886 1.634106 -0.629186
v -1.089175 1.783465 -0.763396
v -1.030449 1.499543 -0.526867
v -1.208170 1.506168 -0.693275
v -1.145104 1.763386 -0.874287
v -0.648039 1.715261 0.482706
v -0.526067 1.675926 0.554128
v -0.793347 1.710756 0.252280
v -0.718777 1.810672 0.436142
v -1.083969 1.495198 -0.603185
v -0.746636 1.536294 -0.312985
v -0.766430 1.307662 0.073016
v -0.705947 1.414706 0.234121
v -0.821526 1.346540 -0.016983
v -0.869967 1.371125 -0.133033
v -0.660935 1.611778 -0.278579
v -0.709120 1.356191 -0.411675
v -0.706768 1.544923 -0.560539
v -0.776977 1.209500 0.018388
v -0.664698 1.570362 0.301497
v -0.932996 1.597973 -0.583987
v -0.899064 1.444634 -0.447322
v -0.751439 1.437819 0.107098
v -0.828149 1.273221 0.008974
v -0.672691 1.541684 0.183658
v -0.810392 1.224868 -0.268894
v -0.829077 1.444444 -0.004874
v -0.402073 1.788626 0.689639
v -0.739254 1.514576 0.067313
v -0.733228 1.465453 0.186749
v -0.732235 1.409354 -0.471675
v -0.848568 1.479838 -0.502820
v -0.996601 1.363464 -0.398397
v -0.718042 1.464828 -0.320689
v -0.752286 1.577139 -0.208988
v -0.778490 1.538917 -0.154269
v -0.742032 1.557288 -0.134766
v -0.878463 1.581141 -0.541161
v -0.788109 1.336943 -0.411555
v -0.859857 1.173283 -0.010090
v -0.796843 1.512686 -0.271221
v -0.602826 1.726559 -0.614150
v -0.781138 1.762021 -0.618960
v -1.136693 1.594580 -0.674581
v -1.093159 1.425028 -0.483164
v -0.720717 1.883495 -0.698865
v -0.636928 1.647568 -0.426451
v -0.961347 1.179412 -0.315250
v -0.845094 1.402425 -0.222750
v -0.849853 1.218122 -0.336653
v -0.893438 1.147624 -0.318282
v -0.771729 1.263952 -0.355835
v -0.938586 1.860443 -0.734810
v -0.668700 1.470934 -0.476947
v -0.838086 1.265194 -0.398321
v -0.231488 3.230670 -0.391509
v 0.151577 3.158335 -0.220235
v -0.241630 3.305323 -0.423101
v 0.015611 3.386532 -0.286732
v -0.231586 3.256322 -0.308808
v 0.244230 3.219419 -0.225180
v -0.238539 3.320013 -0.355844
v 0.007383 3.263183 -0.256497
v -0.218850 3.320196 -0.275144
v 0.150127 3.240497 -0.214867
v -0.186369 3.274069 -0.480065
v -0.079115 3.404751 -0.324553
v -0.049617 3.428649 -0.287808
v -0.148747 3.350513 -0.415806
v -0.279318 3.333597 -0.228508
v -0.194326 3.446884 -0.265657
v -0.071919 3.328368 -0.349649
v -0.099484 3.280221 -0.431909
v -0.197581 3.153891 -0.200005
v -0.168059 3.212017 -0.297906
v -0.093280 3.242326 -0.332248
v -0.153125 3.231371 -0.401704
v 0.209262 4.040250 -0.306917
v 0.155738 4.020026 -0.296205
v 0.063952 3.933458 -0.275041
v 0.170336 3.929135 -0.341467
v 0.259984 3.583573 -0.370935
v 0.385267 3.556458 -0.359057
v 0.212274 3.784312 -0.353865
v 0.342340 3.449811 -0.323473
v 0.033992 3.678046 -0.288635
v 0.408235 3.514676 -0.411323
v 0.414465 3.649307 -0.361126
v 0.113510 3.881995 -0.305463
v 0.388933 3.845564 -0.348228
v -0.149963 2.671822 0.944236
v -0.249003 2.256912 1.203670
v -0.187194 2.390629 0.552581
v -0.313802 2.422463 0.425034
v -0.251866 2.261235 0.954873
v -0.085660 2.519169 1.191156
v -0.233086 2.682753 0.546027
v -0.356149 2.560570 0.414287
v -0.094095 2.584126 1.137364
v -0.242109 2.353085 0.999010
v -0.230086 2.217951 1.281303
v -0.136461 2.327472 1.264209
v -0.172982 2.533097 0.843571
v -0.205445 2.464550 0.835351
v -0.208192 2.333265 0.901291
v -0.220297 2.861439 0.640870
v -0.215317 2.404129 1.110169
v -0.122521 2.318011 0.781494
v -0.254550 2.432685 1.020211
v -0.126106 2.502254 0.808742
v -0.237971 2.960805 0.620907
v -0.051700 2.659693 0.633189
v -0.129259 2.561821 1.076410
v -0.200526 2.492336 1.092823
v 0.067340 2.855416 1.058064
v 0.104026 2.936404 0.936426
v -0.168361 2.927531 0.457991
v -0.229621 2.067113 0.883522
v -0.044889 2.504404 0.594903
v -0.234863 2.373591 0.905437
v -0.264166 2.928560 0.447337
v -0.261144 3.006544 0.526915
v 0.028582 3.011446 0.521804
v -0.234549 2.491818 1.004695
v -0.032495 2.828484 0.641916
v -0.124888 2.625786 0.845288
v -0.175611 2.780458 0.601427
v -0.103408 2.686473 0.886150
v -0.330046 2.818932 0.664675
v -0.262658 2.774223 0.672700
v -0.212929 2.539622 0.953533
v -0.255107 2.476488 0.950223
v -0.225065 2.449548 0.462806
v -0.062853 2.788996 0.846644
v -0.378311 2.877516 0.394913
v -0.351095 2.896085 0.459899
v -0.382635 2.819748 0.599006
v -0.093695 2.371472 0.636404
v -0.121607 2.232983 0.758053
v -0.381064 2.808450 0.447963
v -0.343770 2.736199 0.507190
v -0.288022 2.462400 0.381297
v -0.293182 2.244502 1.089499
v -0.342703 2.672173 0.426691
v -0.260658 2.518613 0.495391
v -0.078206 2.369833 0.697693
v -0.104836 2.508314 0.552196
v -0.052441 2.465030 0.684950
v -0.333644 2.388288 0.392662
v -0.283574 2.720251 0.571751
v -0.106463 2.679064 0.583563
v -0.136735 2.857375 0.557885
v -0.351097 2.746726 0.605252
v -0.076804 2.840871 0.568197
v -0.143828 2.921829 0.523223
v -0.321809 2.849744 0.582041
v 0.049489 2.976547 0.670423
v -0.190304 2.592198 0.558989
v -0.360337 2.867613 0.595787
v -0.072630 2.937242 0.479287
v -0.056843 2.747450 1.014219
v -0.169350 2.284028 0.809374
v -0.163686 2.151858 0.777113
v -0.197135 2.166708 0.870068
v -0.297811 2.885825 0.569036
v -0.315950 2.987433 0.581101
v -0.340871 2.964396 0.513995
v -0.277704 2.907070 0.592855
v 0.079097 2.984605 0.793965
v 0.004519 2.933492 0.606950
v -0.192865 2.566394 1.042757
v 0.064542 2.833530 1.028279
v -0.361517 2.907878 0.555446
v -0.171515 2.426496 0.813864
v -0.373235 2.614305 0.358834
v -0.246032 2.001638 0.882225
v -0.483233 1.808088 0.951895
v -0.846330 2.052575 1.126363
v -1.070964 1.381957 1.153267
v -0.561326 1.656152 0.974472
v -0.583671 1.683580 1.085097
v -0.526935 1.669058 0.939134
v -0.410776 1.688253 0.826588
v -0.431638 1.572603 0.914251
v -0.728732 1.854551 1.108580
v -0.316931 2.058278 0.951047
v -1.082367 1.326979 0.581577
v -0.944397 1.933815 1.162500
v -0.907349 1.967471 1.124259
v -0.870230 1.774722 1.124414
v -0.404885 1.719424 0.667809
v -0.532377 1.809315 1.068448
v -0.883009 1.263304 0.416035
v -0.932940 1.201565 0.362418
v -1.164476 1.494459 1.176261
v -0.982998 1.410224 1.179812
v -0.974860 1.692491 1.241994
v -0.567492 1.577390 0.989485
v -0.431541 1.630980 0.684667
v -0.407553 1.568067 0.738685
v -0.550406 1.495495 0.614648
v -0.414060 1.796508 0.911267
v -0.440873 1.673022 0.655126
v -0.638955 1.450946 0.502670
v -0.613951 1.414058 0.581401
v -0.411962 1.456709 0.781037
v -0.318320 1.832939 0.807946
v -0.251774 1.939388 0.838293
v -0.516002 1.383756 0.733597
v -0.821696 1.205117 0.341374
v -0.861085 1.163396 0.304125
v -0.591854 1.598948 0.513890
v -0.496465 1.636782 0.627258
v -0.877863 1.502798 1.196860
v -0.331799 2.154031 1.044539
v -0.831790 1.349475 0.586513
v -0.516715 1.893291 1.020789
v -0.887978 1.712662 1.206645
v -0.324369 1.888084 0.929227
v -0.438396 1.863241 0.990363
v -0.254285 2.024256 0.803842
v -0.351001 1.529921 0.842001
v -0.381868 1.622328 0.862375
v -0.385703 1.708492 0.717578
v -0.545642 1.465003 0.668851
v -0.847687 1.600503 1.226648
v -0.458383 1.359980 0.858391
v -0.418914 1.450024 0.870402
v -0.737171 1.614576 1.130980
v -0.770206 1.672793 1.133192
v -0.847175 1.857844 1.086858
v -0.467716 1.762578 0.885584
v -0.738317 1.294452 0.340210
v -0.804254 1.406358 1.044293
v -0.899967 1.380615 1.101539
v -0.625937 1.292058 0.911803
v -0.988609 1.354849 0.902077
v -0.846108 1.298751 1.046203
v -0.410723 1.665826 0.758319
v -0.791285 1.599734 1.156027
v -0.855822 1.503393 1.152596
v -1.197563 1.428816 1.097744
v -0.544134 1.388399 0.920345
v -0.542229 1.755694 1.000066
v -0.969520 1.296563 1.090655
v -1.073179 1.310498 1.013002
v -0.737136 1.306466 1.015600
v -0.827981 1.288292 0.962618
v -0.701086 1.334641 0.472183
v -0.646757 1.356450 0.617256
v -0.708244 1.725347 1.167353
v -0.370867 1.731788 0.783579
v -0.646566 1.327056 0.846704
v -0.915001 1.353218 0.538841
v -0.555522 1.559202 0.612890
v -0.338601 1.788939 0.762056
v -0.764485 1.363235 0.571265
v -0.626012 1.357746 0.731715
v -0.362060 1.629364 0.783058
v -1.012297 1.348774 0.554064
v -0.996010 1.233208 0.453859
v -0.580615 1.570781 0.542768
v -1.026165 1.370347 0.706124
v -0.957500 1.322116 0.525046
v -0.926955 1.367412 0.765732
v 0.765367 3.647523 1.577122
v 0.540712 3.390115 1.330405
v 0.480934 3.356619 1.501058
v 0.713141 3.711154 1.758780
v 0.673693 3.809431 1.173721
v 0.758716 3.754048 1.032944
v 0.509109 3.202579 1.019017
v 0.649507 3.715339 1.257088
v 0.707698 3.365820 0.752819
v 0.723437 3.637095 1.724444
v 0.690377 3.606725 1.736665
v 0.620049 3.424373 1.492954
v 0.603814 3.373252 1.153582
v 0.676397 3.556679 1.290159
v 0.698770 3.718304 1.153001
v 0.661983 3.668693 1.229635
v 0.669095 3.814576 1.289948
v 0.760624 3.778854 1.313259
v 0.738945 3.650009 1.327832
v 0.785440 3.703736 1.422035
v 0.824946 3.991089 1.430234
v 0.750339 3.711451 1.656179
v 0.786134 3.727734 1.570697
v 0.596801 3.267550 1.034055
v 0.829567 3.875972 1.411159
v 0.681926 3.522772 1.413934
v 0.664393 3.445565 1.645767
v 0.729622 3.568190 0.966485
v 0.868058 3.848918 1.532839
v 0.846091 3.923434 1.534007
v 0.664135 3.510933 1.170571
v 0.715447 3.335404 0.647172
v 0.756000 3.513678 0.808133
v 0.664543 3.368564 1.024132
v 0.946874 3.836668 0.936369
v 0.798355 3.797081 0.971503
v 0.874516 3.743711 0.917884
v 0.805949 3.636287 0.920294
v -1.370249 1.279976 0.478994
v -1.519975 0.882256 0.171942
v -1.317035 1.037965 0.026354
v -1.702484 0.775396 0.523164
v -1.335974 1.060148 0.103226
v -1.421484 0.903387 -0.038163
v -1.231368 1.136890 0.088548
v -1.609492 0.925098 0.988216
v -1.423085 1.007260 0.116480
v -1.273707 0.988301 -0.115943
v -1.153179 1.149240 -0.033297
v -1.217688 1.070440 -0.066551
v -1.461309 0.941869 0.053696
v -0.786973 1.173611 0.209636
v -1.525792 0.927042 0.265280
v -1.139055 1.296662 0.408078
v -1.017179 1.240503 0.250513
v -1.132565 1.037500 -0.196472
v -1.043694 1.079244 -0.258986
v -0.961170 1.207678 0.125043
v -1.611852 1.149102 0.548851
v -1.434476 1.337690 0.902908
v -1.602392 1.222170 0.991707
v -1.493068 1.139116 0.405357
v -1.434618 0.999332 0.187737
v -1.681304 1.054271 0.560999
v -1.493097 1.078200 0.303904
v -1.556337 0.997433 0.314384
v -1.441955 0.884772 -0.092681
v -1.072215 1.612594 1.201731
v -1.648237 0.856879 0.387076
v -1.378471 1.500351 1.068400
v -1.306432 1.528244 1.077814
v -1.422122 1.418556 0.861872
v -1.578001 1.185518 0.937054
v -1.214886 1.680386 1.225959
v -1.008843 1.193720 0.063578
v -1.051189 1.163289 -0.107005
v -1.224864 1.525454 1.198528
v -1.339595 1.608386 0.804823
v -1.042305 1.114722 -0.166254
v -1.049778 1.154141 -0.063666
v -0.945984 1.206306 0.005173
v -1.102645 1.178116 -0.004822
v -1.400929 1.455871 1.077538
v -1.592185 0.789750 0.087701
v -1.485347 0.885824 0.014241
v -1.509479 1.451868 1.023741
v -1.603876 1.243941 0.799115
v -1.457595 1.384061 1.103878
v -1.464921 1.459522 1.096060
v -1.233710 1.284313 0.369319
v -1.450743 1.545320 0.955695
v -1.226158 1.176980 0.198994
v -1.066411 1.211513 0.168743
v -1.188048 1.194018 0.106969
v -0.906438 1.183376 0.192636
v -1.521201 1.385708 1.047427
v -0.815480 1.163182 0.124988
v -1.225785 1.325028 0.537573
v -1.319521 1.493925 1.244626
v -1.585439 0.827210 0.165477
v -1.206012 1.368564 0.864136
v -1.143905 1.324975 1.047044
v -1.343585 1.507319 1.033402
v -0.961045 1.118031 -0.291596
v -1.340306 1.430600 0.819860
v -1.361784 1.495495 0.762382
v -1.462915 1.507494 0.836426
v -1.358998 1.341501 0.623653
v -1.665078 0.853319 0.560076
v -1.115757 1.814453 1.231568
v -1.029824 1.803468 1.222954
v -1.676000 0.745079 0.346413
v -1.039685 1.112999 -0.221782
v -1.621977 0.898341 0.415618
v -1.724886 0.945208 0.656648
v -1.513820 1.306687 0.774861
v -1.138528 1.368723 0.654994
v -1.700379 1.097319 0.682709
v -1.265363 1.410666 0.872048
v -1.255268 1.462152 0.964837
v -1.145801 1.282430 0.522726
v -1.318110 1.028437 -0.026318
v -1.276942 1.211749 0.263002
v -1.702654 1.105003 0.774384
v -1.635360 1.181554 0.795836
v -1.060696 1.125517 -0.313834
v -1.577387 1.141868 1.004678
v -1.580181 1.058083 0.971554
v -1.719031 0.887760 0.812377
v -1.682413 0.803487 0.653046
v -1.566097 0.813435 0.119766
v -1.248644 1.121758 0.043637
v -1.447515 1.595754 0.847582
v -1.289457 1.468113 1.162676
v -1.480699 1.483626 0.910839
v -1.666100 1.073009 0.892796
v -1.381660 1.581903 0.931679
v -1.650964 1.163548 0.847595
v -1.505808 1.280448 0.968919
v -1.298984 1.365080 0.804004
v -1.398456 1.139955 0.323717
v -1.574344 1.243728 0.654114
v -1.624834 1.172177 0.707548
v -1.650896 1.134176 0.607674
v -1.307403 1.542431 0.805845
v -1.659459 1.171743 0.740623
v -1.494614 1.323313 1.073080
v -1.495892 1.334229 1.012123
v -1.144747 1.097944 -0.144692
v -1.583458 0.868916 0.241510
v -1.310223 1.517419 1.198778
v -1.196675 1.643863 1.201524
v -1.475627 1.390686 0.995857
v -1.652780 0.699935 0.271949
v -1.416914 1.566901 0.782224
v -1.441279 1.446913 1.018500
v 0.468946 4.028015 0.730772
v 0.697918 3.860688 1.139938
v 0.621308 4.022968 1.083131
v 0.544442 4.090372 1.000433
v 0.452935 3.890578 0.824173
v 0.769482 4.029120 0.753276
v 0.522783 3.889991 1.256585
v 0.467966 4.104040 0.897117
v 0.379873 3.815102 1.091422
v 0.400362 3.816718 1.036768
v 0.529486 4.048613 1.095062
v 0.634868 4.076323 0.862973
v 0.521765 4.103521 0.747160
v 0.629553 4.078686 0.734040
v 0.795615 3.928076 0.930425
v 0.383007 3.800085 1.408384
v 0.383560 3.632125 1.083933
v 0.377827 3.937346 1.197270
v 0.425909 4.025629 1.118795
v 0.353891 3.900153 1.301285
v 0.346889 3.855618 1.230957
v 0.435048 4.062936 0.928724
v 0.439867 4.069309 1.042842
v 0.375455 3.987185 1.049574
v 0.365521 3.892247 1.077729
v 0.328146 3.885341 1.140947
v 0.388170 3.963661 1.099449
v 0.361788 3.881438 0.959702
v 0.309347 3.734709 1.107112
v 0.313734 3.825881 1.186139
v 0.312955 3.803241 1.087951
v 0.397508 3.540427 1.356989
v 0.729024 3.946836 0.979676
v 0.722308 4.001989 0.914734
v 0.412203 3.850763 0.625466
v 0.865761 3.991881 0.873903
v 0.428018 3.993032 0.903174
v 0.473440 3.953072 0.911697
v 0.399515 3.946105 0.985581
v 0.382955 3.718975 1.044032
v 0.824106 3.968585 0.873664
v 0.817789 4.001822 0.830177
v 0.864589 4.032756 0.773301
v 0.421422 3.861969 1.367377
v 0.576189 3.904201 1.221817
v 0.449765 3.950549 1.219199
v 0.493426 3.297090 1.130593
v 0.355090 3.096908 0.987966
v 0.313274 3.332263 0.904993
v 0.920965 4.069622 0.848131
v 0.360365 3.473259 1.480701
v 0.293991 3.507556 1.187917
v 0.284185 3.390816 1.144214
v 0.365511 3.429221 1.599082
v 0.385806 3.600634 1.507726
v 0.417433 3.754231 1.466309
v 0.376366 3.392859 0.682220
v 0.377783 3.381905 1.519207
v 0.412186 3.261223 1.643851
v 0.347769 3.327941 0.804499
v 0.280409 3.166873 0.937243
v 0.416028 3.986492 0.630617
v 0.310948 3.855893 1.309260
v 0.301647 3.781522 1.324454
v 0.378287 3.703088 0.579270
v 0.318995 3.321576 0.853718
v 0.374404 3.500756 0.788971
v 0.434813 3.422421 1.339556
v 0.647936 3.793086 1.239118
v 0.376064 3.490519 1.523165
v 0.351846 3.279260 1.130405
v 0.368395 3.541944 1.445184
v 0.389808 3.472017 0.737492
v 0.260321 3.973266 0.549870
v 0.323085 3.959788 0.608763
v 0.360866 3.699848 0.505283
v 0.386108 3.189726 1.035551
v 0.297999 3.903575 0.560634
v 0.420917 3.436341 1.422949
v 0.397926 3.678748 1.370259
v 0.337095 3.753553 1.199403
v 0.392702 3.584313 1.409864
v 0.410068 3.608615 0.711073
v 0.395344 3.637880 1.404632
v 0.342112 3.518884 1.068777
v 0.385456 3.543949 1.472974
v 0.406096 3.597974 0.901004
v 0.361278 3.464020 1.035269
v 0.408954 3.639085 1.449534
v 0.404793 3.385274 1.238021
v 0.319411 3.398576 1.193100
v 0.417180 3.635990 0.611690
v 0.391079 3.809057 0.530746
v 0.411302 3.612183 1.341390
v 0.372248 3.322589 1.626750
v 0.341676 3.711245 1.341280
v 0.254051 3.298722 1.040548
v 0.332763 3.607327 1.169669
v 0.254654 3.214204 1.011859
v 0.321275 3.645130 1.254709
v 0.331484 3.828259 1.395607
v 0.341757 3.728031 1.274758
v 0.404122 3.873944 0.598913
v 0.292066 3.260027 0.804485
v 0.252963 3.234764 0.897656
v 0.398455 3.565918 0.798127
v 0.346819 3.380075 0.933194
v 0.336276 3.552327 1.287034
v 0.439627 3.728343 0.891503
v 0.458356 3.975362 0.721865
v 0.488680 3.925736 0.738827
v 0.354797 3.686752 1.132180
v 0.375498 3.537164 0.911001
v 0.459727 3.845091 0.680230
v 0.438677 3.857563 0.936687
v 0.451532 3.830287 0.793427
v 0.462733 3.847569 0.827143
v 0.337780 3.359135 0.736167
v 0.406536 3.775904 0.944035
v 0.340973 3.860475 1.019096
v 0.305405 3.354393 0.994808
v 0.422891 3.702920 0.838800
v -1.753945 0.785336 -0.180263
v -1.815310 0.747107 -0.171964
v -1.201080 1.251404 -0.425881
v -1.342595 0.726814 -0.845520
v -1.112791 1.209591 -0.330588
v -1.792647 0.699569 -0.369364
v -1.753863 0.665631 -0.451410
v -1.236304 1.189909 -0.874677
v -1.224542 1.048417 -0.982542
v -1.535305 0.729589 -0.545748
v -1.378318 0.772468 -0.804152
v -1.434697 0.859006 -0.831424
v -1.439930 0.910751 -0.686547
v -1.142850 0.904256 -1.061839
v -1.206196 0.964646 -1.048915
v -1.241340 1.245550 -0.921198
v -1.221097 1.144201 -0.990182
v -1.794896 0.653632 -0.123712
v -1.769382 0.724108 -0.115464
v -1.224634 1.002274 -0.212603
v -1.301746 1.130708 -0.895757
v -1.850728 0.677439 -0.167049
v -1.408672 0.930167 -0.986510
v -1.362263 1.067856 -0.862344
v -1.398989 0.866149 -0.946769
v -1.174337 1.405840 -0.510184
v -1.153826 1.450359 -0.558562
v -1.785075 0.749851 -0.362071
v -1.791497 0.732081 -0.321679
v -1.419880 1.055834 -0.412154
v -1.441849 0.989940 -0.456463
v -1.497031 0.971736 -0.341103
v -1.178705 1.140115 -0.301199
v -1.360155 1.049568 -0.316658
v -1.149858 1.037942 -0.273622
v -1.680137 0.692510 0.003229
v -1.653675 0.826539 -0.264175
v -1.570706 0.980091 -0.308366
v -1.548458 0.862268 -0.560484
v -1.522912 0.955331 -0.220272
v -1.561347 0.898592 -0.141759
v -1.625348 0.747030 -0.000686
v -1.626282 0.915897 -0.321454
v -1.396244 0.732989 -0.690854
v -1.480290 0.854325 -0.590084
v -1.487089 0.912596 -0.436786
v -1.353172 1.194841 -0.799555
v -1.557927 0.924915 -0.381018
v -1.184199 1.428694 -0.637107
v -1.249479 1.364035 -0.703619
v -1.542095 0.799774 -0.037020
v -1.303275 1.146968 -0.420302
v -1.583032 0.742616 0.047281
v -1.309902 1.019922 -0.250465
v -1.218186 1.359972 -0.844483
v -1.813473 0.744309 -0.284448
v -1.721587 0.741664 -0.473565
v -1.508849 0.891427 -0.523721
v -1.546945 0.859158 -0.487771
v -1.625649 0.663832 0.047010
v -1.100918 1.251153 -0.362278
v -1.179029 1.332819 -0.438719
v -1.370734 1.106101 -0.522961
v -1.593970 0.870029 -0.227985
v -1.335985 0.774992 -0.913279
v -1.483427 0.975990 -0.175154
v -1.306656 0.990230 -0.154078
v -1.676582 0.792403 -0.335058
v -1.705705 0.821203 -0.292533
v -1.427909 0.712749 -0.644676
v -1.325490 1.291753 -0.725239
v -1.606526 0.938675 -0.240304
v -1.347650 1.227940 -0.753623
v -1.466255 0.989307 -0.291521
v -1.602021 0.816004 -0.429929
v -1.324738 1.230647 -0.513974
v -1.513587 0.989307 -0.270424
v -1.586464 0.865295 -0.083128
v -1.296999 1.365186 -0.622386
v -1.194410 1.167825 -0.347253
v -1.248752 0.910362 -1.047184
v -1.597645 0.860744 -0.428300
v -1.218388 1.219494 -0.385807
v -1.315153 1.179000 -0.490121
v -1.632943 0.825266 -0.137132
v -1.721231 0.819907 -0.198912
v -1.436715 1.011498 -0.517235
v -1.345514 1.225516 -0.676897
v -1.440945 1.064677 -0.847644
v -1.460952 0.986357 -0.888137
v -1.391992 1.161223 -0.728875
v -1.410364 1.175539 -0.767706
v -1.348564 1.295252 -0.664247
v -1.452956 1.073504 -0.736428
v -1.374479 1.177247 -0.620798
v -1.412524 1.176424 -0.691459
v -1.454427 0.988583 -0.756489
v -1.443391 1.044277 -0.662000
v -1.468054 0.939605 -0.733288
v -1.394371 1.109950 -0.673130
v -1.412256 1.029024 -0.608291
v -1.468974 0.775846 -0.617453
v -1.313718 1.219425 -0.771802
v -1.256800 1.410048 -0.743411
v -1.688669 0.804081 -0.399946
v -1.257540 1.285716 -0.517065
v -1.449925 0.911940 -0.516684
v -1.454145 0.922453 -0.589821
v -1.613775 0.872209 -0.286869
v -1.330298 1.292012 -0.683864
v -1.743834 0.686213 -0.058800
v -1.279953 1.335959 -0.548233
v -1.385901 1.140321 -0.582950
v -1.311416 1.000163 -0.990268
v -1.399054 1.141342 -0.835436
v -1.322482 1.175151 -0.825616
v -1.352880 1.267710 -0.605917
v -1.339189 1.026942 -0.165560
v -1.383261 1.034314 -0.207939
v -1.289214 1.326454 -0.590418
v -1.676873 0.793272 -0.002916
v -1.227803 1.366528 -0.545386
v -1.696199 0.771531 -0.436718
v -1.537587 0.799828 -0.596231
v -1.253998 1.322787 -0.823927
v -1.566742 0.802496 -0.519364
v -1.742365 0.760584 -0.130600
v -1.780438 0.748029 -0.043354
v -1.742321 0.795040 -0.061794
v -1.660591 0.771935 -0.495883
v -1.657705 0.778841 -0.426992
v -1.546985 0.679291 -0.547226
v -1.807698 0.714403 -0.224199
v -1.701914 0.789232 -0.242219
v -1.409652 1.029191 -0.380790
v 0.464383 3.899093 1.716622
v 0.520808 4.089861 1.518431
v 0.594504 4.053422 1.816246
v 0.511721 3.976803 1.807930
v 0.603191 3.947774 1.857157
v 0.477794 4.024196 1.540587
v 0.483720 4.050755 1.602503
v 0.697929 4.064529 1.813820
v 0.595179 4.124783 1.764920
v 0.456757 3.971307 1.535457
v 0.490273 3.957547 1.636541
v 0.435012 3.864004 1.405823
v 0.424636 3.960604 1.540888
v 0.426818 3.957829 1.631613
v 0.482357 3.838832 1.830356
v 0.416645 3.894291 1.584962
v 0.400419 3.882772 1.444341
v 0.452374 3.984487 1.611210
v 0.463766 3.941866 1.403138
v 0.519631 4.003476 1.581872
v 0.494327 4.014163 1.676988
v 0.490249 3.955367 1.712386
v 0.539008 4.117776 1.679868
v 0.523976 4.125522 1.622275
v 0.531964 4.107150 1.592791
v 0.590737 4.170689 1.570649
v 0.506659 3.913692 1.815445
v 0.526864 4.053826 1.769882
v 0.588640 4.175255 1.667358
v 0.523477 3.969386 1.646618
v 0.528807 4.045685 1.719435
v 0.633693 4.153155 1.744663
v 0.822201 3.899169 1.725486
v 0.741625 3.824692 1.839029
v 0.830832 4.202957 1.728123
v 0.820832 3.828107 1.762070
v 0.793576 4.104551 1.780752
v 0.816242 4.050861 1.770627
v 0.849779 4.006114 1.683098
v 0.844378 3.806053 1.619593
v 0.856416 4.065414 1.604968
v 0.825004 4.129250 1.614738
v 0.738590 4.119591 1.784072
v 0.727325 3.957067 1.855755
v 0.855971 4.158431 1.691532
v 0.709882 3.747439 1.823794
v 0.573176 3.718754 1.814078
v 0.399800 3.397135 1.659876
v 0.425127 3.563441 1.625340
v 0.408176 3.516947 1.629331
v 0.359637 3.378703 1.573694
v 0.414662 3.571239 1.665102
v 0.480579 3.566757 1.750275
v 0.396478 3.593407 1.597920
v 0.401103 3.526484 1.581161
v 0.417050 3.447242 1.690152
v 0.366094 3.261155 1.673165
v 0.630465 3.971428 1.313357
v 0.614931 4.182291 1.484838
v 0.758566 3.953111 1.350108
v 0.784373 4.068524 1.416520
v 0.651958 4.157920 1.391037
v 0.581783 3.894695 1.281295
v 0.517857 4.116969 1.546945
v 0.513733 4.087086 1.453380
v 0.500519 4.021626 1.407594
v 0.545329 4.100381 1.439586
v 0.533074 3.961313 1.357027
v 0.618586 4.250792 1.473286
v 0.551605 4.044922 1.355576
v 0.576233 4.140051 1.425271
v 0.592563 4.216999 1.513821
v 0.700044 4.390165 1.628335
v 0.680175 4.331604 1.569308
v 0.676123 4.320566 1.640173
v 0.650450 4.291423 1.696049
v 0.621193 4.260671 1.515961
v 0.700047 4.199275 1.437185
v 0.695360 4.294373 1.491630
v 0.601698 4.230590 1.694420
v 0.758917 4.281543 1.735501
v 0.758430 4.317121 1.733213
v 0.849608 4.186232 1.617116
v 0.755293 4.390996 1.571440
v 0.825738 4.377099 1.629009
v 0.795263 4.328921 1.574651
v 0.709350 4.363378 1.701803
v 0.789795 4.409001 1.657207
v 0.831663 4.282763 1.720213
v 0.848923 4.187253 1.523729
v 0.801891 4.158317 1.495045
v 0.825035 4.283655 1.558563
v 0.761764 4.301622 1.526299
v 0.815757 4.230812 1.560540
v 0.750826 4.246759 1.770927
v 0.579823 4.239212 1.602122
v 0.612546 4.195936 1.749828
v 0.709074 4.179790 1.784792
v 0.711715 4.221032 1.756504
v 0.659537 4.237254 1.722470
v 0.634637 4.251913 1.667277
v 0.467628 3.722649 1.762681
v 0.404538 3.678725 1.657292
v 0.612415 3.798171 1.859389
v 0.563977 3.644185 1.783765
v 0.437114 3.611222 1.700338
v 0.462769 3.762648 1.802720
v 0.375837 3.736096 1.563907
v 0.435181 3.675317 1.528224
v 0.395386 3.816878 1.455903
v 0.447419 3.611809 1.560101
v 0.416764 3.654560 1.610217
v 0.383660 3.797287 1.696753
v 0.359978 3.758653 1.623347
v 0.443844 3.856198 1.778488
v 0.402729 3.815704 1.634569
v 0.372945 3.722611 1.521931
v 0.376046 3.774067 1.509691
v 0.421648 3.848781 1.715153
v 0.403797 3.900656 1.696422
v 0.379360 3.854254 1.575115
v 0.399297 3.810917 1.521619
v 0.430816 3.731439 1.700374
v 0.700546 4.622768 0.544812
v 0.660111 4.641284 0.483928
v 0.528438 4.587648 0.550987
v 0.368333 4.812255 0.114911
v 0.313250 4.765526 0.160533
v 0.342294 4.216221 0.655196
v 0.308243 4.152569 0.646152
v 0.840742 4.459611 0.682846
v 0.086021 4.182687 0.229095
v 0.117977 4.227976 0.312140
v 0.116215 4.486422 0.217557
v 0.467598 4.456028 0.560714
v 0.451953 4.704602 0.348987
v 0.644828 4.211464 0.712821
v 0.157120 4.330964 0.382352
v 0.126588 4.375727 0.325507
v 0.115368 4.462249 0.154507
v 0.059203 4.312714 0.127159
v 0.816800 4.783958 0.442483
v 0.140955 4.471313 0.268286
v 0.169887 4.531771 0.308704
v 0.833251 4.644372 0.484179
v 1.140151 4.591452 0.396984
v 1.078498 4.537069 0.448240
v 1.100692 4.607529 0.419061
v 0.900091 4.758413 0.396973
v 0.086718 4.389265 0.238291
v 0.653475 4.270993 0.729592
v 0.983971 4.479645 0.599984
v 0.969898 4.663018 0.468575
v 0.155001 4.543930 -0.009998
v 0.786273 4.703093 0.507210
v 0.154987 4.564612 0.077152
v 0.074940 4.278296 0.169473
v 1.006090 4.697574 0.450270
v 0.131144 4.307874 0.360700
v 0.071644 4.212539 0.104933
v 1.034746 4.654968 0.430101
v 1.059799 4.621182 0.458268
v 1.000422 4.589661 0.435897
v 0.929432 4.468789 0.664864
v 0.418245 4.194442 0.715661
v 0.430526 4.396469 0.669873
v 0.480543 4.179440 0.732173
v 0.305239 4.423211 0.484732
v 0.995730 4.732571 0.372317
v 0.689959 4.200083 0.716914
v 0.534012 4.676518 0.396432
v 0.575076 4.675047 0.348716
v 0.381946 4.367692 0.570331
v 0.447377 4.363987 0.702950
v 0.781494 4.744303 0.458598
v 0.729649 4.744722 0.474354
v 0.372041 4.806202 0.187495
v 0.790401 4.432580 0.658875
v 0.582136 4.661745 0.476290
v 0.446597 4.796140 0.190376
v 0.547015 4.807300 0.243695
v 0.496723 4.752543 0.239312
v 0.275673 4.277145 0.597024
v 0.422051 4.726755 0.335691
v 0.461008 4.758535 0.275459
v 0.684598 4.784599 0.395505
v 0.261335 4.402918 0.423485
v 0.849655 4.769566 0.363042
v 0.925066 4.623020 0.476560
v 0.309839 4.499548 0.416561
v 0.287012 4.302507 0.506425
v 0.826297 4.300159 0.688607
v 0.373776 4.422304 0.549982
v 0.234891 4.279478 0.542484
v 0.152707 4.177130 0.402921
v 0.294118 4.715350 0.193568
v 0.345368 4.147171 0.707516
v 0.320248 4.306006 0.564429
v 0.291158 4.354184 0.471674
v 0.555139 4.795614 0.309319
v 1.036534 4.530247 0.542319
v 0.242010 4.612835 0.344499
v 0.151949 4.410678 0.369395
v 0.475846 4.083869 0.754879
v 0.335057 4.018936 0.584993
v 0.149661 4.354885 0.335162
v 0.115270 4.267723 0.307656
v 0.639574 4.575215 0.589278
v 0.638468 4.519468 0.638794
v 0.994766 4.496796 0.561700
v 0.951839 4.228045 0.675495
v 0.572357 4.733745 0.304100
v 0.797238 4.550433 0.644235
v 0.372702 4.456630 0.521507
v 0.827906 4.576953 0.599762
v 0.142885 4.456067 0.341776
v 0.669990 4.716616 0.464141
v 0.643361 4.780169 0.421209
v 0.863890 4.602826 0.493453
v 0.955280 4.547032 0.520467
v 0.192104 4.262699 0.496940
v 0.228732 4.334470 0.491664
v 0.744367 4.816509 0.415073
v 0.775945 4.793495 0.412274
v 0.070615 4.314811 0.237107
v 0.810186 4.513484 0.683304
v 0.183037 4.317982 0.462236
v 0.168322 4.250647 0.437487
v 0.181726 4.572723 0.264227
v 0.187176 4.573660 0.338549
v 0.152450 4.203414 0.432697
v 0.926649 4.506166 0.646452
v 0.741510 4.607949 0.519878
v 0.713782 4.638571 0.439740
v 0.682612 4.086194 0.717164
v 0.396744 4.705638 0.364705
v 0.298868 4.722966 0.333821
v 0.699313 4.611417 0.483254
v 1.029878 4.393420 0.626385
v 0.100874 4.174622 0.345778
v 0.203140 4.642207 0.203034
v 0.381023 4.527281 0.405114
v 0.930146 4.763223 0.424528
v 0.289531 4.572631 0.381025
v 0.790122 4.343138 0.705870
v 0.436415 4.618278 0.453854
v 0.420221 4.556745 0.433793
v 0.216443 4.414002 0.373205
v 0.968258 4.427403 0.624847
v 0.199271 4.372434 0.415163
v 0.251682 4.135683 0.597301
v 0.257542 4.644227 0.066300
v 0.494948 4.553207 0.536624
v 0.675983 4.569650 0.620308
v 0.742358 4.561555 0.632562
v 0.723869 4.542878 0.660832
v 0.855789 4.081323 0.708007
v 0.588526 4.582739 0.594523
v 0.082608 4.324149 -0.024992
v 0.089359 4.377198 0.137487
v 0.551522 4.531192 0.592953
v 0.814251 4.110611 0.691193
v 0.330864 4.182909 0.688766
v 0.203200 4.648115 0.295506
v 0.278759 4.006464 0.520422
v 0.197136 4.064484 0.482286
v 0.634688 4.590461 0.523326
v 0.101764 4.441033 0.042573
v 0.500370 4.620283 0.499541
v 0.426463 4.626740 0.400468
v 0.945234 4.655075 0.511210
v 0.849615 4.677692 0.523441
v 0.352833 4.300654 0.661030
v 0.701198 4.153803 0.707956
v 0.396650 4.109338 0.712768
v 0.535394 4.432000 0.642748
v 0.587682 4.418980 0.645662
v 0.541171 4.273120 0.712388
v 0.852058 4.392787 0.658453
v 0.607684 4.354633 0.714954
v 0.856466 4.336338 0.665741
v 0.806707 4.382755 0.662533
v 0.355573 4.060092 0.665437
v 1.079862 4.443168 0.611204
v 1.019973 4.439342 0.626173
v 0.195635 4.570177 0.146218
v 0.156497 4.501012 0.154996
v 0.858984 4.279866 0.691325
v 0.842020 4.236735 0.683250
v 0.661702 4.678661 0.407500
v 0.779493 4.733257 0.495488
v 0.259599 4.244884 0.559099
v 0.301696 4.749380 0.235567
v 0.289598 4.719101 0.231773
v 0.730805 4.407629 0.673579
v 0.478952 4.515481 0.471675
v 0.446197 4.564421 0.484726
v 0.865059 4.713216 0.476931
v 0.737415 4.681855 0.459252
v 0.559137 4.140615 0.699771
v 0.783744 4.542375 0.597579
v 0.511654 4.622578 0.415556
v 0.540493 4.600745 0.506742
v 0.842782 4.762629 0.440966
v 0.890539 4.747276 0.469813
v 0.854152 4.589173 0.561792
v 0.910740 4.273722 0.659585
v 0.546745 4.482572 0.549459
v 0.674542 4.409848 0.685994
v 0.736566 4.343847 0.700639
v 0.497426 4.613491 0.450202
v 0.715189 4.460091 0.643352
v 0.466883 4.388831 0.645065
v 0.877390 4.782205 0.410729
v 0.220671 4.135691 0.517836
v 0.497392 4.255274 0.741688
v -1.090795 0.398762 -1.927226
v -1.316687 0.269375 -1.764036
v -1.129406 0.472896 -1.896808
v -1.394951 0.456804 -1.678762
v -1.212880 0.445590 -1.821028
v -1.017809 0.282456 -1.992568
v -1.521021 0.200531 -1.649669
v -1.541933 0.158429 -1.712597
v -1.430400 0.505447 -1.657732
v -0.975332 0.407955 -1.957380
v -1.403156 0.181412 -1.823764
v -1.035943 0.216288 -2.061919
v -1.277471 0.690200 -1.568453
v -0.959935 0.270602 -2.009019
v -0.981521 0.321990 -1.945287
v -1.264114 0.225100 -1.868388
v -1.176150 0.325306 -1.826253
v -1.169473 0.204648 -1.998375
v -1.469704 0.050432 -1.829576
v -1.467390 0.623727 -1.563608
v -1.080883 0.329689 -1.894870
v -1.290896 0.191452 -1.899744
v -1.225616 0.389713 -1.837646
v -1.555574 0.038594 -1.752164
v -1.350958 0.398792 -1.731095
v -1.325128 0.316242 -1.702552
v -1.399799 0.595857 -1.669058
v -1.121248 0.285330 -1.894006
v 0.699410 1.279243 1.028550
v 0.758855 1.802691 1.232743
v 0.777275 1.579296 1.134210
v 0.807934 1.738153 1.559027
v 0.936729 2.593205 1.087436
v 0.137560 2.489927 1.346056
v 0.087824 2.471342 1.314022
v 0.823732 2.810631 1.107671
v 0.887574 2.949050 0.267176
v 0.428695 2.879695 1.509557
v 0.526739 2.821486 1.551034
v 0.702946 3.007634 0.940414
v 0.661730 3.071729 0.929728
v 0.586941 2.669337 1.351940
v 0.524046 2.642259 1.414884
v 0.806219 2.689614 1.296145
v 0.650532 2.600409 1.431582
v 0.216462 2.659838 1.269349
v 0.661761 2.744889 1.684674
v 0.842474 2.943036 0.685812
v 0.646281 1.840714 1.581427
v 0.722075 1.935332 1.602303
v 0.773949 1.960915 1.505016
v 0.805481 2.029317 1.657984
v 0.870322 2.090264 1.502731
v 0.710701 1.880240 1.398270
v 0.856689 2.315396 0.671572
v 0.728951 3.104714 0.621168
v 0.757083 3.141068 0.449630
v 0.968476 2.775579 0.661139
v 0.990759 2.667964 0.796761
v 0.741841 1.662174 1.045168
v 0.929452 2.360312 0.565440
v 0.762014 2.868254 1.063725
v 0.749790 1.616077 1.115505
v 0.605354 2.640270 1.506109
v 0.817053 1.633969 1.210790
v 0.026444 2.593014 1.237424
v 0.660779 2.857871 1.162905
v 0.521192 0.966034 0.956026
v 0.629631 0.898973 1.144044
v 0.895090 2.663901 1.175005
v 0.717623 2.550935 1.532656
v 0.903272 2.904478 0.558326
v 0.901001 2.903785 0.454511
v 1.010454 2.570724 0.772535
v 0.916074 2.840200 0.617902
v 0.829852 2.903350 0.977235
v 0.939619 2.814854 0.478838
v 1.033182 2.694622 0.221818
v 0.656805 3.194788 0.634475
v 0.691624 3.090794 0.789302
v 0.883493 2.228051 1.519970
v 0.736516 1.846150 1.507838
v 0.872059 2.914365 0.744005
v 0.862879 2.856095 0.946293
v 0.615466 2.789759 1.614999
v 0.758145 1.733541 1.138883
v 0.845130 2.755851 1.138008
v 0.501093 2.673636 1.488733
v 0.764710 2.195272 1.075842
v 0.821585 2.377220 1.019465
v 0.916294 2.710897 1.048417
v 0.928191 2.770152 0.902160
v 0.807418 3.017399 0.709844
v 0.829670 3.014564 0.524597
v 0.709459 2.116678 0.755500
v 0.748839 2.983751 0.960700
v 0.742461 1.951203 1.365284
v 0.611478 2.099694 0.948484
v 0.755230 3.058922 0.606962
v 0.728829 2.766973 1.228744
v 0.738939 2.829978 1.183030
v 0.516897 1.812883 0.821783
v 0.897163 2.470496 1.062256
v 0.862072 2.243213 1.220153
v 0.568641 1.657539 0.834289
v 0.579281 1.550038 0.843134
v 0.729876 1.490693 1.003833
v 0.795270 1.483138 1.253236
v 1.053906 2.511081 0.375345
v 1.033420 2.597946 0.620406
v 0.822462 2.262424 0.750718
v 0.824383 2.461722 1.639551
v 0.638326 1.940318 1.116046
v 0.643602 2.001828 1.180913
v 0.604374 3.144918 0.808897
v 0.765199 2.238495 0.905505
v 0.730917 1.178855 1.385530
v 0.693644 1.827336 1.001604
v 0.683626 1.733922 0.954604
v 1.028757 2.431458 0.226079
v 1.033513 2.631274 0.360168
v 0.885485 2.471212 1.194593
v 0.856407 2.582403 1.247115
v 0.583605 3.015326 1.015399
v 0.627713 2.885573 1.146173
v 0.346077 2.886107 1.121140
v 0.187886 2.757535 1.186896
v 0.102534 2.726967 1.187918
v 0.179059 2.536009 1.374352
v 0.108382 2.578309 1.272584
v 0.221331 2.546369 1.393475
v 0.396329 2.613284 1.390835
v 0.354839 2.548739 1.463230
v 0.045682 2.819702 1.036661
v 0.055219 2.790094 1.124239
v 0.597033 1.982999 0.993992
v 0.191407 3.085023 0.850347
v 0.496276 3.075601 1.003043
v 0.370485 2.986366 1.041678
v 0.317905 3.117307 0.910251
v 0.282605 3.023361 0.968049
v 0.257203 3.066507 0.902427
v 0.266461 2.996573 1.009074
v 0.727889 2.752740 1.262929
v 0.883146 2.288334 1.356846
v 0.471344 2.675427 1.347358
v 0.661108 1.034497 1.067811
v 0.810383 2.589774 1.295007
v 0.846930 2.447733 1.371645
v 0.708976 2.916446 1.098738
v 0.760776 2.461043 1.808334
v 0.724731 2.498457 1.484144
v 0.788400 2.431237 1.487005
v 0.822584 2.171915 1.749992
v 0.681171 2.633843 1.608356
v 0.832545 2.281214 1.750012
v 0.845832 2.392336 1.458109
v 0.840369 2.389950 0.855902
v -0.013139 2.561119 1.181172
v 0.686362 1.182156 1.099163
v 0.903729 2.382556 1.267050
v 0.712312 1.332887 1.060953
v 0.573148 3.173032 0.950608
v 0.960966 2.478957 0.789925
v 0.817440 1.728274 1.396557
v 0.770877 1.768661 1.526270
v 0.934164 2.885588 0.346274
v 0.741456 3.054927 0.744413
v 0.377536 3.346282 1.937118
v 0.349139 3.175967 1.838140
v 0.350046 3.331851 1.971019
v 0.463469 3.432910 1.912879
v 0.540524 3.398241 1.943460
v 0.561433 3.402395 1.986431
v 0.461478 3.384534 1.944011
v 0.613656 3.360507 1.945223
v 0.432758 3.347974 2.022582
v 0.362982 3.388468 1.908262
v 0.501424 3.439840 1.854269
v 0.354124 3.380007 1.822020
v 0.273739 3.319204 1.788520
v 0.437547 3.562343 1.843906
v 0.321500 3.383894 1.800431
v 0.263858 3.263952 1.708776
v 0.349418 3.145917 1.796981
v 0.393232 3.141823 1.887547
v 0.503037 3.596388 1.805221
v 0.568519 3.584953 1.795326
v 0.704926 3.325616 1.925347
v 0.313242 3.341739 1.704247
v 0.338281 3.159928 1.895098
v 0.361108 3.477597 1.750789
v 0.604467 3.411047 1.929786
v 0.332673 3.470813 1.790312
v 0.706856 3.372810 1.844506
v 0.692913 3.381455 1.885446
v 0.379933 3.459919 1.846396
v 0.320942 3.413708 1.756499
v 0.696174 3.525547 1.688165
v 0.312183 3.238972 1.800176
v 0.726204 3.512107 1.772709
v 0.381831 3.058884 1.870976
v 0.318858 3.198333 1.943014
v 0.356809 3.247334 2.012164
v 0.323916 3.309966 1.877969
v 0.423244 3.565255 1.789521
v 0.637419 3.434916 1.836614
v 0.560862 3.435327 1.830562
v 0.368478 3.124755 1.979322
v 0.634678 3.589809 1.835109
v 0.704538 3.528779 1.833696
v 0.578038 3.563944 1.858195
v 0.673666 3.581873 1.752182
v 0.754401 3.423481 1.770898
v 0.408978 3.416185 1.854464
v 0.422431 3.490686 1.739810
v 0.380227 3.372276 1.691833
v 0.601140 3.337172 1.604021
v 0.215826 2.770556 1.872437
v 0.328687 2.741848 1.987330
v 0.228537 2.362004 1.529823
v 0.687247 2.852222 1.864486
v 0.258022 2.395058 1.499660
v 0.437632 2.469269 1.922525
v 0.281833 2.639660 1.841268
v 0.601495 2.728613 1.893398
v 0.319502 2.527029 1.876291
v 0.549706 2.607025 1.935052
v 0.659491 2.741832 1.772630
v 0.457174 2.742663 2.036975
v 0.701545 2.442755 1.889365
v 0.231224 2.232122 1.585668
v 0.732127 2.585353 1.718508
v 0.233900 2.495827 1.769212
v 0.205148 2.824153 1.819225
v 0.336729 2.801765 1.995689
v 0.580198 2.786618 2.006868
v 0.218241 2.521250 1.682117
v 0.334104 2.694119 1.915657
v 0.420413 2.693258 1.953874
v 0.425003 2.571509 1.926576
v 0.517170 2.678111 1.920998
v 0.553198 2.339714 1.903673
v 0.424030 2.622142 1.473954
v 0.373002 2.977256 1.617071
v 0.295107 3.100849 1.610798
v 0.426323 2.770038 1.519507
v 0.341977 2.899897 1.515883
v 0.260392 2.868002 1.780549
v 0.241548 2.893105 1.661026
v 0.179975 2.781144 1.798596
v 0.240210 2.678568 1.764279
v 0.238568 2.708458 1.686180
v 0.277988 2.925663 1.688730
v 0.168691 2.832912 1.673623
v 0.253910 2.784636 1.571219
v 0.229007 2.890772 1.594443
v 0.292039 2.860554 1.512765
v 0.234434 2.499212 1.594669
v 0.262182 2.727981 1.640079
v 0.326670 2.921813 1.583920
v 0.528014 2.048733 1.764619
v 0.196702 2.252986 1.358739
v 0.437728 2.085583 1.739606
v 0.356431 2.015108 1.552683
v 0.248908 2.150700 1.350971
v 0.276711 2.106943 1.463703
v 0.714680 2.238106 1.854212
v 0.292802 2.022616 1.407040
v 0.442742 2.196766 1.822773
v 0.362006 1.963301 1.562114
v 0.628690 2.067173 1.800985
v 0.320980 2.220382 1.755027
v 0.320266 2.074560 1.545447
v 0.256719 2.231398 1.440221
v 0.603615 1.903910 1.613334
v 0.301576 1.907409 1.556380
v 0.725060 2.053475 1.757208
v 0.470889 1.880187 1.625640
v 0.512446 1.948391 1.648381
v 0.176430 2.130727 1.295253
v 0.097442 2.255044 1.317520
v 0.228381 2.982844 1.770170
v 0.231740 3.081380 1.686928
v 0.271299 3.164296 1.753132
v 0.337423 2.999126 1.871880
v 0.295703 2.929871 1.911286
v 0.281587 3.033179 1.831137
v 0.284927 2.547924 1.538095
v 0.318515 2.735345 1.553128
v 0.040264 2.429789 1.320036
v 0.272068 2.483966 1.478810
v 0.236411 2.353558 1.446243
v 0.148325 2.319010 1.396378
v 0.183595 2.452574 1.435957
v -0.033746 2.424773 1.256145
v -0.005487 2.268217 1.324635
v 0.116991 2.297909 1.332285
v 0.362503 2.840665 1.970136
v 0.456212 3.213625 2.123273
v 0.518281 3.232576 2.157024
v 0.471322 3.263633 1.616232
v 0.553232 3.183193 1.616147
v 0.687109 2.922164 1.726878
v 0.433357 2.899637 2.005862
v 0.418595 2.951909 2.057858
v 0.330724 3.018741 1.936857
v 0.359234 3.269189 2.097048
v 0.457448 3.375303 2.116938
v 0.510498 3.324594 2.148617
v 0.501745 2.971851 1.566217
v 0.289073 3.180815 1.632455
v 0.326237 2.897084 1.994255
v 0.557599 3.164609 2.140683
v 0.396239 3.337843 2.018100
v 0.500327 2.883439 1.990507
v 0.424685 2.823711 2.008267
v 0.701713 3.332911 1.688596
v 0.437891 3.126706 2.173015
v 0.631322 3.328855 2.036243
v 0.351941 3.308456 2.049976
v 0.559791 2.953068 1.962777
v 0.668337 2.960196 1.671817
v 0.482603 3.206726 2.123027
v 0.576438 2.883050 1.964181
v 0.416014 3.065204 2.056445
v 0.396262 3.133400 2.014025
v 0.605329 2.974832 1.842347
v 0.730836 3.321278 1.801709
v 0.623419 3.278322 2.143322
v 0.670945 2.898273 1.649657
v 0.601227 2.994903 1.697967
v 0.660175 3.229847 2.100221
v 0.633043 2.865098 1.951248
v 0.666219 3.123863 1.775511
v 0.687680 2.916805 1.807611
v 0.582346 2.898281 1.556027
v 0.531139 3.025594 1.628413
v 0.523373 2.972994 2.057413
v 0.381052 3.071645 1.974966
v 0.461064 3.395870 1.994066
v 0.526870 3.352876 2.048762
v 0.381471 3.133964 2.109443
v 0.553816 3.370051 2.074880
v 0.627557 3.108434 2.063622
v 0.649855 3.349956 1.996559
v 0.471239 3.382027 2.071767
v 0.618775 3.131318 1.662127
v 0.413282 3.244079 2.097401
v 0.396098 3.174785 2.039955
v 0.376623 3.027652 2.056701
v 0.422669 3.020715 2.085136
v 0.607281 3.348081 2.131996
v 0.598163 3.120860 2.111324
v 1.176038 1.772671 -1.474929
v 1.181741 1.710283 -1.610599
v 1.118795 1.694923 -1.719465
v 1.194435 1.606266 -1.689296
v 0.885495 1.882207 -1.672612
v 1.223930 1.541325 -1.604953
v 0.712930 2.049206 -1.603057
v 0.814587 1.854390 -1.728052
v 1.205192 1.357273 -1.730622
v 1.198872 1.256191 -1.531210
v 1.102338 1.002716 -1.379746
v 1.019679 0.746809 -1.385597
v 1.131243 0.876661 -1.567609
v 1.095983 0.780701 -1.847009
v 1.173369 0.936006 -1.721685
v 1.085752 0.785519 -1.582096
v 1.197434 1.675012 -1.397215
v 0.673269 2.038366 -1.604344
v 0.645981 1.963248 -1.764336
v 0.903170 1.655131 -1.862970
v 0.877961 1.738497 -1.806998
v 0.765635 1.987589 -1.605177
v 0.766626 1.921275 -1.722562
v 0.819296 1.897804 -1.647865
v 1.058529 1.571254 -1.834127
v 0.538803 2.107141 -1.434404
v 0.596003 2.076276 -1.528348
v 0.579410 2.002743 -1.713970
v 1.148913 1.327513 -1.829781
v 0.958179 1.764156 -1.766220
v 1.192879 1.117695 -1.759009
v 1.092581 0.753784 -1.686831
v 0.947079 1.918165 -1.575121
v 1.095784 1.768272 -1.660811
v 1.210778 1.188742 -1.652051
v 1.406461 0.356469 -1.798328
v 1.260038 0.655728 -1.412566
v 1.219946 0.682950 -1.440728
v 1.129673 0.696946 -1.582924
v 1.440273 0.512254 -1.736081
v 1.357160 0.649637 -1.852209
v 1.285976 0.661362 -1.559563
v 1.364153 0.657283 -1.704749
v 1.406956 0.473254 -1.586236
v 1.359527 0.623940 -1.536965
v 1.215108 0.677279 -1.717369
v 1.396037 -0.014036 -1.791847
v 1.200376 0.662925 -1.552296
v 1.388940 0.211280 -1.527231
v 1.348596 0.348968 -1.208882
v 1.355622 0.196674 -1.456400
v 1.313817 0.649874 -1.474095
v 1.379673 0.574123 -1.417410
v 1.284665 0.646420 -1.210290
v 1.042682 0.744278 -1.486207
v 1.322467 0.175748 -1.115857
v 1.168872 0.659182 -1.146597
v 1.302543 0.581960 -0.843188
v 1.356446 0.517857 -1.290769
v 1.082387 0.701147 -1.377650
v 0.765559 1.582597 0.530083
v 0.765728 1.635829 0.341747
v 0.732193 1.868760 0.402079
v 0.804700 2.053780 0.431422
v 0.794534 2.137535 0.128423
v 0.844840 2.201355 0.581132
v 0.606326 1.705893 0.633337
v 0.532830 1.694123 0.743998
v 0.757831 1.667228 -0.260547
v 0.786225 1.546113 0.347138
v 0.788981 1.500526 0.223616
v 0.741062 1.641668 0.041015
v 0.596175 1.108410 0.954911
v 0.980982 2.354480 0.069876
v 0.744448 1.703644 -0.184428
v 0.872934 2.242169 0.092798
v 0.566399 1.363570 0.857802
v 0.580455 1.470301 0.750519
v 0.654750 1.066399 0.704186
v 0.735944 1.663905 -0.099856
v 0.746786 1.237782 0.377283
v 0.496487 1.881391 0.798547
v 0.628792 1.656335 0.655592
v 0.718564 1.189764 0.636154
v 0.713856 1.380409 0.584554
v 0.708692 1.663592 0.145153
v 0.557885 1.675133 0.688036
v 0.674404 1.637948 0.677455
v 0.770512 1.872785 -0.101996
v 0.805347 1.606251 0.235996
v 0.783055 1.620453 0.118424
v 0.758870 0.946480 -0.016607
v 0.858627 2.220009 0.356018
v 0.705010 1.422558 0.297840
v 0.801992 1.137820 -0.006800
v 0.834809 1.582170 0.043630
v 0.508656 1.773967 0.758425
v 0.741323 1.624226 0.183220
v 0.820056 1.553743 -0.022468
v 0.707277 1.654978 0.538559
v 0.689163 1.038415 0.542740
v 0.775490 1.023451 0.119136
v 0.546795 1.225943 0.853198
v 0.839450 1.562342 -0.241319
v 0.829847 1.533382 0.158481
v 0.827041 1.373785 0.141010
v 0.694395 1.579715 0.665075
v 0.799859 1.395229 0.221806
v 0.715300 1.648536 0.417519
v 0.699555 1.650702 0.311573
v 0.841691 1.628373 -0.319020
v 0.849102 1.646715 -0.421461
v 0.859891 1.560406 -0.406171
v 0.713393 1.466284 0.452803
v 0.709132 1.753377 0.059471
v 0.636033 1.329259 0.744860
v 0.600507 0.770997 0.524503
v 0.745149 1.918523 0.021814
v 0.660213 0.743905 0.281131
v 0.812204 1.639122 -0.209597
v 0.648704 1.520469 0.643006
v 0.800349 1.629928 -0.029231
v 0.676644 0.871767 0.093954
v 0.741720 1.351007 0.452121
v 0.754004 1.669645 -0.364378
v 0.687955 1.008594 0.260934
v 0.621241 0.915325 0.425734
v 0.581133 1.051214 0.835901
v 0.591136 0.851466 0.262824
v 0.592590 1.131234 0.846998
v 0.558891 2.001279 0.784245
v 0.704340 1.959177 0.584893
v 0.588184 0.886952 0.604638
v 0.677791 1.704932 0.354250
v 0.776695 1.381439 -0.050545
v 0.855115 1.605077 -0.516428
v 0.717680 1.149338 0.279620
v 0.715743 1.279122 0.295134
v 0.650858 1.683694 0.520033
v 0.746118 1.703247 -0.346152
v 0.706663 1.722747 -0.538975
v 0.824500 1.309805 0.006586
v 0.771826 3.017613 -0.762310
v 0.748579 3.173451 -0.546728
v 0.907853 2.939323 -0.107214
v 0.770653 2.893791 -0.927070
v 0.735636 3.098882 -0.703315
v 0.823719 3.034810 -0.617382
v 0.853292 1.937070 -0.215375
v 0.885219 2.849859 -0.872676
v 0.891407 2.851353 -0.816172
v 0.856188 3.040490 -0.475553
v 0.826089 3.074946 -0.590811
v 0.776391 3.136967 -0.489412
v 0.979957 2.812704 -0.409875
v 0.958462 2.831160 -0.626279
v 0.938100 2.753358 -0.886823
v 0.944204 2.871798 -0.595995
v 0.899282 2.986907 -0.509249
v 0.966988 2.865197 -0.418746
v 0.894054 3.008038 -0.188396
v 0.966088 2.791017 -0.814438
v 1.013944 2.721234 -0.759319
v 0.897590 2.950705 0.055484
v 0.855555 3.025746 -0.412289
v 0.887705 2.922949 -0.745904
v 1.012080 2.787975 -0.636703
v 0.908023 2.937890 -0.287531
v 0.659723 1.759666 -0.796326
v 1.040379 2.738447 -0.509627
v 1.047124 2.698983 -0.745185
v 1.090727 2.569047 -0.068664
v 0.883567 1.835996 -1.020648
v 0.912604 1.958385 -1.002531
v 1.046181 2.499700 -1.018283
v 1.095609 2.520740 -0.840248
v 1.017727 2.746902 -0.320903
v 1.054278 2.624574 0.052744
v 1.067202 1.960763 -1.160497
v 0.991751 2.803487 -0.291144
v 0.868832 3.032996 -0.243236
v 1.053365 2.699707 -0.173643
v 1.121216 2.534865 -0.584579
v 1.065970 2.451850 -0.925545
v 1.048491 2.661485 -0.806397
v 1.118690 2.438159 -0.454628
v 1.067750 2.579178 0.160225
v 0.847735 2.986846 -0.750652
v 1.010306 2.799021 -0.477057
v 1.104572 2.209237 -1.100601
v 0.651393 1.743612 -0.621583
v 0.811496 3.078643 0.344025
v 1.053847 2.622051 -0.935053
v 1.010101 2.738577 -0.084268
v 0.998500 2.804235 0.027153
v 1.074010 2.329408 -0.934936
v 1.075942 2.478706 0.006089
v 0.990635 2.761293 0.129196
v 0.809614 3.149065 -0.327724
v 0.633292 1.714202 -0.714365
v 0.905332 2.950041 -0.512853
v 1.156449 2.119636 -1.211138
v 0.728839 1.912661 -0.825545
v 1.104290 2.573011 -0.381937
v 0.951890 2.889003 -0.151138
v 0.914884 2.126321 -0.815698
v 0.955753 2.219475 -0.624630
v 1.015192 2.315442 -0.407634
v 0.789740 1.669378 -0.507793
v 1.006570 2.276984 -0.777251
v 0.972526 2.741116 -0.893767
v 0.610966 1.855564 -0.696260
v 0.875037 3.009456 0.185978
v 0.851379 3.039346 0.120948
v 0.828647 3.107999 0.216398
v 0.825823 2.082435 0.003570
v 0.870581 2.215085 -0.079120
v 1.036012 2.408825 -0.804555
v 0.896776 2.087390 -0.295325
v 1.024248 2.080255 -0.981628
v 0.901789 2.122700 -0.429349
v 0.718926 1.824553 -0.552067
v 0.754104 2.000228 -0.643685
v 0.790465 1.794481 -0.372626
v 0.716455 1.667815 -0.716354
v 0.831917 1.969301 -0.390544
v 0.699949 1.692667 -0.583960
v 0.958923 2.209794 -0.324169
v 1.003259 2.331451 -0.189050
v 0.967485 1.846721 -1.147934
v 1.105993 2.428432 -0.696871
v 0.933090 0.699538 -0.297467
v 0.834537 1.202883 -0.420792
v 1.228713 0.106027 -0.304733
v 1.195406 0.013049 -0.134160
v 1.274366 0.460493 -0.540618
v 0.994309 0.653258 0.349161
v 1.048114 0.651566 -0.141539
v 0.651460 0.758472 0.155839
v 1.041726 0.692121 -0.577196
v 0.820698 1.105879 -0.341417
v 0.824932 1.346761 -0.247740
v 0.979711 0.746870 -1.281694
v 1.240464 0.193845 -0.500065
v 1.084701 1.524958 -1.079284
v 0.778100 0.738576 -0.470153
v 0.755136 0.805858 -0.928272
v 0.802805 0.723955 -0.173438
v 0.939521 1.713485 -0.968994
v 1.147633 1.686271 -1.246482
v 0.666401 0.780564 -0.192287
v 1.042335 1.222330 -1.079524
v 1.232483 0.552176 -0.303375
v 1.083489 0.692998 -0.905646
v 1.172224 0.665288 -0.802527
v 1.088971 0.662673 -0.192211
v 1.103497 1.485029 -1.129390
v 1.112873 1.891004 -1.281442
v 0.937951 0.796778 -1.192969
v 1.122666 0.580008 0.170945
v 0.820454 1.472283 -0.447226
v 0.711260 0.810950 -0.788115
v 1.198369 0.199990 -0.002022
v 0.865024 1.529700 -0.911222
v 0.786578 0.917963 -0.976106
v 1.163373 0.540422 0.205680
v 1.192809 0.372287 -0.015746
v 0.876285 0.795063 -1.083868
v 0.807520 1.772488 -0.910471
v 0.984024 1.769751 -1.084377
v 1.143899 0.499005 0.317741
v 1.057784 0.678849 -0.805515
v 0.980336 1.447470 -0.954674
v 1.081462 0.663169 -0.294338
v 0.982290 0.675548 -0.413724
v 1.199375 0.665288 -1.040205
v 0.975970 0.708968 -0.935615
v 0.875676 0.691671 -0.430475
v 1.211936 0.504128 -0.090720
v 1.070324 1.750937 -1.144390
v 1.180453 0.288974 -0.164588
v 1.267352 0.574786 -0.710944
v 1.151783 0.610272 -0.201829
v 1.231443 0.583904 -0.446420
v 1.059722 0.636099 0.098766
v 0.764070 1.349712 -0.851512
v 0.745622 1.157099 -0.102038
v 0.721681 0.963617 -0.129664
v 1.051127 1.675606 -1.111812
v 1.094933 1.778716 -1.247783
v 1.189824 0.582234 -0.127632
v 0.712843 0.766614 -0.416143
v 0.693948 0.857976 -0.329937
v 0.680561 0.825754 -0.045656
v 0.652653 0.870143 -0.170866
v 1.151791 0.646962 -0.647707
v 1.173735 0.618642 -0.523768
v 1.219189 0.621981 -0.678408
v 0.799207 0.690200 0.379683
v 0.740773 0.726356 0.319060
v 0.717076 0.795955 -0.587778
v 0.913704 0.702023 -0.631672
v 1.085056 1.822876 -1.472763
v 0.921424 0.738812 -1.023871
v 1.153517 0.589141 0.089225
v 1.312581 0.599196 -1.084664
v 0.735940 0.746420 -0.077364
v 0.806838 1.473358 -0.321068
v 0.687963 1.474120 -0.701465
v 0.740314 1.594260 -0.727136
v 0.922062 1.184199 -0.940184
v 0.939867 1.064006 -1.005859
v 0.759354 1.100520 -0.778355
v 0.708119 0.908579 -0.709510
v 1.122719 1.836491 -1.373684
v 1.151736 1.776124 -1.326493
v 1.087481 1.885432 -1.422501
v 0.807609 0.728094 -0.191354
v 1.098713 0.591405 0.311160
v 1.120699 0.589346 -0.025975
v 1.159969 1.529654 -1.281128
v 0.759781 1.480059 -0.130843
v 0.749174 0.982141 -0.254730
v 0.790861 0.958456 -0.434262
v 0.797863 1.601746 -0.651261
v 1.045972 0.890489 -1.271199
v 0.959165 0.903037 -1.113026
v 0.780690 1.289794 -0.141374
v 0.979899 0.718947 -1.161682
v 0.715364 0.740230 0.047197
v 0.853693 0.699691 0.060059
v 0.854505 1.130342 -0.487998
v 0.731298 1.310353 -0.776013
v 0.987579 0.701055 -0.664747
v 0.789701 1.656160 -0.650625
v 0.729459 1.647477 -0.842687
v 0.705283 1.530920 -0.810834
v 0.816147 1.058639 -0.637580
v 0.704278 0.872994 -0.503594
v 0.770944 1.097036 -0.884746
v 0.794068 1.374517 -0.656994
v 0.660452 0.878117 -0.862460
v 0.746780 1.478366 -0.636515
v 0.263873 1.516680 -2.067790
v -1.322781 0.523521 -1.752820
v -0.015072 0.590658 -2.224763
v -0.130038 0.673345 -2.202652
v -0.846528 0.343052 -2.006233
v -1.120597 0.657291 -1.851043
v -0.981903 0.707520 -1.798084
v 0.388285 1.889845 -1.738605
v 0.904197 0.746916 -1.961897
v 0.718638 0.737425 -2.082819
v 0.760998 0.687379 -2.133604
v 0.783724 0.696588 -2.092243
v 1.127997 0.694385 -1.786723
v 0.399668 1.543094 -1.959445
v -0.224747 0.537540 -2.180350
v -0.129548 0.484453 -2.210341
v 0.762036 1.141693 -2.048013
v -0.846149 0.040423 -2.194199
v 0.373617 2.064590 -1.388430
v 0.431768 1.997445 -1.644649
v -0.590544 0.358474 -2.103057
v 1.047571 0.004084 -2.271305
v 0.448346 1.296495 -2.017880
v 1.427744 0.324040 -1.959925
v 1.289517 0.313444 -2.023162
v 1.397524 0.209358 -2.017276
v 0.802516 0.736274 -2.064462
v -0.199736 0.030407 -2.361967
v 0.811632 1.742537 -1.892683
v 0.717675 1.716527 -1.934447
v 1.056320 0.289043 -2.131027
v 1.006704 0.973543 -1.909007
v 0.476008 1.706045 -1.937248
v 0.520099 1.816351 -1.874045
v 0.352088 0.505333 -2.205260
v 0.456513 0.398114 -2.163701
v -0.764641 0.330467 -2.061202
v 1.178864 0.384270 -2.060753
v 0.510142 2.010801 -1.582944
v -0.988735 0.042672 -2.133917
v 0.774893 0.399219 -2.113027
v 0.332547 0.805941 -2.098203
v -0.189419 0.232129 -2.313867
v 0.003205 0.029431 -2.371055
v 0.357321 2.031254 -1.495426
v 0.389283 1.999831 -1.612110
v 0.927192 1.538261 -1.877610
v 0.572131 0.242443 -2.272298
v 0.517692 0.352718 -2.164009
v 0.444533 1.592964 -1.951370
v 0.441613 1.441440 -1.971542
v 0.528611 0.843622 -2.153345
v 0.631649 0.916873 -2.112144
v 0.534818 1.125311 -2.112433
v 1.209360 0.602588 -2.030683
v 0.641917 1.719431 -1.912982
v 0.619446 1.479060 -2.018973
v 1.334269 0.524840 -2.004628
v 0.537927 0.989521 -2.039249
v -0.388416 0.245828 -2.270984
v -0.278624 0.417301 -2.153938
v 0.130014 0.935038 -2.103981
v -0.533554 0.246864 -2.235142
v -0.341102 0.312789 -2.196310
v 0.219991 1.200703 -2.160954
v 0.420902 1.359156 -2.023854
v -0.923862 0.212072 -2.128625
v -0.140744 0.597618 -2.206630
v -0.474288 0.326724 -2.148857
v -0.660929 0.267385 -2.165676
v -0.584559 0.297908 -2.143178
v -0.894053 0.264984 -2.045349
v 0.734978 0.874038 -2.006433
v 0.362194 1.445473 -2.028312
v -0.436686 0.400683 -2.130818
v -0.219905 0.750743 -1.993103
v 0.066160 0.922064 -2.036602
v -0.716415 0.672088 -2.005490
v -0.583405 0.698730 -2.045981
v -0.751278 0.706872 -1.918840
v 0.266467 0.191909 -2.337163
v 1.140648 0.579002 -2.065328
v 0.287553 0.933659 -2.056806
v 0.277116 0.875449 -2.147538
v 1.420214 0.484933 -1.981428
v 1.417267 0.592518 -1.931758
v 0.050114 0.357643 -2.191506
v 0.483485 1.553416 -1.994483
v 0.128431 1.071370 -2.101487
v 0.193319 0.465814 -2.221008
v 0.447967 1.086036 -2.125457
v 0.408530 0.945215 -2.064120
v -0.360274 0.373072 -2.149743
v 0.658940 1.195763 -2.051202
v -0.381622 0.683530 -2.156078
v -0.900603 0.642106 -1.990048
v 0.865914 0.014505 -2.283668
v 0.795368 0.283165 -2.185501
v 0.438094 0.782005 -2.113429
v 0.231624 1.630195 -2.012515
v -0.021224 0.343426 -2.214729
v -0.813646 0.285650 -2.093028
v -0.791139 0.657680 -2.025371
v -0.670296 0.317271 -2.087128
v -0.672047 0.390826 -2.105636
v 0.747355 0.335978 -2.124671
v -0.091261 0.392313 -2.171413
v 0.658115 0.541977 -2.144590
v 0.634160 1.263190 -2.013040
v 0.443169 0.202536 -2.324159
v 0.734668 0.509823 -2.150353
v 0.639316 0.481327 -2.162620
v 0.601327 0.601932 -2.177548
v 0.525370 0.692129 -2.180794
v -0.705147 0.496010 -2.077850
v -0.939302 0.466219 -1.996544
v -0.477793 0.034721 -2.286480
v 0.347565 0.648205 -2.205297
v 0.341183 1.309012 -2.114040
v 0.836254 1.221979 -2.002196
v -0.713087 0.031215 -2.255980
v -0.863274 0.441001 -2.046201
v -0.627067 0.640139 -2.094720
v -0.485484 0.668337 -2.122405
v 0.164784 0.557253 -2.220224
v -0.319822 0.573940 -2.171957
v -0.456997 0.697617 -2.088747
v 0.125140 0.416646 -2.177450
v 0.309907 0.377005 -2.190509
v -0.723516 0.548228 -2.091053
v 0.709660 1.365263 -2.017889
v 0.585253 1.354240 -2.070914
v 0.328819 1.868836 -1.785987
v 0.349662 1.917959 -1.649316
v 0.273350 1.872282 -1.822426
v 0.526709 0.469595 -2.174685
v 0.217192 0.343914 -2.209654
v 0.696350 1.085160 -2.077653
v 0.021438 0.417393 -2.182365
v 0.187615 0.532410 -2.211175
v 0.556306 1.458935 -2.042426
v -0.179663 0.366036 -2.173960
v 1.034747 0.210616 -2.168258
v -0.043920 0.775548 -2.027437
v 0.005627 0.251850 -2.301632
v 1.365543 0.655522 -1.801448
v -0.012490 0.534453 -2.203212
v -1.030458 0.746771 -1.331445
v -0.445390 0.739819 -1.861544
v 1.308044 0.602672 -1.985961
v 0.214466 0.687418 -2.205838
v -0.962681 0.663573 -1.920833
v -0.875925 0.692182 -1.911585
v -0.176431 0.421974 -2.198868
v 0.596362 0.411980 -2.131387
v 0.215894 1.839434 -1.834915
v 0.289718 1.005163 -2.036545
v 0.683070 0.670532 -2.170735
v 0.229220 0.764007 -2.103382
v 0.656982 0.335665 -2.150067
v 0.683328 0.370633 -2.121415
v 0.068900 0.855232 -2.004511
v 0.216189 0.843813 -2.072931
v 0.567244 0.793279 -2.104244
v -0.721704 0.221487 -2.216915
v -0.787437 0.253100 -2.142694
v 0.217744 0.926661 -2.099004
v 0.807651 0.332410 -2.142205
v 0.655674 0.764121 -2.069487
v 0.693662 0.779764 -2.012721
v 0.651309 0.848028 -2.113271
v -0.345071 0.775640 -1.722507
v 0.463754 0.976066 -2.061603
v 0.865718 0.770159 -1.921172
v 0.445124 1.031021 -2.079702
v 0.772977 0.968542 -1.986995
v 0.596794 1.056939 -2.033650
v 0.669931 0.995833 -2.028000
v -0.872555 0.525846 -2.028609
v 0.253385 1.356618 -2.129139
v 0.371728 1.170714 -2.152661
v 0.477471 1.361268 -2.045590
v 0.501633 1.406725 -2.069587
v 0.343118 1.464172 -2.050905
v 0.013264 0.763206 -2.093381
v 1.448639 0.006760 -2.026601
v 1.418100 -0.004393 -2.136712
v 0.506375 1.207907 -2.064812
v 0.166110 1.352509 -2.103909
v 1.145615 1.169128 -1.846020
v 1.051538 0.694766 -2.031386
v 0.195093 1.477810 -2.068124
v 0.892970 0.416638 -2.127717
v 1.004604 0.343365 -2.101982
v 1.089629 0.160487 -2.211707
v 0.312494 1.744016 -1.919912
v 0.580621 1.231897 -2.022686
v 0.639224 1.858979 -1.864512
v 1.093034 0.720837 -1.909776
v 0.369690 0.022036 -2.365747
v 1.396089 0.147909 -2.096561
v -0.448025 0.780389 -1.546869
v -0.419748 0.763839 -1.638118
v -0.867546 0.216913 -2.147689
v 0.876791 0.244227 -2.206102
v 0.806525 1.353820 -2.045742
v 0.172246 1.658896 -1.992776
v 0.969607 1.357738 -1.938987
v 0.976493 1.240435 -1.969611
v -0.303685 0.487921 -2.194146
v -0.436002 0.447191 -2.166243
v -0.399981 0.750438 -1.766581
v 0.208393 1.746478 -1.938163
v 0.391487 1.785767 -1.862659
v 0.064142 0.668368 -2.202915
v -0.375496 0.741953 -1.887965
v 0.086915 0.718474 -2.163263
v 0.756410 0.175741 -2.295110
v 0.874724 0.847434 -1.936689
v 1.025857 0.839559 -1.895367
v -1.257199 0.673932 -1.685826
v -0.025839 0.849927 -2.012841
v -0.377369 0.805362 -1.516112
v 0.770537 0.758488 -2.001476
v 0.096364 1.732505 -1.852645
v -0.781389 0.727919 -1.472677
v 0.509351 0.918801 -2.127159
v 0.394516 0.860408 -2.168654
v 0.775818 1.445831 -2.010082
v 0.777014 1.556800 -1.985880
v 0.870729 1.077636 -1.993512
v 0.150858 1.634525 -1.924529
v 0.578617 1.912616 -1.769185
v 0.950868 0.761339 -1.952510
v 0.134257 1.151984 -2.029537
v 0.114657 0.280230 -2.286124
v 0.056812 0.443433 -2.223119
v 1.178175 0.246986 -2.096590
v 0.101396 0.783392 -2.023309
v 0.345796 0.703967 -2.143204
v 0.147661 1.165118 -2.128587
v 0.368698 1.800533 -1.831175
v 0.198523 1.010027 -2.112441
v 0.362012 1.549032 -2.021023
v -0.571200 0.447999 -2.147237
v -0.441573 0.500294 -2.143466
v 0.154269 1.515994 -2.008568
v 0.619009 0.709189 -2.111082
v 0.692433 1.505017 -1.958932
v 0.732411 1.259309 -2.010915
v 0.749741 1.184580 -1.998330
v -0.178792 0.716949 -2.114910
v 0.903271 1.464386 -1.969444
v -1.237578 0.623971 -1.792659
v -1.011391 0.639179 -1.927883
v 0.219833 1.064013 -2.150547
v -1.060586 0.532372 -1.932848
v 0.470353 0.710744 -2.148669
v 1.219874 0.677691 -1.945788
v -0.952035 0.272066 -2.053586
v 1.195178 0.184995 -2.141851
v -0.539223 0.551498 -2.138196
v 0.349228 0.694324 -2.198482
v 0.870925 0.695330 -2.094283
v -1.823300 0.038243 1.249369
v 1.289347 0.013384 -0.811987
v 0.897292 0.026458 2.260835
v 0.876842 0.009908 2.443184
v -2.266770 0.041826 -0.147415
v 1.402765 0.010038 -1.614671
v 1.377254 0.007240 -1.399212
v -1.597060 0.053207 -1.683462
v 0.949423 0.033364 1.530583
v 0.679849 0.015671 -2.333667
v 1.258261 -0.014661 -2.195095
v -2.003950 0.073942 0.889697
v -0.480651 0.051652 2.370058
v 0.018440 0.034218 2.546332
v -1.680526 0.030704 -1.583010
v -0.982889 0.052979 2.162662
v -1.136486 0.059473 2.030638
v -0.557913 0.033837 -2.289282
v -1.928681 0.066105 1.053508
v -1.917320 0.042009 1.046469
v -0.390032 0.025810 -2.328495
v 1.377799 -0.015157 -1.508675
v 0.620832 -0.005201 -2.321035
v 1.137672 0.000074 -2.246716
v 1.191449 -0.006581 -2.197951
v -0.520720 0.012065 -2.269893
v -1.583265 0.029126 -1.664084
v 1.076501 -0.000002 0.592061
v 1.111770 -0.004934 0.322028
v -2.041199 0.037290 -0.942291
v -2.171833 0.041910 0.293315
v -1.765735 0.036284 -1.417552
v -2.163803 0.039608 -0.635239
v 0.949686 -0.001725 0.958455
v -0.595915 0.021899 2.332087
v 0.919213 0.004290 1.321476
v 0.895211 -0.002823 1.995750
v -0.343953 0.020832 2.400149
v 0.672358 0.020306 2.531109
v 1.033428 0.002567 0.675325
v -1.981613 0.039623 0.910269
v -0.969017 0.032472 2.145103
v -1.459612 0.036940 1.735403
v -1.574972 0.049998 1.638937
v 1.258521 -0.010286 -0.679549
v 0.983564 0.012790 -2.256352
v 0.954175 -0.010034 -2.231836
v 0.929004 0.000806 1.563689
v -2.032676 0.039699 0.812488
v -2.051150 0.071785 0.817568
v 0.142457 0.020794 2.540616
v 0.024245 0.011814 2.523687
v -2.087391 0.043122 0.589083
v -0.302116 0.032373 -2.326052
v 0.304654 0.029812 2.579685
v 0.347205 0.010030 2.544562
v -1.939601 0.035400 -1.129336
v -1.910693 0.058139 -1.206679
v 1.294742 0.009550 -2.209658
v 1.431331 -0.011825 -1.957775
v -1.811324 0.060823 1.307763
v -1.730018 0.036566 1.410245
v 0.958022 0.004549 1.712561
v -2.243867 0.065877 0.056470
v -0.202770 0.007156 -2.336902
v -1.162652 0.047833 -2.062854
v -1.360226 0.049098 -1.900028
v -1.151878 0.021960 -2.038247
v -0.122396 3.678138 0.215351
v -0.092363 3.979044 -0.081001
v -0.015878 3.914568 -0.210488
v -0.039596 3.774723 0.270704
v 0.010786 3.830539 -0.239800
v 0.017082 3.774524 -0.254651
v 0.011082 3.805794 -0.248505
v -0.038420 3.812114 -0.209487
v -0.031795 3.784801 -0.212726
v 0.067734 3.798834 -0.281002
v -0.032692 3.830988 -0.206332
v 0.070302 3.807890 -0.278412
v -0.141022 3.808958 0.141635
v -0.098456 3.793810 0.211531
v -0.086395 3.817023 0.215450
v -0.104964 3.770011 0.199691
vn 0.1477 -0.5992 0.7869
vn 0.1650 -0.5877 0.7920
vn -0.7611 -0.4769 -0.4397
vn -0.7662 -0.4143 -0.4912
vn -0.8455 0.1970 -0.4963
vn 0.9948 -0.0818 -0.0600
vn 0.8527 0.5149 0.0883
vn 0.9626 -0.2434 0.1188
vn -0.6983 0.0327 -0.7151
vn -0.7269 -0.0119 -0.6866
vn 0.9768 -0.0986 0.1902
vn 0.2183 0.6721 -0.7076
vn 0.2170 0.6738 -0.7064
vn 0.2207 0.6702 -0.7086
vn 0.2197 0.6702 -0.7089
vn -0.3676 0.8545 -0.3671
vn -0.3765 0.8487 -0.3714
vn -0.3763 0.8497 -0.3693
vn -0.3682 0.8553 -0.3646
vn 0.8945 -0.3228 0.3094
vn 0.9899 0.1414 0.0009
vn 0.8962 0.1043 0.4313
vn -0.5695 0.1644 -0.8054
vn -0.6308 0.1499 -0.7613
vn 0.9933 0.0018 0.1159
vn 0.9757 0.1230 0.1814
vn 0.9077 -0.2216 0.3563
vn -0.5983 0.1019 0.7948
vn -0.5502 0.1081 0.8280
vn 0.9663 0.1300 -0.2223
vn -0.7322 -0.2260 0.6425
vn -0.7322 -0.2261 0.6425
vn -0.7608 -0.2537 0.5973
vn -0.7441 -0.1851 0.6419
vn 0.9465 -0.2858 0.1501
vn 0.9659 0.0999 0.2388
vn -0.6286 0.7133 0.3100
vn -0.6410 0.6963 0.3230
vn -0.6286 0.7132 0.3100
vn -0.5416 0.8298 0.1346
vn 0.9605 -0.2660 -0.0818
vn 0.9626 -0.2312 0.1413
vn 0.9599 -0.0886 0.2659
vn 0.7928 0.0487 0.6075
vn 0.8079 -0.4741 0.3501
vn 0.8821 0.1315 0.4523
vn 0.9594 -0.0904 0.2673
vn 0.9861 -0.1657 0.0092
vn 0.8825 0.0210 0.4699
vn 0.8460 0.4740 0.2442
vn 0.9580 -0.2130 0.1920
vn 0.9724 -0.1873 -0.1393
vn -0.9156 -0.3094 -0.2568
vn -0.9156 -0.3094 -0.2567
vn -0.9388 -0.2873 -0.1901
vn 0.2279 0.3751 0.8985
vn -0.8906 0.4456 -0.0907
vn -0.3430 0.8712 0.3513
vn -0.3464 0.8794 0.3265
vn -0.3465 0.8794 0.3265
vn -0.3430 0.8695 0.3555
vn -0.3834 0.8450 0.3728
vn -0.7287 0.6328 -0.2618
vn -0.4379 0.6769 -0.5917
vn -0.2059 0.8870 -0.4134
vn -0.9125 -0.0288 0.4081
vn -0.9165 -0.0260 0.3991
vn -0.9174 -0.0245 0.3972
vn -0.9134 -0.0243 0.4064
vn -0.6363 0.7201 0.2768
vn 0.7590 0.2572 0.5982
vn -0.5854 0.3638 0.7245
vn -0.6011 0.3048 0.7388
vn 0.8994 -0.4298 -0.0796
vn 0.8624 -0.5060 -0.0125
vn 0.8624 -0.5060 -0.0124
vn 0.8633 -0.5019 -0.0533
vn 0.8793 -0.4677 -0.0903
vn -0.7103 -0.6181 -0.3367
vn -0.6766 -0.6420 -0.3605
vn -0.4172 0.9059 0.0731
vn -0.4842 0.8704 0.0896
vn -0.4841 0.8704 0.0896
vn -0.5755 0.2724 0.7711
vn -0.6179 0.2484 0.7460
vn 0.7635 0.1547 0.6270
vn -0.8751 0.1902 0.4450
vn -0.3404 0.9144 0.2190
vn -0.3214 0.6816 0.6574
vn -0.3414 0.6994 0.6279
vn -0.3413 0.6994 0.6279
vn 0.7842 -0.0766 0.6157
vn -0.6087 0.4574 0.6483
vn 0.9466 0.1305 0.2947
vn 0.7773 -0.0950 0.6219
vn 0.7297 -0.4270 0.5340
vn 0.9381 -0.2710 0.2158
vn 0.3601 0.2037 0.9104
vn 0.0519 0.7215 0.6904
vn -0.0690 0.1293 0.9892
vn -0.4116 0.9108 0.0310
vn 0.9602 0.1484 0.2365
vn 0.9683 0.1440 0.2042
vn -0.7025 0.1873 0.6866
vn -0.8365 0.4042 0.3700
vn 0.4205 0.6710 0.6107
vn -0.6584 0.5702 0.4913
vn 0.9090 -0.0586 0.4125
vn 0.5646 0.5557 -0.6102
vn 0.1375 0.6840 -0.7164
vn 0.0021 0.7048 0.7094
vn -0.0216 0.6697 0.7423
vn -0.0216 0.6697 0.7424
vn 0.3639 0.6280 -0.6879
vn 0.7755 0.6284 -0.0614
vn 0.3758 0.8111 0.4481
vn -0.6081 0.2115 0.7652
vn 0.6833 0.6956 0.2220
vn -0.7234 0.4961 0.4803
vn 0.2215 0.1502 -0.9635
vn 0.9391 0.0580 -0.3387
vn 0.9372 -0.3361 0.0931
vn 0.7051 -0.3163 0.6347
vn -0.3320 0.4822 0.8107
vn -0.8964 0.3623 -0.2555
vn -0.7632 0.1828 0.6198
vn 0.4873 0.7692 -0.4134
vn 0.3059 0.8649 0.3979
vn 0.0764 -0.0629 0.9951
vn 0.7642 0.6383 -0.0923
vn 0.7496 0.6531 -0.1073
vn -0.5922 0.3095 0.7440
vn -0.3667 0.5490 0.7511
vn 0.5612 -0.8057 -0.1897
vn 0.4387 -0.8042 -0.4009
vn -0.9305 0.0722 -0.3591
vn -0.3065 0.6056 -0.7344
vn -0.3007 0.5997 -0.7416
vn -0.3003 0.5980 -0.7432
vn -0.3097 0.6032 -0.7350
vn 0.6336 -0.7736 -0.0073
vn 0.2160 0.9758 0.0342
vn -0.9666 0.2140 0.1409
vn 0.6775 -0.7071 -0.2026
vn 0.7637 -0.5869 -0.2690
vn 0.9624 -0.2715 -0.0024
vn 0.9266 -0.3671 0.0817
vn 0.6807 -0.5643 -0.4672
vn 0.5235 0.0158 -0.8519
vn 0.8453 -0.4107 -0.3418
vn 0.4230 -0.8376 -0.3457
vn 0.6448 -0.0270 -0.7639
vn -0.6627 0.7458 -0.0684
vn 0.9025 0.2978 0.3112
vn 0.9025 0.2978 0.3111
vn 0.8735 0.3321 0.3559
vn 0.9101 -0.4143 0.0050
vn 0.9087 -0.4172 -0.0122
vn 0.9043 -0.4268 -0.0015
vn 0.9044 -0.4268 -0.0015
vn 0.8663 -0.2891 -0.4074
vn 0.9275 -0.2435 0.2837
vn 0.9931 -0.1172 -0.0082
vn -0.7186 0.5809 -0.3824
vn 0.9811 0.0940 0.1694
vn -0.7670 0.5743 -0.2860
vn 0.9399 -0.1668 -0.2979
vn 0.9542 -0.1664 -0.2488
vn -0.9080 0.3109 -0.2808
vn 0.9473 -0.2468 -0.2045
vn 0.5419 -0.7076 -0.4535
vn 0.8431 -0.5156 -0.1527
vn 0.3479 -0.2793 0.8949
vn 0.3947 -0.3248 0.8595
vn -0.8526 0.5151 -0.0880
vn -0.8937 0.2923 -0.3404
vn -0.5312 -0.0076 -0.8472
vn -0.0953 -0.4497 -0.8881
vn -0.4944 -0.2000 -0.8459
vn -0.4467 -0.1961 -0.8729
vn 0.9389 -0.2659 -0.2186
vn 0.9759 -0.0400 -0.2147
vn 0.8772 -0.4346 -0.2039
vn 0.8906 -0.3464 -0.2946
vn 0.9091 -0.3564 -0.2159
vn -0.8864 0.1365 -0.4423
vn 0.9612 0.0898 -0.2610
vn -0.1573 0.0542 -0.9861
vn -0.1803 0.0407 -0.9828
vn -0.1996 0.0795 -0.9766
vn 0.9663 -0.2542 0.0412
vn -0.9650 0.1426 -0.2203
vn -0.4552 0.8774 -0.1518
vn -0.9231 0.2893 -0.2533
vn -0.9151 0.3079 -0.2605
vn -0.9150 0.3079 -0.2605
vn 0.1485 0.3945 0.9068
vn 0.1581 0.3765 0.9128
vn 0.1581 0.3764 0.9129
vn 0.1485 0.3944 0.9068
vn -0.8554 0.5178 -0.0080
vn -0.8556 0.5176 -0.0082
vn -0.8495 0.2307 -0.4745
vn -0.4812 0.8762 -0.0279
vn 0.2964 -0.9026 -0.3122
vn -0.0784 -0.2555 -0.9636
vn 0.3501 -0.5559 -0.7540
vn 0.4935 -0.2095 -0.8442
vn 0.4039 -0.0909 -0.9103
vn -0.9319 0.0915 -0.3509
vn -0.8628 -0.4588 -0.2124
vn -0.8578 -0.4392 -0.2670
vn 0.9004 -0.3771 -0.2170
vn 0.4734 -0.4918 -0.7308
vn 0.2537 0.0200 -0.9671
vn 0.6348 0.7713 0.0458
vn 0.6717 0.7388 0.0547
vn 0.2176 -0.8164 -0.5348
vn 0.5597 -0.5323 -0.6351
vn -0.7566 0.6247 -0.1932
vn 0.6513 -0.1738 -0.7387
vn 0.0104 -0.5072 -0.8618
vn 0.0625 0.6371 -0.7683
vn -0.9260 -0.0119 -0.3774
vn -0.0282 -0.3256 -0.9451
vn -0.0282 -0.3257 -0.9451
vn -0.0248 -0.3396 -0.9402
vn 0.9987 -0.0337 -0.0369
vn 0.9222 -0.3502 0.1638
vn 0.9028 -0.4146 -0.1141
vn 0.8494 0.0254 -0.5272
vn 0.8436 -0.5260 -0.1078
vn 0.7551 -0.4601 -0.4670
vn 0.6641 -0.5686 -0.4855
vn 0.8933 -0.4493 0.0127
vn 0.6335 -0.7374 -0.2343
vn 0.7470 -0.4061 -0.5264
vn 0.6563 -0.3406 -0.6733
vn 0.8889 -0.4508 -0.0811
vn 0.9560 -0.2893 0.0486
vn 0.9461 -0.3233 -0.0195
vn 0.9461 -0.3234 -0.0196
vn 0.9267 -0.3361 0.1681
vn 0.9047 -0.3768 0.1987
vn 0.9331 -0.2990 0.1999
vn 0.9038 -0.3787 0.1994
vn 0.4397 0.0983 -0.8927
vn 0.7324 -0.5172 0.4429
vn -0.9054 -0.2246 0.3603
vn -0.9064 -0.2643 0.3295
vn 0.8449 -0.4033 0.3514
vn -0.6187 -0.2098 -0.7571
vn -0.6117 -0.1906 -0.7678
vn -0.6419 -0.1421 -0.7535
vn -0.6419 -0.1420 -0.7535
vn 0.9157 -0.3378 -0.2176
vn -0.3842 0.8856 -0.2608
vn -0.3642 0.9132 -0.1830
vn 0.8323 -0.5372 0.1367
vn 0.9666 -0.2517 -0.0476
vn 0.9939 -0.1087 -0.0185
vn 0.9693 -0.1985 -0.1449
vn 0.6626 -0.0387 -0.7480
vn 0.9679 0.0185 -0.2506
vn 0.8593 0.0612 -0.5077
vn -0.5495 0.7734 -0.3160
vn -0.5853 0.7612 -0.2794
vn -0.8492 0.4251 -0.3134
vn -0.5029 0.4609 -0.7312
vn -0.4445 0.5603 -0.6989
vn -0.9145 -0.1310 -0.3828
vn -0.7958 0.1864 -0.5762
vn -0.3949 0.0860 -0.9147
vn -0.5150 -0.0106 -0.8571
vn 0.0067 0.5081 -0.8613
vn -0.9260 0.3457 -0.1520
vn -0.9097 0.2230 -0.3504
vn -0.8912 0.2575 -0.3734
vn 0.1650 0.9717 -0.1691
vn 0.1729 0.9725 -0.1560
vn -0.2780 0.6178 -0.7356
vn -0.8758 0.2942 -0.3826
vn -0.8832 0.2730 -0.3813
vn 0.7084 0.2409 -0.6635
vn -0.4215 0.8937 -0.1540
vn -0.4047 0.8966 -0.1799
vn 0.5109 0.0413 -0.8587
vn -0.8489 0.2297 0.4760
vn 0.9257 0.0218 0.3777
vn 0.9242 0.0496 0.3786
vn 0.9242 0.0497 0.3786
vn 0.9257 0.0217 0.3777
vn -0.5298 0.6907 -0.4922
vn -0.7449 0.0468 0.6655
vn 0.6588 0.0890 -0.7471
vn -0.9154 0.1683 -0.3657
vn 0.2555 0.7163 -0.6493
vn -0.7986 0.5080 -0.3227
vn -0.4964 0.5317 -0.6862
vn -0.8704 0.2499 -0.4242
vn 0.9804 -0.1916 -0.0467
vn 0.9774 -0.1748 -0.1193
vn 0.9780 -0.1721 -0.1176
vn 0.9804 -0.1916 -0.0468
vn -0.6283 0.2802 -0.7258
vn -0.7766 0.5378 -0.3281
vn -0.7890 0.4983 -0.3595
vn -0.7890 0.4982 -0.3595
vn -0.7737 0.5371 -0.3362
vn -0.8027 0.4783 -0.3562
vn -0.8244 0.4637 -0.3246
vn -0.5364 0.6445 0.5449
vn -0.5177 -0.0489 -0.8541
vn -0.3049 0.8997 0.3123
vn -0.9921 0.1222 -0.0271
vn -0.9138 0.2879 -0.2865
vn -0.7851 0.3742 -0.4935
vn -0.2616 0.7868 -0.5590
vn -0.2209 0.4014 -0.8889
vn -0.9502 -0.2746 0.1472
vn -0.6820 0.2989 -0.6675
vn -0.9974 -0.0677 0.0232
vn 0.8496 -0.5090 0.1384
vn 0.8650 -0.4573 0.2066
vn 0.8495 -0.5091 0.1383
vn 0.9678 0.2516 -0.0048
vn 0.9611 0.2734 -0.0392
vn 0.9611 0.2733 -0.0392
vn 0.9689 0.2426 -0.0486
vn 0.9363 -0.2641 -0.2313
vn 0.1923 0.5395 -0.8197
vn 0.5514 0.6928 -0.4648
vn 0.8719 0.4897 0.0107
vn 0.7326 0.6721 -0.1077
vn 0.9148 -0.0619 -0.3991
vn -0.0715 0.9634 -0.2585
vn -0.4622 0.0026 0.8868
vn -0.4624 0.0024 0.8867
vn -0.4891 0.0301 0.8717
vn -0.4625 0.0024 0.8866
vn 0.8183 0.5578 0.1387
vn 0.9800 -0.0196 -0.1981
vn 0.2287 0.8481 -0.4778
vn 0.9325 -0.2894 -0.2161
vn 0.9872 -0.1456 0.0658
vn 0.7587 0.6143 -0.2166
vn 0.3796 0.7400 -0.5552
vn 0.1007 0.9946 0.0233
vn 0.1785 0.0583 -0.9822
vn 0.2909 0.0796 -0.9534
vn 0.5105 0.7973 -0.3220
vn -0.1634 -0.3870 0.9075
vn -0.1635 -0.3872 0.9074
vn -0.2304 -0.3383 0.9124
vn 0.2163 0.7002 -0.6803
vn -0.6486 0.4879 -0.5842
vn -0.6481 0.4927 -0.5808
vn -0.6469 0.4935 -0.5814
vn -0.6475 0.4887 -0.5847
vn -0.8849 0.4086 -0.2237
vn 0.8402 -0.1966 -0.5054
vn 0.8524 -0.1837 -0.4897
vn 0.8523 -0.1837 -0.4897
vn -0.2319 0.5869 0.7757
vn -0.2666 0.6051 0.7502
vn -0.2031 0.6579 0.7252
vn -0.1817 0.6376 0.7486
vn -0.1844 0.6371 0.7484
vn -0.2004 0.6256 0.7540
vn -0.2100 0.6119 0.7626
vn -0.2100 0.6118 0.7626
vn 0.9537 -0.2994 -0.0272
vn -0.3545 0.7292 0.5853
vn -0.3552 0.7293 0.5848
vn -0.3587 0.7269 0.5856
vn -0.3580 0.7266 0.5865
vn -0.4392 0.2102 0.8735
vn -0.4185 0.1658 0.8930
vn -0.7833 0.5830 0.2155
vn -0.8095 0.5634 0.1651
vn 0.8205 -0.5716 0.0044
vn 0.1881 0.6211 -0.7608
vn 0.2092 0.5879 -0.7814
vn 0.9680 -0.0883 0.2348
vn 0.9665 -0.1207 0.2265
vn 0.9628 0.0124 0.2699
vn 0.9717 0.0156 0.2358
vn 0.0507 0.8778 -0.4764
vn -0.6092 -0.2846 0.7402
vn -0.6057 -0.3538 0.7127
vn -0.6110 -0.2731 0.7430
vn -0.6221 -0.3038 0.7216
vn -0.7973 0.5787 -0.1717
vn -0.8158 0.5412 -0.2039
vn 0.9901 -0.1330 0.0446
vn 0.9861 -0.1496 0.0717
vn 0.0771 0.3679 -0.9267
vn -0.3707 0.9224 -0.1080
vn -0.3707 0.9225 -0.1080
vn -0.3979 0.9057 -0.1460
vn 0.8769 -0.3563 0.3227
vn -0.5156 0.8480 -0.1223
vn -0.5258 0.8476 -0.0710
vn 0.9720 -0.2344 -0.0155
vn 0.6967 0.2973 -0.6529
vn 0.3783 0.8898 -0.2551
vn 0.9616 -0.0023 0.2745
vn -0.1413 -0.0723 -0.9873
vn 0.1003 -0.0018 -0.9950
vn 0.1002 -0.0018 -0.9950
vn 0.1140 0.0114 -0.9934
vn -0.5340 0.5100 -0.6744
vn -0.1945 0.9567 0.2163
vn -0.1928 0.9571 0.2164
vn -0.2038 0.9554 0.2137
vn -0.2057 0.9550 0.2137
vn -0.9490 0.1827 -0.2568
vn 0.2835 0.2512 0.9255
vn 0.2895 0.3150 0.9039
vn -0.0577 -0.3722 -0.9263
vn 0.0202 -0.4062 -0.9136
vn 0.0201 -0.4062 -0.9136
vn -0.0525 -0.3709 -0.9272
vn -0.0546 -0.3705 -0.9272
vn -0.7335 0.0056 -0.6797
vn -0.7268 0.0102 -0.6868
vn -0.7255 0.0082 -0.6882
vn -0.7322 0.0040 -0.6811
vn 0.3121 0.1890 -0.9311
vn -0.8332 0.1843 -0.5213
vn -0.8386 0.1779 -0.5149
vn -0.8369 0.1781 -0.5176
vn -0.8416 0.1850 -0.5075
vn -0.6302 0.7750 -0.0470
vn -0.6302 0.7750 -0.0471
vn -0.6507 0.7588 0.0291
vn 0.1171 0.8992 -0.4216
vn 0.1642 0.9062 -0.3897
vn 0.1172 0.8992 -0.4216
vn -0.8468 0.4087 -0.3406
vn -0.8343 0.3885 -0.3912
vn 0.8550 -0.5122 -0.0817
vn 0.3983 0.7619 -0.5107
vn 0.8493 -0.4810 -0.2177
vn -0.7240 0.6869 -0.0629
vn -0.7496 0.6564 -0.0853
vn 0.7683 -0.6400 0.0112
vn 0.8639 -0.4559 0.2140
vn -0.0492 0.8492 -0.5258
vn -0.0492 0.8491 -0.5259
vn -0.0620 0.8161 -0.5746
vn 0.2662 0.2903 -0.9192
vn -0.0166 0.3597 0.9329
vn 0.1069 0.5499 -0.8284
vn 0.7952 0.6063 -0.0008
vn 0.7954 0.6061 -0.0006
vn 0.7959 0.6054 0.0005
vn 0.7959 0.6054 0.0007
vn 0.9061 0.3942 0.1539
vn 0.8396 0.4716 -0.2697
vn 0.9808 -0.1218 -0.1520
vn 0.3920 -0.6741 0.6261
vn 0.3813 -0.6636 0.6436
vn 0.3628 -0.7085 0.6053
vn 0.1486 0.9866 0.0681
vn 0.1489 0.9864 0.0689
vn 0.1491 0.9864 0.0690
vn 0.1490 0.9864 0.0688
vn 0.3696 0.9143 -0.1657
vn -0.0403 0.2188 -0.9749
vn 0.9715 -0.1640 -0.1711
vn 0.9470 -0.3175 -0.0488
vn -0.8209 0.5695 -0.0421
vn 0.3346 0.9002 -0.2786
vn -0.1553 0.8487 0.5055
vn -0.1562 0.8447 0.5119
vn -0.1566 0.8486 0.5054
vn -0.1560 0.8480 0.5065
vn 0.7023 -0.1448 -0.6970
vn -0.6371 0.4859 -0.5983
vn 0.5463 -0.7743 0.3195
vn 0.3961 -0.8110 0.4307
vn -0.2504 -0.9679 0.0224
vn 0.7503 -0.6059 0.2646
vn 0.5804 -0.5728 0.5788
vn 0.5827 -0.4788 0.6567
vn 0.7142 -0.5708 0.4052
vn 0.6473 -0.5632 0.5137
vn -0.5961 0.4624 0.6564
vn -0.5429 0.5045 0.6714
vn 0.9338 0.2707 -0.2339
vn 0.0011 0.0295 -0.9996
vn -0.0054 0.0266 -0.9996
vn 0.0279 0.1043 -0.9942
vn 0.0076 0.0235 -0.9997
vn 0.8458 -0.5335 -0.0054
vn 0.4475 0.8765 0.1771
vn 0.9532 0.3010 -0.0282
vn 0.9175 0.3648 0.1583
vn 0.2918 0.4690 -0.8336
vn 0.2705 0.4567 -0.8475
vn 0.2804 0.4375 -0.8544
vn 0.2921 0.4764 -0.8293
vn 0.2743 0.4389 -0.8556
vn 0.9874 0.0345 0.1542
vn 0.6798 0.7333 -0.0160
vn 0.9927 0.1177 0.0249
vn -0.5931 0.4263 -0.6830
vn -0.5905 0.4134 -0.6931
vn 0.5309 0.8463 0.0434
vn 0.4615 0.8861 0.0434
vn 0.9322 0.3547 0.0721
vn -0.8261 0.5262 -0.2019
vn -0.8266 0.5242 -0.2046
vn -0.8262 0.5250 -0.2043
vn -0.8259 0.5265 -0.2017
vn 0.4773 0.8774 -0.0490
vn 0.3669 0.9197 -0.1400
vn -0.1918 0.9762 0.1013
vn -0.1137 0.9843 0.1351
vn 0.3214 0.9129 0.2516
vn 0.6857 0.7177 0.1216
vn 0.1150 -0.0863 -0.9896
vn 0.0949 -0.0750 -0.9927
vn 0.8267 0.5626 0.0121
vn 0.9590 0.2478 0.1375
vn 0.2080 0.9705 -0.1221
vn 0.6486 0.7434 0.1633
vn 0.4302 0.8717 0.2345
vn 0.9631 0.2312 0.1374
vn 0.8860 0.4637 -0.0054
vn 0.9581 -0.2861 0.0122
vn 0.9514 -0.3030 -0.0554
vn 0.7520 0.6098 -0.2504
vn -0.6227 0.7820 0.0269
vn -0.6549 0.7542 -0.0477
vn 0.8794 0.4406 0.1803
vn 0.3162 0.9424 -0.1091
vn 0.1591 0.9845 -0.0736
vn 0.3342 0.9288 0.1601
vn 0.6455 0.7511 0.1384
vn 0.7778 -0.2963 -0.5543
vn 0.8821 0.4711 -0.0016
vn 0.9298 0.1295 0.3445
vn 0.9922 0.1163 0.0443
vn 0.9921 0.1162 0.0462
vn 0.9918 0.1216 0.0395
vn 0.9880 0.1377 0.0707
vn 0.9880 0.1376 0.0707
vn -0.6887 -0.1923 -0.6991
vn -0.6546 -0.1665 -0.7375
vn -0.6545 -0.1664 -0.7375
vn -0.6789 -0.2260 -0.6986
vn -0.9192 0.3521 -0.1766
vn -0.9117 0.3559 -0.2053
vn -0.4532 0.7098 -0.5392
vn -0.4679 0.7037 -0.5347
vn -0.4752 0.6827 -0.5552
vn -0.4752 0.6827 -0.5551
vn -0.8213 -0.4990 -0.2766
vn -0.8213 -0.4990 -0.2767
vn -0.8412 -0.4951 -0.2175
vn 0.3364 0.9396 -0.0626
vn 0.1543 0.9836 0.0932
vn 0.4454 0.8920 -0.0765
vn 0.3661 0.9173 0.1566
vn 0.1102 0.9937 0.0212
vn 0.4132 0.9078 0.0721
vn 0.6353 0.7720 0.0212
vn 0.2439 0.9680 0.0597
vn 0.6869 0.7265 -0.0208
vn 0.9486 0.0155 0.3160
vn 0.6971 0.3792 0.6085
vn 0.5698 0.8170 0.0888
vn 0.8834 0.4415 0.1571
vn 0.9687 0.2367 0.0753
vn 0.6939 0.1776 0.6978
vn 0.1154 -0.2083 -0.9712
vn 0.1160 -0.2078 -0.9713
vn 0.1112 -0.2117 -0.9710
vn 0.1106 -0.2127 -0.9708
vn 0.8123 0.5326 0.2377
vn 0.9569 0.2414 0.1614
vn 0.2278 0.9723 -0.0529
vn 0.3901 0.9207 0.0125
vn 0.4660 0.8846 0.0192
vn 0.4363 0.8954 -0.0892
vn 0.2035 0.9752 0.0871
vn 0.9913 0.0971 0.0883
vn 0.0923 0.9948 -0.0439
vn 0.9145 0.3765 -0.1483
vn 0.1601 0.6110 0.7753
vn 0.1371 0.6702 0.7294
vn 0.8497 -0.4339 0.2995
vn 0.2159 0.9764 0.0026
vn 0.3978 0.9136 0.0835
vn 0.4936 0.8046 0.3301
vn 0.8085 0.5320 -0.2515
vn 0.9088 -0.4096 -0.0795
vn 0.8480 -0.2180 -0.4830
vn 0.9608 0.2644 -0.0838
vn 0.5143 0.3318 0.7908
vn 0.5378 0.8394 0.0788
vn 0.1410 0.5776 0.8041
vn -0.2159 -0.0724 0.9737
vn -0.0355 -0.3389 0.9402
vn -0.5370 0.2871 0.7932
vn -0.5482 0.2684 0.7921
vn -0.5124 0.3099 0.8008
vn -0.3789 0.1826 0.9072
vn 0.1147 -0.1839 0.9762
vn -0.9629 0.2694 -0.0156
vn -0.9556 0.2919 0.0409
vn 0.2927 0.9220 0.2534
vn 0.6902 0.7235 -0.0130
vn 0.2569 0.7715 0.5821
vn 0.2315 0.7705 0.5938
vn 0.2315 0.7705 0.5939
vn 0.0441 0.9973 -0.0580
vn -0.1123 0.2698 0.9563
vn -0.9406 -0.2608 -0.2173
vn -0.9406 -0.2608 -0.2172
vn -0.9262 -0.2503 -0.2821
vn 0.5601 -0.2044 0.8028
vn 0.0889 0.7222 0.6860
vn 0.9960 -0.0871 0.0186
vn 0.9920 -0.0981 0.0799
vn 0.2543 0.9651 0.0627
vn -0.9046 -0.2417 -0.3510
vn -0.9037 -0.2361 -0.3571
vn -0.9043 -0.2364 -0.3555
vn -0.9206 -0.1683 -0.3524
vn -0.9206 -0.1673 -0.3529
vn -0.9191 -0.1698 -0.3557
vn -0.2859 0.8288 0.4811
vn 0.1463 0.9619 0.2312
vn 0.9785 0.1967 0.0614
vn 0.6342 0.2846 -0.7189
vn 0.6653 0.2235 -0.7123
vn 0.2599 0.7660 0.5880
vn -0.3176 0.7870 -0.5289
vn -0.2789 0.8176 -0.5037
vn 0.2064 0.1867 0.9605
vn 0.0828 0.9943 0.0669
vn 0.2483 0.9686 0.0139
vn 0.1395 0.1779 0.9741
vn -0.5301 0.2366 0.8143
vn 0.0890 0.9846 -0.1507
vn 0.9930 -0.1107 0.0422
vn -0.2839 -0.1735 0.9430
vn 0.8744 0.3517 0.3342
vn 0.4670 0.8794 0.0925
vn 0.1211 0.4429 0.8884
vn -0.1950 0.8319 0.5196
vn 0.0164 0.8228 0.5680
vn -0.4279 0.7290 -0.5342
vn -0.4245 0.7290 -0.5370
vn -0.4329 0.7204 -0.5418
vn -0.2992 0.8954 0.3299
vn -0.2373 0.9064 0.3496
vn -0.2372 0.9064 0.3496
vn -0.2992 0.8954 0.3298
vn 0.0918 0.5310 0.8424
vn -0.8989 -0.4381 -0.0036
vn -0.8985 -0.4388 -0.0081
vn -0.8652 -0.4998 -0.0411
vn -0.8652 -0.4998 -0.0412
vn -0.8934 -0.4493 -0.0014
vn 0.3503 0.9018 0.2530
vn -0.4547 -0.3368 0.8245
vn -0.4271 -0.2948 0.8548
vn -0.3596 0.6832 0.6355
vn -0.3728 -0.0443 0.9268
vn 0.0462 0.2432 0.9689
vn -0.2935 0.0704 0.9534
vn -0.5976 0.5128 0.6164
vn -0.7959 0.4059 0.4492
vn -0.5133 0.1117 -0.8509
vn -0.5138 0.1101 -0.8508
vn -0.5134 0.1116 -0.8509
vn -0.5134 0.1119 -0.8509
vn 0.0362 0.8535 0.5199
vn 0.2877 -0.6907 0.6634
vn 0.3972 -0.1090 0.9112
vn 0.4484 -0.0501 0.8924
vn 0.9400 0.0594 0.3359
vn 0.7003 0.6722 0.2403
vn 0.6888 0.6937 0.2104
vn 0.4767 0.8784 -0.0357
vn -0.8757 0.4471 -0.1826
vn -0.8547 0.4958 -0.1538
vn 0.2386 -0.0652 0.9689
vn -0.8614 0.4763 -0.1761
vn -0.8614 0.4763 -0.1762
vn -0.8790 0.4516 -0.1528
vn -0.8851 0.4524 -0.1095
vn -0.8851 0.4524 -0.1094
vn 0.2175 0.8661 0.4501
vn 0.1659 0.9840 0.0654
vn 0.2080 0.7944 0.5707
vn 0.2992 0.0949 -0.9494
vn 0.2993 0.0950 -0.9494
vn 0.3259 0.0790 -0.9421
vn 0.3269 0.1715 -0.9294
vn 0.3268 0.1714 -0.9294
vn 0.2591 0.1394 -0.9557
vn -0.0917 0.0113 0.9957
vn -0.3891 0.6738 0.6282
vn -0.7773 0.5934 0.2087
vn -0.7774 0.5934 0.2087
vn -0.8104 0.5574 0.1807
vn 0.4206 -0.0802 -0.9037
vn 0.4676 -0.0365 -0.8832
vn 0.4676 -0.0366 -0.8832
vn -0.0982 -0.0803 0.9919
vn 0.2859 0.6017 0.7458
vn 0.2603 0.1755 0.9494
vn 0.4566 0.5695 0.6835
vn -0.5665 0.4016 0.7196
vn 0.1242 0.1460 0.9815
vn 0.0600 0.0172 0.9981
vn 0.5096 0.6652 0.5458
vn 0.6609 0.7157 0.2258
vn -0.0167 0.1085 0.9940
vn -0.1800 0.3169 0.9312
vn -0.3502 -0.0293 0.9362
vn -0.2858 0.7215 0.6306
vn -0.0512 0.3712 -0.9271
vn -0.0148 0.3466 -0.9379
vn -0.0512 0.3712 -0.9272
vn -0.6464 0.7602 -0.0661
vn -0.7096 0.7025 -0.0544
vn -0.0207 0.2892 0.9570
vn -0.0273 -0.1702 0.9850
vn 0.6690 -0.0308 0.7426
vn -0.0493 0.6776 0.7338
vn 0.9978 0.0613 -0.0242
vn 0.7771 0.0488 0.6275
vn 0.9896 0.0812 0.1187
vn 0.1488 0.1117 0.9825
vn 0.7058 0.6950 -0.1371
vn 0.6760 0.5279 0.5141
vn 0.3463 0.1435 0.9271
vn 0.3303 -0.1423 0.9331
vn 0.1737 0.9253 0.3372
vn -0.1905 -0.0327 0.9811
vn -0.9585 0.2508 -0.1355
vn -0.9770 0.1710 -0.1277
vn -0.0801 0.9196 -0.3847
vn 0.0127 0.6625 -0.7490
vn -0.7513 0.2288 -0.6190
vn -0.3748 -0.0722 -0.9243
vn 0.3075 0.7447 -0.5924
vn 0.1295 0.5062 -0.8526
vn -0.7408 0.4465 -0.5019
vn -0.7362 0.4318 -0.5211
vn 0.1219 0.0211 -0.9923
vn -0.0359 0.6114 -0.7905
vn 0.4738 -0.5168 0.7130
vn 0.5104 -0.5196 0.6853
vn 0.4738 -0.5168 0.7131
vn 0.2229 0.5556 -0.8010
vn 0.2766 0.7822 -0.5583
vn 0.0709 0.4008 -0.9134
vn -0.5590 0.3941 -0.7295
vn 0.2184 0.6046 -0.7660
vn 0.0700 0.7145 -0.6962
vn -0.3415 0.9398 -0.0149
vn -0.3285 0.9444 -0.0171
vn -0.3310 0.9435 -0.0173
vn -0.3437 0.9390 -0.0156
vn 0.2573 0.5920 -0.7637
vn 0.1952 0.6936 -0.6934
vn -0.5992 0.2421 -0.7631
vn 0.4667 0.1437 0.8726
vn 0.4079 0.1257 0.9043
vn 0.4683 0.1020 0.8777
vn 0.4662 0.1430 0.8730
vn 0.4671 0.1445 0.8723
vn -0.9621 0.2164 -0.1659
vn -0.9621 0.2163 -0.1659
vn -0.9624 0.2161 -0.1647
vn -0.9624 0.2160 -0.1647
vn -0.7652 0.6372 -0.0924
vn -0.1668 0.7438 -0.6473
vn -0.2896 0.6667 -0.6868
vn 0.0682 0.8472 -0.5269
vn -0.9186 0.2770 -0.2818
vn -0.1625 0.6334 0.7565
vn -0.1625 0.6334 0.7566
vn -0.1262 0.6114 0.7812
vn -0.5794 0.6726 -0.4603
vn -0.1537 0.9160 0.3706
vn 0.9356 -0.3424 -0.0858
vn 0.9313 -0.3569 -0.0723
vn 0.9525 -0.2979 -0.0630
vn 0.9525 -0.2979 -0.0629
vn 0.9377 -0.3131 -0.1506
vn 0.1666 0.6231 -0.7642
vn -0.1923 0.4844 -0.8535
vn -0.6939 0.3291 -0.6405
vn -0.6986 0.3153 -0.6422
vn -0.1597 0.8306 -0.5335
vn -0.4377 0.8967 -0.0661
vn -0.1838 0.8101 -0.5567
vn -0.8640 0.3792 0.3313
vn -0.8842 0.3209 0.3395
vn -0.1301 0.2605 0.9567
vn -0.1568 0.2449 0.9568
vn -0.1568 0.2448 0.9568
vn 0.6900 0.2216 -0.6891
vn -0.7315 0.4840 -0.4804
vn 0.5597 0.3509 -0.7507
vn 0.6305 0.3707 -0.6820
vn 0.6452 0.3812 -0.6622
vn 0.2043 0.6565 -0.7261
vn -0.5248 -0.0686 -0.8485
vn -0.9369 0.3437 0.0632
vn -0.6757 -0.3605 -0.6430
vn -0.1297 0.0026 -0.9915
vn -0.5031 0.7385 -0.4489
vn 0.1246 -0.2827 -0.9511
vn -0.7655 0.6356 -0.1000
vn -0.7499 0.6523 -0.1107
vn -0.7498 0.6523 -0.1107
vn 0.0951 0.5778 -0.8106
vn 0.3705 0.2484 -0.8950
vn -0.4997 -0.0287 -0.8657
vn 0.1222 -0.3037 -0.9449
vn -0.5083 0.6959 -0.5074
vn -0.2143 0.1341 0.9675
vn -0.2350 0.1040 0.9664
vn -0.2351 0.1040 0.9664
vn 0.0380 0.8091 -0.5865
vn -0.1779 0.9369 -0.3010
vn -0.1780 0.9369 -0.3010
vn -0.1243 0.9525 -0.2778
vn -0.5171 0.6641 0.5400
vn -0.5646 0.4097 -0.7165
vn -0.1217 0.5236 0.8432
vn 0.3781 -0.6034 -0.7021
vn 0.3263 -0.5717 -0.7528
vn -0.7310 0.6382 -0.2414
vn -0.1676 0.6425 0.7477
vn -0.2920 0.3466 0.8914
vn -0.3241 0.3430 0.8817
vn -0.3063 0.3756 0.8747
vn -0.3063 0.3755 0.8747
vn -0.8589 0.3905 0.3314
vn 0.9279 -0.3544 -0.1159
vn 0.9150 -0.4004 -0.0499
vn 0.9150 -0.4004 -0.0500
vn -0.4837 0.6189 0.6189
vn 0.4909 0.8256 0.2781
vn -0.8849 0.1803 -0.4295
vn -0.0423 0.8495 0.5259
vn -0.0592 0.7336 0.6770
vn -0.2219 0.2864 0.9321
vn -0.5675 0.4555 0.6859
vn 0.8152 -0.5187 0.2577
vn 0.8167 -0.5177 0.2550
vn 0.8183 -0.5166 0.2520
vn -0.6744 0.3613 0.6439
vn -0.6520 0.5674 0.5029
vn -0.5282 0.8230 0.2088
vn -0.9093 0.3421 -0.2371
vn 0.5175 0.0192 0.8555
vn -0.0245 0.8376 0.5458
vn -0.9840 -0.1673 0.0618
vn -0.7415 0.6663 -0.0789
vn -0.9066 0.1545 -0.3927
vn -0.5365 0.6561 0.5307
vn 0.9257 -0.2888 0.2443
vn 0.9455 -0.2302 0.2303
vn 0.9455 -0.2302 0.2302
vn -0.9412 0.2125 -0.2627
vn -0.8648 0.1768 -0.4700
vn -0.3835 0.8753 0.2947
vn -0.0421 0.9577 0.2845
vn -0.8737 0.4864 0.0063
vn -0.4100 0.6631 0.6262
vn -0.2182 0.5459 0.8090
vn -0.6511 0.7099 0.2686
vn -0.8891 0.4466 -0.0997
vn -0.5171 0.6241 0.5858
vn -0.6399 0.4879 0.5938
vn -0.9699 0.2168 -0.1109
vn -0.4503 0.8928 -0.0156
vn -0.6695 0.4278 -0.6073
vn -0.9688 0.1089 -0.2225
vn 0.3018 0.9485 0.0962
vn 0.3432 0.9296 0.1343
vn -0.9899 0.0139 -0.1409
vn -0.9643 0.2124 -0.1580
vn -0.6000 0.7815 0.1710
vn -0.6681 0.7339 0.1230
vn -0.7008 0.6934 0.1674
vn -0.8697 0.2728 0.4113
vn -0.8794 0.2247 0.4197
vn -0.8697 0.2729 0.4113
vn -0.6376 0.4991 0.5868
vn -0.6559 0.4944 0.5704
vn -0.9904 0.0710 -0.1185
vn -0.5956 0.6800 -0.4276
vn -0.4919 0.5189 0.6991
vn -0.2582 0.9651 -0.0441
vn -0.2142 0.9756 -0.0476
vn -0.2143 0.9756 -0.0476
vn -0.9492 0.1246 0.2888
vn 0.2193 0.8862 0.4081
vn 0.5948 0.7708 0.2281
vn 0.7837 0.5494 0.2897
vn -0.7436 0.6140 0.2648
vn -0.7055 0.5829 0.4031
vn 0.0417 0.8505 0.5244
vn -0.5508 0.2020 0.8098
vn -0.0527 -0.6745 -0.7364
vn 0.3672 0.8208 0.4375
vn 0.4428 0.8422 -0.3077
vn 0.7371 0.6713 0.0773
vn -0.6404 0.2109 0.7386
vn -0.6350 0.2322 0.7368
vn -0.6350 0.2323 0.7368
vn 0.3318 0.9268 -0.1761
vn -0.3418 0.6322 -0.6953
vn 0.3744 0.4096 0.8319
vn -0.7804 0.1622 0.6039
vn -0.9446 0.3267 0.0325
vn 0.4117 0.8014 0.4340
vn 0.6539 0.5895 0.4743
vn 0.9793 0.1687 -0.1114
vn 0.4143 0.8608 0.2957
vn 0.0776 0.5769 0.8131
vn 0.0503 0.5876 0.8076
vn -0.3103 0.7741 -0.5518
vn 0.9700 0.2412 -0.0315
vn 0.9825 0.1816 -0.0422
vn 0.9700 0.2411 -0.0315
vn -0.8639 0.3945 -0.3132
vn 0.4363 0.6391 0.6333
vn -0.1805 0.9173 0.3550
vn -0.7147 0.5401 0.4445
vn -0.5495 0.6130 0.5677
vn -0.8256 0.3413 -0.4494
vn 0.3549 0.4501 0.8195
vn 0.3468 0.4474 0.8244
vn 0.3448 0.4480 0.8249
vn 0.3535 0.4497 0.8203
vn 0.0007 0.7345 -0.6787
vn -0.4600 0.4887 -0.7414
vn -0.9549 0.2310 -0.1868
vn -0.9548 0.2310 -0.1868
vn -0.9489 0.2627 -0.1746
vn -0.9489 0.2628 -0.1746
vn 0.4258 0.4625 0.7776
vn -0.2950 0.6203 0.7268
vn -0.6600 0.7383 0.1388
vn -0.7173 0.6790 0.1560
vn -0.6878 0.7224 0.0705
vn -0.7048 0.6954 0.1405
vn 0.0560 -0.6219 -0.7811
vn -0.0548 0.7508 0.6583
vn 0.8249 0.5338 0.1859
vn -0.5022 0.8618 -0.0711
vn -0.5400 -0.2065 -0.8159
vn 0.4454 0.3752 -0.8129
vn -0.6417 0.7542 -0.1392
vn -0.9597 0.2346 -0.1548
vn -0.2265 0.9660 -0.1243
vn -0.5098 0.7043 0.4940
vn 0.3272 0.4413 0.8355
vn 0.1870 0.4406 0.8780
vn 0.3767 0.6991 0.6078
vn -0.3514 0.6981 -0.6239
vn -0.6432 -0.7275 -0.2388
vn -0.6941 -0.6754 -0.2490
vn -0.2326 0.6718 0.7033
vn -0.8054 0.2878 0.5181
vn -0.3931 0.1427 -0.9083
vn -0.5868 0.6200 -0.5209
vn -0.4876 -0.0952 0.8679
vn -0.1775 0.7186 -0.6724
vn -0.7778 0.6241 -0.0737
vn -0.5876 0.4699 -0.6588
vn -0.3680 0.6864 0.6272
vn 0.0864 0.9963 -0.0035
vn -0.0656 0.8485 -0.5252
vn -0.8966 0.4405 0.0461
vn -0.1279 0.9454 -0.2998
vn -0.2232 0.8742 0.4311
vn 0.5539 -0.2157 0.8042
vn -0.3037 0.3106 0.9007
vn -0.3857 -0.6260 0.6777
vn 0.6751 0.5263 0.5170
vn 0.6748 0.5507 0.4913
vn -0.4541 0.8908 0.0179
vn -0.0941 0.8059 0.5845
vn 0.6248 -0.4920 0.6063
vn 0.7372 0.1830 0.6504
vn -0.5979 0.7133 0.3656
vn -0.5675 0.8234 -0.0019
vn -0.5820 0.8129 0.0197
vn -0.9606 0.2619 0.0931
vn -0.9605 0.2622 0.0932
vn -0.2002 0.9742 0.1045
vn -0.9739 -0.1988 0.1097
vn -0.5807 0.6132 -0.5356
vn -0.5750 0.6224 -0.5310
vn -0.5763 0.6209 -0.5314
vn -0.5821 0.6117 -0.5357
vn -0.4697 -0.6182 0.6303
vn -0.0456 0.8504 0.5242
vn -0.1446 0.7805 -0.6082
vn -0.1398 0.7727 -0.6192
vn -0.1772 0.7859 -0.5925
vn -0.1190 0.7211 0.6825
vn 0.1315 0.6430 0.7545
vn -0.9589 -0.0308 0.2821
vn -0.9514 0.0132 0.3076
vn 0.2971 0.1069 0.9489
vn 0.2112 0.8196 0.5326
vn -0.1885 0.9047 0.3820
vn -0.2002 -0.0419 0.9789
vn -0.3595 0.1873 0.9142
vn 0.4353 0.4622 0.7726
vn -0.9625 -0.0644 0.2634
vn -0.2179 -0.4382 0.8721
vn 0.0732 0.0469 0.9962
vn 0.0009 0.9408 0.3388
vn 0.1020 0.9340 0.3425
vn -0.3697 0.7737 -0.5145
vn -0.4134 0.7535 -0.5112
vn -0.3565 0.9124 0.2011
vn -0.3678 0.9115 0.1841
vn 0.6489 0.5009 0.5728
vn -0.5008 0.6508 -0.5706
vn -0.5000 0.6705 -0.5480
vn 0.2124 0.9733 0.0872
vn 0.4446 0.6137 0.6524
vn 0.2574 0.9224 0.2881
vn 0.0060 0.0044 1.0000
vn -0.0906 0.2728 0.9578
vn 0.9147 -0.0289 0.4031
vn -0.1304 0.3842 0.9140
vn 0.4033 0.4488 0.7974
vn 0.8134 0.3363 -0.4747
vn 0.7677 0.3522 -0.5353
vn 0.5751 0.0144 0.8180
vn 0.5291 -0.0424 0.8475
vn 0.9322 0.2160 -0.2905
vn 0.9230 0.2228 -0.3136
vn 0.9230 0.2228 -0.3137
vn 0.1003 -0.1381 0.9853
vn 0.1002 -0.1381 0.9853
vn 0.8227 0.3612 0.4391
vn -0.6058 0.6838 0.4067
vn -0.6217 0.6455 0.4436
vn -0.6217 0.6456 0.4436
vn -0.5938 0.7011 0.3949
vn 0.0703 0.1441 0.9871
vn 0.0641 0.7004 0.7109
vn 0.1504 0.7571 0.6358
vn 0.9990 -0.0287 -0.0340
vn 1.0000 -0.0092 0.0027
vn 0.3915 -0.1955 0.8992
vn -0.9010 0.3497 0.2565
vn -0.9011 0.3497 0.2565
vn -0.8700 0.4061 0.2795
vn -0.8078 0.2575 0.5302
vn -0.8040 0.2746 0.5274
vn -0.8057 0.2689 0.5278
vn -0.8045 0.2609 0.5336
vn -0.6293 -0.7120 0.3116
vn 0.4608 0.7705 0.4404
vn 0.7688 -0.0642 0.6363
vn 0.6847 0.0616 0.7262
vn 0.7168 -0.5876 0.3753
vn 0.9460 -0.3004 0.1222
vn 0.4058 0.0223 0.9137
vn -0.3539 0.9168 0.1849
vn 0.4280 0.0878 0.8995
vn 0.9494 -0.1391 0.2817
vn -0.8035 0.4981 -0.3260
vn -0.8023 0.5186 -0.2955
vn 0.4929 -0.3941 0.7757
vn -0.7452 0.6024 0.2861
vn -0.7448 0.6030 0.2856
vn -0.7423 0.6074 0.2830
vn -0.7426 0.6068 0.2834
vn 0.3121 0.6309 0.7103
vn -0.0151 0.5776 0.8162
vn 0.0638 -0.6062 0.7928
vn -0.3644 0.8609 0.3550
vn -0.3361 0.8880 0.3138
vn 0.1532 -0.8382 0.5234
vn 0.0971 -0.3072 0.9467
vn -0.0200 0.9927 0.1192
vn 0.0527 0.9957 0.0764
vn -0.2252 -0.6222 0.7498
vn -0.2209 0.4385 0.8712
vn 0.0788 0.4683 0.8800
vn 0.9712 0.0518 0.2326
vn 0.9746 0.0717 0.2121
vn 0.9746 0.0718 0.2121
vn -0.8808 0.0473 0.4710
vn -0.8868 0.0223 0.4616
vn -0.8779 -0.0234 0.4782
vn 0.5077 -0.1698 0.8447
vn -0.2456 0.6813 0.6896
vn 0.0006 -0.6486 0.7612
vn -0.0978 0.7224 -0.6846
vn -0.0736 0.7230 -0.6869
vn -0.0235 0.6846 -0.7286
vn -0.0235 0.6845 -0.7286
vn -0.7103 0.5304 0.4627
vn 0.3580 0.6598 0.6607
vn -0.6460 0.5665 0.5116
vn -0.6245 0.7392 0.2522
vn 0.4809 0.4543 0.7499
vn -0.8647 0.4936 -0.0929
vn -0.8608 0.4974 -0.1074
vn -0.8647 0.4937 -0.0929
vn 0.7285 -0.2463 0.6393
vn 0.0166 0.1011 0.9947
vn 0.0029 0.9669 0.2552
vn -0.5894 0.2190 0.7776
vn -0.1987 0.1283 0.9716
vn 0.0812 -0.4372 0.8957
vn 0.3683 0.8732 -0.3192
vn -0.4138 0.7768 0.4747
vn 0.7341 0.6009 0.3162
vn 0.1945 0.0157 0.9808
vn -0.2942 0.9340 0.2027
vn 0.5805 0.4877 0.6521
vn 0.5987 -0.4756 0.6445
vn -0.5226 0.8276 0.2050
vn -0.5222 0.8279 0.2048
vn -0.5224 0.8277 0.2049
vn 0.3118 0.5051 0.8048
vn 0.5210 -0.5403 0.6607
vn -0.0574 0.7832 0.6191
vn 0.4333 -0.2221 0.8735
vn 0.3070 -0.2395 0.9211
vn 0.1077 -0.0511 0.9929
vn 0.4818 0.8356 -0.2639
vn 0.5377 0.8116 -0.2283
vn 0.1656 0.4410 0.8821
vn 0.1622 0.4277 0.8892
vn 0.1647 0.5061 0.8466
vn 0.1961 0.4919 0.8483
vn 0.1899 0.4485 0.8734
vn 0.1262 0.4721 0.8724
vn 0.2372 0.9485 0.2100
vn 0.9365 -0.3485 0.0400
vn 0.0937 0.8100 0.5790
vn 0.3038 -0.0101 -0.9527
vn 0.3210 0.0167 -0.9469
vn -0.1759 0.6203 0.7644
vn -0.1577 0.9780 0.1367
vn -0.2543 0.2112 0.9438
vn 0.2310 0.6968 0.6791
vn 0.1134 0.9544 0.2762
vn 0.2104 0.6082 0.7654
vn -0.8421 0.5297 0.1018
vn -0.8424 0.5298 0.0989
vn -0.8478 0.5221 0.0924
vn -0.8486 0.5203 0.0957
vn 0.3946 0.2739 0.8771
vn 0.8256 0.4457 0.3461
vn 0.2426 0.9666 0.0820
vn 0.0005 0.3553 0.9348
vn -0.6124 0.4927 0.6183
vn -0.2614 0.4565 0.8504
vn 0.0883 -0.7083 0.7004
vn 0.1649 -0.7410 0.6509
vn 0.0912 -0.7315 0.6757
vn -0.3041 0.2797 0.9107
vn 0.2800 0.9467 0.1595
vn 0.5184 0.6479 0.5582
vn -0.5017 0.5151 0.6950
vn 0.2266 -0.8518 0.4724
vn -0.1845 -0.0620 0.9809
vn -0.0825 0.7776 0.6233
vn -0.4694 0.6591 0.5876
vn -0.8146 0.0251 0.5794
vn -0.8193 0.0105 0.5733
vn -0.8043 0.0025 0.5942
vn -0.3735 0.6126 0.6966
vn -0.6507 0.1887 0.7355
vn 0.6911 -0.6258 0.3617
vn -0.1524 0.6600 0.7356
vn 0.5374 0.7084 0.4575
vn -0.4394 0.7893 0.4289
vn -0.3520 0.5539 0.7545
vn -0.3483 0.0132 0.9373
vn -0.0318 0.9434 0.3300
vn -0.2443 0.8230 0.5128
vn -0.0607 0.7135 0.6980
vn -0.0607 0.7135 0.6981
vn -0.0621 0.6979 0.7135
vn -0.0621 0.6980 0.7134
vn -0.3859 0.7743 0.5015
vn -0.4351 0.0354 0.8997
vn -0.0685 0.4181 0.9058
vn -0.4167 0.0046 0.9090
vn 0.3147 0.5837 0.7485
vn -0.3559 0.0233 0.9342
vn 0.5707 0.8120 0.1223
vn -0.9454 0.3093 0.1030
vn -0.5190 0.8369 0.1737
vn -0.8142 0.5684 -0.1181
vn -0.8101 0.5793 -0.0898
vn -0.8142 0.5684 -0.1180
vn -0.4633 0.2789 0.8412
vn -0.9147 0.2378 0.3266
vn -0.4438 0.0014 0.8961
vn 0.7697 -0.1872 0.6103
vn -0.8783 0.2547 0.4045
vn -0.2546 0.4957 0.8303
vn -0.3886 0.4785 0.7874
vn -0.5304 0.4014 0.7467
vn -0.0919 0.3419 -0.9352
vn -0.0417 0.3988 -0.9161
vn -0.0626 0.4195 -0.9056
vn -0.1120 0.3890 -0.9144
vn 0.2170 0.1770 0.9600
vn 0.1260 0.8644 0.4868
vn -0.5862 0.1348 -0.7988
vn -0.5775 0.1716 -0.7981
vn 0.1723 0.1503 0.9735
vn -0.2853 0.5935 0.7526
vn 0.2044 0.9355 -0.2881
vn 0.2041 0.9357 -0.2878
vn -0.1862 0.8476 -0.4969
vn -0.2464 0.8436 -0.4771
vn 0.1984 0.3488 0.9159
vn -0.5730 0.3766 0.7279
vn 0.8155 -0.4915 0.3057
vn -0.2899 0.4619 0.8382
vn -0.0936 -0.6472 0.7566
vn 0.2556 0.9640 -0.0735
vn 0.1362 0.9839 0.1156
vn -0.0483 0.8872 0.4588
vn 0.1787 0.6561 0.7332
vn 0.1395 0.6286 0.7651
vn 0.7069 -0.1701 0.6865
vn -0.6071 0.3481 0.7143
vn 0.4204 0.8400 0.3430
vn 0.7675 -0.6237 0.1478
vn 0.7616 -0.6365 0.1219
vn 0.7615 -0.6365 0.1219
vn -0.8329 0.1454 0.5339
vn -0.0043 0.7316 0.6817
vn -0.3995 0.9124 -0.0893
vn -0.1450 0.9359 0.3209
vn -0.1450 0.9360 0.3209
vn -0.1412 0.9428 0.3019
vn -0.1412 0.9428 0.3020
vn -0.2036 0.8384 -0.5056
vn -0.3821 0.9011 -0.2048
vn 0.4184 0.5347 0.7342
vn 0.0984 0.9243 0.3689
vn -0.1557 0.3116 0.9374
vn -0.1784 0.3531 0.9184
vn -0.4027 0.3785 0.8334
vn -0.0333 0.6372 0.7699
vn 0.8943 0.3177 0.3152
vn -0.1438 0.8610 0.4878
vn -0.1236 0.8249 0.5516
vn -0.1236 0.8249 0.5517
vn 0.8611 0.3960 0.3188
vn 0.8381 0.4677 0.2806
vn -0.0732 0.8257 0.5594
vn -0.0840 0.7784 0.6221
vn -0.7908 0.2664 0.5510
vn -0.2100 0.7120 0.6701
vn 0.1193 0.2794 0.9527
vn 0.3121 -0.0400 0.9492
vn 0.3816 0.9242 0.0138
vn 0.4151 0.9093 0.0294
vn 0.4150 0.9093 0.0294
vn 0.3774 0.9249 0.0464
vn 0.3466 0.9378 0.0219
vn 0.2882 0.6741 0.6801
vn -0.3311 0.6271 0.7051
vn 0.9777 0.1427 0.1538
vn -0.5051 0.5277 0.6829
vn 0.1514 0.5297 0.8346
vn 0.8154 -0.5755 -0.0630
vn 0.7922 -0.6037 -0.0888
vn 0.7922 -0.6037 -0.0887
vn -0.4613 0.7842 0.4150
vn -0.4509 0.0644 0.8902
vn 0.6795 -0.0070 0.7337
vn -0.5826 0.7456 0.3236
vn 0.1039 0.8945 0.4349
vn 0.9212 0.1931 0.3379
vn -0.1270 0.9786 0.1617
vn -0.3672 0.4294 -0.8251
vn -0.4442 0.4081 -0.7976
vn -0.9410 0.3370 -0.0299
vn -0.9481 0.3175 -0.0178
vn -0.9541 0.2885 -0.0801
vn -0.6846 0.3014 0.6637
vn 0.3585 0.5143 0.7791
vn -0.0714 0.9884 0.1340
vn -0.0716 -0.7055 0.7050
vn -0.4698 0.3221 0.8219
vn -0.4743 0.2472 0.8450
vn -0.4743 0.2473 0.8449
vn -0.9006 0.2584 -0.3496
vn -0.6545 0.7561 -0.0041
vn -0.7310 -0.2551 -0.6329
vn -0.7639 -0.2680 -0.5870
vn -0.7521 -0.2094 -0.6249
vn -0.9947 -0.0946 0.0413
vn -0.7756 0.3394 -0.5323
vn -0.2595 0.9615 -0.0902
vn -0.7787 0.4774 -0.4070
vn -0.7512 0.4407 -0.4914
vn -0.8025 0.5817 -0.1329
vn -0.8125 0.5736 -0.1041
vn -0.8125 0.5735 -0.1041
vn -0.6328 0.4845 -0.6040
vn -0.8705 -0.3349 -0.3606
vn -0.4262 0.9043 -0.0259
vn -0.9326 0.3042 0.1941
vn -0.9326 0.3041 0.1942
vn -0.9341 0.2582 0.2467
vn -0.9341 0.2582 0.2468
vn -0.7105 0.5203 -0.4738
vn -0.4851 0.7862 -0.3828
vn -0.7217 0.6506 0.2362
vn -0.7210 0.6522 0.2341
vn -0.7501 0.6349 0.1848
vn -0.7210 0.6522 0.2342
vn -0.7244 0.3772 0.5770
vn -0.8444 0.3384 0.4153
vn -0.5185 0.8344 -0.1870
vn -0.7788 0.5736 -0.2540
vn -0.4501 0.7162 -0.5334
vn -0.0514 0.9540 0.2955
vn -0.6661 0.5380 -0.5167
vn -0.6153 0.7843 -0.0790
vn 0.9823 0.0216 -0.1861
vn 0.9853 0.0657 -0.1579
vn -0.7347 0.6006 -0.3154
vn -0.3209 0.8755 -0.3613
vn -0.2489 0.9097 -0.3324
vn -0.9700 0.1769 -0.1668
vn -0.8705 0.1100 0.4797
vn -0.2699 0.7487 0.6055
vn -0.4422 -0.6181 -0.6499
vn -0.9172 0.0227 -0.3977
vn -0.9041 0.0055 -0.4272
vn -0.6758 0.1503 0.7216
vn -0.6790 0.1491 0.7189
vn -0.6787 0.1477 0.7194
vn -0.6756 0.1489 0.7221
vn -0.5191 -0.4775 -0.7089
vn -0.8621 -0.4381 0.2545
vn -0.8481 -0.4789 0.2264
vn -0.8482 -0.4789 0.2264
vn 0.0969 -0.2397 -0.9660
vn -0.5756 -0.2230 -0.7867
vn -0.1952 -0.1789 -0.9643
vn -0.5943 -0.4863 -0.6405
vn -0.5294 -0.2620 -0.8069
vn -0.3403 -0.3678 -0.8654
vn -0.7978 -0.4206 -0.4321
vn -0.0158 -0.0092 -0.9998
vn 0.1649 -0.3287 -0.9299
vn 0.2041 0.3544 0.9125
vn 0.1213 0.3406 0.9324
vn -0.5930 -0.2023 -0.7794
vn -0.5547 -0.4255 -0.7150
vn -0.1061 -0.6372 -0.7634
vn -0.8873 -0.0025 -0.4613
vn -0.5643 -0.4250 -0.7077
vn -0.9327 -0.1851 -0.3094
vn -0.6770 -0.7285 0.1047
vn -0.5456 -0.3740 -0.7500
vn -0.7138 0.6993 0.0384
vn -0.7095 0.6986 0.0928
vn -0.6710 0.7305 0.1274
vn -0.8509 0.5101 -0.1260
vn -0.8524 0.5006 -0.1513
vn -0.9379 -0.3443 0.0418
vn -0.8113 -0.3157 -0.4920
vn -0.7055 -0.0177 -0.7085
vn -0.9876 -0.0111 -0.1567
vn -0.1030 -0.0910 -0.9905
vn 0.0259 -0.6527 -0.7572
vn -0.8539 -0.2296 -0.4671
vn -0.1157 -0.1672 -0.9791
vn -0.5471 0.5295 -0.6483
vn -0.9859 0.0746 -0.1496
vn -0.9908 -0.1351 0.0013
vn 0.0543 0.9550 0.2915
vn 0.0361 0.9618 0.2715
vn -0.6263 0.5427 -0.5596
vn -0.0378 -0.2373 -0.9707
vn -0.1820 -0.5280 -0.8295
vn -0.5293 -0.2552 -0.8091
vn -0.6098 0.4332 -0.6638
vn -0.1898 -0.1194 -0.9745
vn -0.6879 0.5172 -0.5092
vn 0.3146 0.5775 0.7534
vn -0.9797 0.1997 -0.0151
vn -0.9882 0.1507 0.0277
vn -0.9881 0.1521 0.0238
vn -0.9882 0.1512 0.0238
vn -0.9681 0.2506 -0.0062
vn -0.9885 0.1510 -0.0122
vn -0.9778 0.2052 -0.0432
vn -0.9779 0.2042 -0.0441
vn -0.9789 0.2037 -0.0139
vn 0.1741 0.4039 0.8981
vn 0.7265 0.4966 -0.4749
vn 0.6535 0.7245 -0.2192
vn 0.4667 0.5324 -0.7062
vn 0.5212 0.6544 -0.5478
vn -0.2933 0.7805 -0.5521
vn -0.0427 0.1638 -0.9856
vn -0.0372 0.1488 -0.9882
vn -0.1892 0.7562 0.6264
vn -0.5239 0.1688 0.8349
vn 0.2010 0.9758 -0.0865
vn 0.2509 0.1231 0.9601
vn 0.2356 0.1425 0.9614
vn 0.5729 0.8124 -0.1090
vn -0.0917 -0.5942 -0.7991
vn -0.1064 -0.6025 -0.7910
vn -0.0392 -0.6498 -0.7591
vn -0.1175 0.8293 -0.5463
vn 0.1196 0.9595 0.2550
vn -0.0459 0.8511 0.5230
vn 0.8192 -0.5505 -0.1611
vn 0.8022 -0.5551 -0.2199
vn 0.7993 -0.5599 -0.2182
vn 0.8030 -0.5571 -0.2119
vn 0.8290 -0.5402 -0.1449
vn 0.7828 0.3158 -0.5363
vn 0.6835 0.4670 -0.5611
vn 0.5093 0.8001 0.3169
vn 0.4229 0.8149 0.3963
vn -0.1086 -0.1225 -0.9865
vn 0.0028 0.8495 -0.5276
vn -0.1384 0.5924 -0.7937
vn 0.3408 0.3668 -0.8656
vn 0.0879 0.2282 -0.9696
vn -0.3418 0.6112 -0.7138
vn -0.5020 0.7757 -0.3824
vn -0.8634 0.4939 -0.1029
vn -0.0017 0.9634 -0.2679
vn -0.2259 0.4589 -0.8593
vn 0.9989 0.0381 -0.0259
vn 0.9989 0.0387 -0.0262
vn 0.9989 0.0393 -0.0250
vn 0.9987 0.0395 -0.0309
vn -0.9320 0.1918 -0.3074
vn -0.8287 0.0668 -0.5556
vn -0.9886 0.0299 0.1479
vn 0.2713 0.4397 -0.8562
vn 0.2340 0.4858 -0.8422
vn 0.0321 -0.0469 -0.9984
vn 0.4032 0.6092 -0.6829
vn 0.3596 0.6126 -0.7039
vn -0.3176 0.3353 -0.8870
vn -0.9087 0.4057 0.0984
vn 0.1852 -0.3258 -0.9271
vn -0.1986 0.9220 -0.3323
vn -0.1552 0.8212 -0.5492
vn -0.1493 0.5318 -0.8336
vn 0.4244 0.7214 -0.5473
vn 0.5545 0.8305 0.0539
vn 0.5233 0.8487 0.0771
vn 0.5545 0.8304 0.0539
vn -0.8861 0.2897 -0.3617
vn 0.7040 0.6913 -0.1627
vn -0.6950 -0.5905 0.4103
vn -0.6513 -0.6300 0.4230
vn -0.6950 -0.5904 0.4103
vn -0.0381 0.7204 -0.6926
vn -0.8652 0.1612 -0.4748
vn -0.1316 0.8240 -0.5512
vn -0.1377 0.3615 -0.9222
vn -0.3717 0.9241 0.0886
vn -0.3706 0.9246 0.0884
vn -0.3694 0.9251 0.0881
vn 0.0589 0.6651 -0.7444
vn 0.3853 -0.2385 -0.8914
vn -0.9571 -0.2417 0.1599
vn -0.9497 -0.2662 0.1651
vn -0.9571 -0.2416 0.1599
vn -0.3825 0.8077 -0.4487
vn -0.4026 0.8194 -0.4081
vn -0.3825 0.8076 -0.4488
vn 0.4377 -0.2884 0.8516
vn 0.3876 -0.2536 0.8863
vn 0.4044 -0.2466 0.8807
vn 0.4377 -0.2885 0.8516
vn -0.6324 -0.0141 -0.7745
vn 0.9176 0.2400 -0.3170
vn -0.8952 0.4456 -0.0042
vn -0.1728 0.4224 -0.8898
vn -0.1576 0.3116 -0.9371
vn 0.1686 0.5850 -0.7933
vn 0.0286 0.0769 -0.9966
vn 0.0440 0.0024 -0.9990
vn 0.0132 0.9031 -0.4292
vn 0.0096 0.9178 -0.3970
vn 0.3989 0.7434 -0.5369
vn -0.5453 0.4874 -0.6820
vn -0.2188 0.8377 -0.5003
vn 0.3514 0.8899 -0.2908
vn 0.4549 0.8463 -0.2770
vn 0.2752 0.6392 -0.7181
vn -0.8023 0.2589 -0.5379
vn -0.4535 -0.3493 -0.8199
vn 0.5218 0.8358 -0.1709
vn -0.9374 0.2391 -0.2533
vn -0.3012 0.7704 -0.5619
vn -0.3388 0.9398 -0.0449
vn 0.0227 0.9558 -0.2930
vn -0.1997 0.6799 -0.7056
vn 0.1886 0.1739 -0.9665
vn -0.2555 0.7846 -0.5649
vn -0.8183 0.4964 0.2898
vn -0.5146 0.8536 -0.0806
vn -0.9420 0.1848 -0.2802
vn -0.7360 0.6636 -0.1342
vn -0.7739 0.6252 -0.1006
vn -0.7360 0.6635 -0.1342
vn -0.4333 0.8378 -0.3321
vn -0.5341 0.1907 -0.8236
vn 0.0367 0.6147 -0.7879
vn -0.4258 0.9046 0.0198
vn -0.7234 0.6904 0.0038
vn -0.3873 -0.0985 -0.9167
vn -0.6961 0.0646 -0.7150
vn -0.7223 0.0234 -0.6911
vn -0.6961 0.0647 -0.7150
vn -0.3250 0.9456 -0.0128
vn -0.7171 -0.0812 -0.6922
vn -0.6538 -0.0902 -0.7513
vn -0.6538 -0.0903 -0.7513
vn -0.9139 0.0938 -0.3949
vn -0.9205 0.0824 -0.3820
vn -0.9205 0.0823 -0.3820
vn -0.7935 0.6037 0.0771
vn -0.7516 0.6475 0.1262
vn -0.8119 0.4975 -0.3055
vn -0.8398 0.3194 0.4389
vn -0.4446 0.7033 -0.5547
vn -0.3413 0.0949 -0.9351
vn -0.3410 0.0949 -0.9352
vn -0.9080 0.3991 -0.1274
vn -0.3524 0.8267 -0.4386
vn -0.3525 0.8267 -0.4385
vn 0.8684 -0.0383 -0.4945
vn -0.9106 -0.1121 0.3978
vn -0.9106 -0.1120 0.3978
vn -0.9228 -0.0981 0.3726
vn -0.9228 -0.0981 0.3725
vn -0.0221 0.2090 -0.9777
vn 0.0365 0.6049 -0.7955
vn -0.0558 -0.4122 -0.9094
vn -0.8006 0.5906 -0.1017
vn -0.7934 0.6051 -0.0652
vn -0.7934 0.6052 -0.0652
vn -0.8006 0.5905 -0.1018
vn -0.1224 0.0361 -0.9918
vn -0.8995 0.0962 0.4262
vn -0.8918 0.0914 0.4431
vn -0.5131 0.5764 0.6360
vn -0.4639 0.5749 0.6740
vn -0.4351 0.2861 -0.8537
vn -0.0679 0.7987 -0.5979
vn -0.7750 -0.0495 -0.6301
vn 0.9156 0.3412 0.2127
vn 0.9068 0.3898 0.1603
vn -0.3280 0.9425 -0.0642
vn -0.5694 -0.2338 -0.7881
vn -0.6580 0.6712 0.3415
vn 0.1954 0.3219 -0.9264
vn -0.5127 -0.4290 -0.7437
vn 0.0576 -0.2016 -0.9778
vn -0.0497 0.7925 -0.6079
vn -0.2216 0.8137 0.5373
vn -0.2336 0.8385 0.4923
vn -0.2433 0.8339 0.4953
vn -0.2470 0.8361 0.4899
vn -0.1901 0.8601 0.4733
vn -0.2280 0.8673 0.4425
vn -0.4260 -0.2349 -0.8737
vn -0.4259 -0.2349 -0.8737
vn -0.3766 -0.2707 -0.8859
vn -0.3869 -0.1952 -0.9012
vn -0.4102 0.7331 -0.5425
vn -0.0908 0.9412 -0.3255
vn -0.4158 0.8805 -0.2276
vn 0.3718 -0.6104 -0.6994
vn 0.1522 0.1579 -0.9757
vn -0.5000 0.8660 0.0051
vn 0.1119 0.4006 -0.9094
vn 0.2034 0.9303 -0.3052
vn -0.4409 0.8439 0.3058
vn -0.7985 0.2090 -0.5645
vn -0.0090 0.8992 -0.4375
vn 0.0617 0.0952 -0.9935
vn -0.6570 0.4938 -0.5697
vn -0.8304 0.3116 -0.4618
vn -0.6964 0.5850 -0.4157
vn -0.6483 -0.1760 -0.7407
vn -0.8722 -0.1644 0.4607
vn -0.8637 -0.1390 0.4845
vn -0.3043 0.5593 -0.7711
vn -0.8195 0.2235 0.5277
vn -0.8180 0.2233 0.5302
vn -0.8120 0.2342 0.5347
vn -0.8136 0.2345 0.5320
vn 0.2141 0.4792 -0.8512
vn -0.3858 0.4724 -0.7924
vn 0.2854 0.9335 -0.2169
vn -0.4945 -0.1135 -0.8618
vn -0.5107 0.3563 -0.7825
vn -0.0980 0.2626 -0.9599
vn -0.6943 0.7069 -0.1346
vn -0.5080 0.4236 -0.7500
vn 0.3154 0.5311 -0.7864
vn 0.6463 0.6814 -0.3435
vn 0.0990 0.6239 -0.7752
vn -0.4049 0.0667 -0.9119
vn 0.4359 0.4801 -0.7612
vn -0.7910 0.2040 -0.5768
vn -0.6208 0.7837 -0.0210
vn -0.2760 0.0362 -0.9605
vn 0.0752 0.4728 -0.8780
vn -0.9280 0.0513 -0.3691
vn -0.1901 0.7954 0.5756
vn -0.2478 0.8160 0.5222
vn -0.3107 0.9248 -0.2197
vn -0.5958 0.3572 -0.7193
vn 0.1302 -0.7168 -0.6850
vn 0.0202 0.6641 -0.7474
vn -0.7279 0.1288 -0.6735
vn -0.1013 -0.3620 -0.9267
vn -0.3343 0.9308 -0.1481
vn -0.3112 0.8530 -0.4189
vn -0.6488 0.2139 -0.7303
vn -0.1328 0.8247 -0.5497
vn 0.9352 0.2480 0.2528
vn 0.9373 0.2449 0.2479
vn 0.9427 0.2396 0.2321
vn 0.9409 0.2420 0.2371
vn -0.7404 -0.0781 -0.6676
vn 0.2700 0.1764 -0.9466
vn -0.9042 0.3997 -0.1505
vn -0.6328 -0.1278 -0.7637
vn -0.4504 -0.4613 -0.7644
vn -0.2416 0.4977 -0.8330
vn -0.8114 0.2757 -0.5154
vn -0.8015 0.0819 -0.5924
vn -0.8986 0.4323 -0.0753
vn -0.8943 0.4350 -0.1049
vn -0.7041 0.4828 -0.5207
vn -0.4119 -0.4681 -0.7818
vn -0.2019 -0.5975 -0.7760
vn -0.8133 0.5395 -0.2179
vn -0.8098 0.5454 -0.2162
vn -0.8063 0.5512 -0.2146
vn -0.8112 0.5410 -0.2218
vn -0.8908 0.4531 -0.0350
vn -0.5212 0.2502 -0.8159
vn 0.1798 0.6809 -0.7099
vn -0.0917 0.8469 -0.5238
vn 0.3495 0.0607 -0.9350
vn 0.0294 0.3351 -0.9417
vn -0.2280 -0.6001 -0.7667
vn 0.6393 -0.0293 -0.7684
vn -0.2912 0.2127 -0.9327
vn 0.3371 -0.0628 -0.9394
vn 0.2409 -0.2906 -0.9260
vn 0.1204 -0.0137 -0.9926
vn -0.2988 0.6201 -0.7254
vn 0.0791 0.7510 -0.6556
vn -0.3883 0.7295 -0.5631
vn -0.4150 0.6817 -0.6025
vn -0.4150 0.6818 -0.6025
vn 0.9795 -0.2008 0.0170
vn 0.9603 -0.2739 0.0539
vn 0.9795 -0.2008 0.0171
vn -0.1882 0.2389 -0.9526
vn -0.8202 0.2870 -0.4949
vn -0.0971 0.3381 -0.9361
vn 0.1755 -0.1557 -0.9721
vn -0.4953 0.0860 -0.8644
vn 0.2118 0.1945 -0.9577
vn -0.3209 0.8452 -0.4274
vn -0.0517 -0.1591 -0.9859
vn 0.2153 0.1201 -0.9691
vn -0.4849 0.3938 -0.7809
vn 0.2918 -0.4845 -0.8247
vn 0.3269 0.2601 -0.9085
vn -0.4911 0.8265 -0.2752
vn -0.4912 0.8265 -0.2752
vn -0.5343 0.8106 -0.2396
vn -0.0086 -0.2494 -0.9684
vn -0.3882 0.2747 -0.8797
vn 0.1362 -0.5868 -0.7982
vn -0.8014 0.1331 -0.5831
vn -0.1970 0.0401 -0.9796
vn -0.0579 0.6423 -0.7643
vn 0.2067 0.2221 -0.9529
vn -0.3991 0.2452 -0.8835
vn -0.3374 0.7524 -0.5657
vn -0.2598 -0.5225 -0.8121
vn -0.1192 -0.4559 -0.8820
vn -0.3599 0.0843 -0.9292
vn 0.1256 -0.1490 -0.9808
vn -0.1977 0.2054 -0.9585
vn 0.2141 0.0840 -0.9732
vn -0.2189 -0.3456 -0.9125
vn 0.4344 0.5892 -0.6812
vn 0.1761 -0.5576 -0.8112
vn 0.7481 0.0454 -0.6621
vn 0.4021 -0.2738 -0.8737
vn 0.4190 0.9080 0.0005
vn 0.4133 0.9101 -0.0299
vn 0.4546 0.8904 -0.0255
vn 0.4533 0.8910 -0.0247
vn 0.4541 0.8906 -0.0239
vn 0.2631 -0.0571 -0.9631
vn 0.5870 0.1553 -0.7946
vn 0.2481 0.5530 -0.7954
vn 0.6357 -0.2022 -0.7450
vn 0.9989 -0.0284 0.0374
vn 0.9978 -0.0128 0.0658
vn 0.5060 -0.0194 -0.8623
vn -0.3916 -0.0942 -0.9153
vn -0.0954 0.1650 -0.9817
vn 0.3728 0.6989 -0.6104
vn -0.2426 0.3248 -0.9141
vn -0.5072 0.2717 -0.8179
vn -0.5072 0.2716 -0.8179
vn -0.4778 0.2591 -0.8394
vn 0.9291 0.2942 0.2243
vn 0.8943 0.3424 0.2880
vn 0.9290 0.2942 0.2243
vn -0.3289 0.9261 -0.1851
vn -0.3296 0.9295 -0.1656
vn -0.3473 0.9118 -0.2191
vn -0.3128 0.9338 -0.1737
vn 0.9503 -0.3089 -0.0389
vn 0.9488 -0.3124 -0.0468
vn 0.9496 -0.3096 -0.0485
vn 0.9361 -0.3433 -0.0762
vn 0.3331 -0.2233 0.9161
vn -0.1854 -0.1990 -0.9623
vn -0.2089 -0.2071 -0.9558
vn -0.2088 -0.2071 -0.9558
vn -0.1855 -0.1990 -0.9623
vn 0.4415 0.8962 -0.0447
vn -0.9046 0.0281 -0.4253
vn -0.9047 0.0289 -0.4252
vn -0.9041 0.0311 -0.4263
vn -0.9036 0.0310 -0.4272
vn 0.6781 -0.6700 0.3021
vn 0.9743 -0.0964 -0.2038
vn -0.2270 0.8898 -0.3959
vn 0.1918 0.1481 -0.9702
vn -0.9302 0.1242 0.3453
vn -0.9461 0.1136 0.3035
vn -0.9460 0.1136 0.3035
vn 0.9724 -0.1325 0.1918
vn 0.9630 -0.2212 0.1539
vn 0.9630 -0.2212 0.1538
vn 0.9595 -0.1968 0.2017
vn 0.2028 0.2016 0.9583
vn 0.0195 0.0684 0.9975
vn 0.8756 -0.4831 0.0010
vn 0.7117 -0.0938 -0.6962
vn 0.8254 -0.4203 -0.3768
vn 0.7123 0.2079 -0.6704
vn -0.1651 0.7194 -0.6746
vn -0.1318 0.7265 -0.6744
vn 0.7442 0.3560 -0.5652
vn -0.4409 0.1849 -0.8783
vn -0.4409 0.1850 -0.8783
vn -0.4040 0.1987 -0.8929
vn 0.5737 0.5409 -0.6151
vn -0.5290 -0.3344 -0.7800
vn 0.7242 0.6328 0.2741
vn -0.0658 -0.5634 0.8236
vn 0.1465 0.4219 -0.8947
vn -0.1880 0.1536 -0.9701
vn 0.1565 0.2869 -0.9451
vn 0.1318 0.3464 -0.9288
vn -0.3815 0.1811 0.9065
vn -0.3918 0.1576 0.9064
vn 0.1242 -0.0284 -0.9919
vn 0.9865 -0.0099 -0.1637
vn 0.5540 -0.5488 -0.6261
vn -0.1126 0.6092 -0.7850
vn 0.8289 -0.0288 -0.5587
vn 0.9169 -0.0026 0.3991
vn 0.6220 -0.6476 -0.4402
vn 0.3189 0.3439 0.8832
vn -0.2591 0.5001 -0.8263
vn -0.3323 -0.3947 -0.8566
vn 0.0981 -0.5409 -0.8353
vn -0.2945 0.0745 -0.9528
vn 0.3174 -0.5001 -0.8057
vn -0.2139 0.6217 -0.7535
vn 0.2078 0.3514 -0.9129
vn -0.4963 0.2481 -0.8320
vn 0.7395 -0.2825 0.6110
vn 0.9661 -0.1697 0.1945
vn -0.6921 -0.0087 -0.7217
vn 0.3407 0.9251 -0.1677
vn -0.7831 0.2718 -0.5593
vn 0.0687 -0.1065 0.9919
vn 0.4229 -0.3890 0.8184
vn 0.7652 0.5114 -0.3912
vn 0.2133 0.9763 -0.0370
vn -0.7679 -0.0397 -0.6393
vn 0.6711 0.4052 0.6208
vn 0.4862 0.0072 -0.8738
vn -0.2738 -0.0251 -0.9614
vn -0.2738 -0.0250 -0.9615
vn -0.3317 -0.0471 -0.9422
vn -0.2341 -0.0543 -0.9707
vn -0.2341 -0.0542 -0.9707
vn -0.2560 -0.1117 -0.9602
vn 0.6167 0.7136 -0.3324
vn 0.4613 0.1196 0.8792
vn 0.9595 0.2162 -0.1804
vn 0.7778 0.6284 -0.0130
vn -0.4133 0.3765 -0.8291
vn 0.7894 -0.3570 0.4994
vn 0.9694 -0.0969 -0.2256
vn 0.5891 0.8042 0.0788
vn 0.4224 0.3636 0.8303
vn 0.1216 0.8104 -0.5731
vn 0.3450 0.8044 -0.4836
vn -0.6124 0.7894 0.0422
vn 0.5302 -0.4315 0.7299
vn -0.8249 0.5636 -0.0423
vn 0.1436 -0.1692 0.9751
vn -0.1438 0.7632 -0.6300
vn 0.9127 0.3419 -0.2237
vn -0.9840 -0.1510 0.0948
vn -0.9844 -0.1502 0.0922
vn -0.9842 -0.1467 0.0989
vn -0.9783 -0.1624 0.1286
vn 0.2070 0.9527 0.2224
vn 0.9604 -0.0814 0.2665
vn 0.9928 0.0967 0.0709
vn -0.4267 0.8661 -0.2604
vn 0.3690 0.4220 -0.8281
vn 0.6637 0.0064 0.7479
vn 0.8814 -0.1688 -0.4412
vn 0.5265 -0.4282 0.7344
vn 0.3599 0.0879 -0.9289
vn 0.4742 0.8460 -0.2438
vn 0.6013 0.6127 -0.5130
vn 0.7022 0.7104 0.0476
vn 0.8716 0.4887 -0.0371
vn 0.9287 -0.1520 -0.3383
vn 0.9007 -0.1420 0.4107
vn -0.1149 -0.7332 0.6702
vn -0.1149 -0.7333 0.6702
vn -0.0780 -0.7088 0.7011
vn 0.8536 -0.5209 0.0024
vn 0.6536 -0.2206 -0.7240
vn 0.6943 0.6583 0.2909
vn -0.1321 -0.7323 -0.6680
vn 0.9790 -0.1883 -0.0780
vn 0.9790 -0.1564 -0.1309
vn 0.9667 -0.2052 -0.1528
vn 0.9807 -0.1801 -0.0762
vn 0.9742 -0.1838 -0.1305
vn 0.9789 -0.1348 -0.1538
vn 0.7472 0.5900 0.3058
vn 0.3548 -0.2479 -0.9015
vn 0.6513 -0.1168 -0.7498
vn 0.8164 0.5531 0.1663
vn -0.0294 -0.3760 -0.9261
vn -0.0293 -0.3760 -0.9261
vn -0.0644 -0.3589 -0.9311
vn 0.3267 0.3205 -0.8892
vn 0.3267 0.3204 -0.8892
vn 0.3263 0.3196 -0.8896
vn 0.3097 0.3186 -0.8959
vn -0.1097 0.2375 0.9652
vn -0.1225 0.2622 0.9572
vn 0.6721 -0.3960 -0.6256
vn 0.8813 0.4217 -0.2132
vn -0.1452 -0.4000 -0.9049
vn 0.9360 -0.2732 0.2219
vn 0.9360 -0.2733 0.2219
vn 0.9324 -0.2987 0.2033
vn 0.9324 -0.2986 0.2034
vn 0.1544 -0.4358 -0.8867
vn 0.5470 -0.1634 -0.8210
vn 0.6116 0.1730 -0.7720
vn 0.7302 -0.6798 -0.0686
vn 0.7400 -0.6715 -0.0391
vn 0.7400 -0.6715 -0.0392
vn 0.8719 0.2441 0.4246
vn 0.7521 -0.6499 -0.1097
vn 0.4586 -0.4455 -0.7689
vn 0.1957 -0.0590 -0.9789
vn 0.4516 0.6944 0.5602
vn 0.4981 -0.0652 -0.8647
vn 0.6357 0.0862 -0.7671
vn 0.7330 -0.5869 0.3439
vn 0.7326 -0.5875 0.3437
vn 0.7321 -0.5882 0.3436
vn 0.4805 -0.2068 -0.8523
vn 0.4575 -0.3888 -0.7997
vn -0.9413 0.3356 -0.0367
vn -0.9455 0.3249 -0.0208
vn 0.6535 0.7564 0.0273
vn 0.3500 -0.4941 -0.7958
vn 0.3024 0.1376 -0.9432
vn 0.9778 -0.1881 0.0918
vn 0.9842 -0.1640 0.0668
vn 0.9832 -0.1285 -0.1297
vn 0.9550 0.0322 0.2950
vn 0.7751 0.5657 -0.2816
vn 0.8455 -0.5014 -0.1836
vn 0.5330 -0.2622 -0.8045
vn 0.9557 0.2841 0.0768
vn 0.4136 -0.5406 -0.7326
vn 0.4389 0.8690 0.2284
vn 0.8434 0.4366 -0.3131
vn 0.8187 0.2281 -0.5269
vn -0.4877 0.4069 -0.7724
vn -0.4189 0.4158 -0.8073
vn 0.7726 0.1611 -0.6141
vn 0.9991 0.0422 -0.0047
vn 0.1753 0.9020 -0.3946
vn 0.7520 0.1538 -0.6410
vn -0.6951 0.7165 -0.0580
vn 0.5081 0.2352 -0.8285
vn 0.8339 0.5240 -0.1735
vn -0.0711 0.3056 -0.9495
vn 0.3660 0.9221 -0.1259
vn 0.2859 0.9046 0.3160
vn -0.9107 0.4128 0.0126
vn -0.5692 0.3389 -0.7491
vn -0.3611 0.9056 -0.2226
vn -0.3612 0.9055 -0.2226
vn -0.3370 0.9250 -0.1757
vn 0.3520 0.1488 -0.9241
vn -0.2122 0.9549 0.2078
vn -0.1910 0.9030 -0.3849
vn -0.6714 0.5532 -0.4932
vn -0.6973 0.4300 -0.5735
vn -0.7677 0.6360 0.0781
vn 0.1356 0.9244 -0.3565
vn -0.4438 0.5410 0.7144
vn 0.3275 0.8742 0.3585
vn -0.6263 0.7794 -0.0146
vn -0.9197 0.1362 -0.3683
vn -0.8208 0.1116 -0.5602
vn -0.7590 0.0872 -0.6452
vn -0.0053 0.2884 -0.9575
vn 0.0841 0.6783 -0.7299
vn -0.3390 0.5125 -0.7889
vn 0.1958 0.4065 -0.8924
vn 0.8119 0.3464 0.4700
vn -0.4357 0.8935 -0.1086
vn 0.2441 0.9291 -0.2777
vn -0.5219 0.7822 -0.3402
vn 0.7894 0.5272 -0.3145
vn -0.4863 0.8327 0.2648
vn -0.2391 0.8152 -0.5275
vn 0.1090 0.6839 0.7214
vn -0.8314 0.4081 0.3771
vn 0.9819 0.1872 -0.0270
vn -0.2703 0.9295 0.2510
vn 0.3469 -0.2082 -0.9145
vn -0.0169 -0.3924 -0.9196
vn 0.9533 -0.2714 0.1322
vn 0.7424 -0.2243 0.6313
vn -0.4724 -0.3361 -0.8148
vn 0.9780 -0.0759 -0.1945
vn 0.9787 -0.2045 0.0159
vn -0.7694 0.0433 -0.6373
vn -0.7427 0.0670 -0.6663
vn -0.7426 0.0670 -0.6663
vn -0.7647 0.1348 -0.6301
vn -0.0086 -0.8747 -0.4846
vn -0.0026 -0.8507 -0.5256
vn -0.0088 -0.8123 -0.5831
vn 0.1716 -0.6410 -0.7481
vn -0.1961 -0.4527 -0.8698
vn 0.8933 0.0656 -0.4447
vn 0.1460 0.6831 -0.7156
vn 0.1561 0.6771 -0.7191
vn 0.1137 0.6399 -0.7600
vn 0.1131 0.6389 -0.7609
vn 0.1190 0.6421 -0.7574
vn 0.1438 0.6807 -0.7183
vn -0.3619 0.0024 -0.9322
vn -0.0412 -0.1905 -0.9808
vn 0.4084 0.3464 0.8445
vn 0.1165 0.7918 -0.5995
vn 0.1135 0.7909 -0.6013
vn 0.1102 0.7999 -0.5899
vn 0.1119 0.8014 -0.5876
vn 0.9760 -0.1868 0.1121
vn 0.8785 0.0640 0.4734
vn 0.9543 0.2635 0.1412
vn 0.1912 -0.1991 -0.9611
vn -0.0777 -0.6115 -0.7874
vn -0.4762 -0.1183 -0.8714
vn 0.9339 -0.3533 -0.0545
vn 0.9307 -0.2226 0.2901
vn 0.8471 -0.2323 -0.4780
vn 0.1200 0.3608 0.9249
vn 0.7664 -0.0801 0.6373
vn -0.2883 -0.0945 -0.9529
vn -0.0829 0.9691 -0.2325
vn -0.1509 0.9700 -0.1904
vn -0.1508 0.9700 -0.1904
vn -0.5480 -0.8087 -0.2138
vn -0.3199 0.7219 -0.6137
vn -0.9567 0.0919 0.2762
vn -0.1401 -0.3400 -0.9299
vn -0.0496 -0.2923 -0.9551
vn -0.0496 -0.2922 -0.9551
vn -0.0881 -0.3634 -0.9275
vn -0.0904 -0.3165 -0.9443
vn 0.6775 -0.5909 -0.4380
vn 0.6573 -0.6114 -0.4407
vn -0.9524 0.2969 -0.0687
vn -0.3953 0.4271 -0.8132
vn -0.7773 0.6245 0.0767
vn -0.5589 0.5075 0.6558
vn -0.8180 -0.5583 -0.1381
vn -0.7797 0.6149 -0.1179
vn -0.1657 0.5682 0.8061
vn -0.7899 -0.3837 0.4784
vn -0.3342 0.4347 -0.8363
vn -0.8559 -0.0926 0.5089
vn -0.2380 0.2739 -0.9319
vn -0.1495 0.8878 -0.4352
vn -0.2595 0.9261 0.2737
vn -0.7966 0.1210 -0.5923
vn -0.4745 0.5997 -0.6444
vn 0.0596 0.9971 -0.0470
vn -0.4893 0.8706 0.0517
vn -0.8420 0.2962 0.4509
vn -0.8366 0.5452 0.0532
vn -0.9004 0.4269 0.0834
vn -0.2432 0.9420 0.2314
vn -0.8624 0.1849 -0.4712
vn -0.9396 0.2915 0.1794
vn -0.9375 0.2745 0.2140
vn -0.7337 -0.2402 -0.6356
vn -0.5171 0.1316 -0.8458
vn -0.6215 0.4411 -0.6474
vn 0.0885 0.6110 0.7867
vn -0.7054 0.6186 -0.3459
vn -0.0427 0.9973 0.0602
vn -0.6462 0.7569 -0.0976
vn -0.4052 0.4966 -0.7676
vn -0.7442 0.6210 0.2460
vn -0.7495 0.6593 0.0602
vn -0.9439 -0.3273 0.0444
vn -0.9574 0.0588 -0.2829
vn -0.8711 -0.1860 -0.4544
vn -0.9869 -0.0642 -0.1483
vn -0.6065 0.7950 -0.0091
vn -0.9040 -0.2692 -0.3320
vn -0.7918 0.2917 -0.5367
vn -0.9154 0.1842 -0.3580
vn -0.9342 0.3355 -0.1216
vn 0.9908 -0.1010 0.0903
vn 0.9908 -0.1009 0.0903
vn 0.9928 0.0117 0.1193
vn 0.9929 0.0170 0.1178
vn 0.9788 -0.0214 0.2039
vn 0.9840 -0.0281 0.1758
vn 0.9842 -0.0300 0.1746
vn 0.9928 0.0116 0.1192
vn 0.9954 -0.0707 0.0644
vn 0.9886 -0.1100 0.1032
vn -0.9767 0.2133 0.0247
vn -0.9103 -0.4126 -0.0338
vn 0.0028 -0.2213 -0.9752
vn -0.2708 0.5288 0.8044
vn -0.2839 0.4727 0.8342
vn -0.8944 0.4332 -0.1116
vn 0.2514 0.7990 -0.5462
vn -0.9618 0.1570 -0.2243
vn -0.9057 -0.4064 -0.1206
vn 0.9940 -0.1093 -0.0084
vn 0.9915 -0.1120 0.0656
vn 0.9939 -0.1098 -0.0088
vn 0.9913 -0.1296 0.0244
vn -0.9437 0.1115 -0.3115
vn 0.0588 0.9748 -0.2150
vn 0.0482 0.9637 -0.2625
vn -0.8452 0.3668 0.3886
vn -0.5787 -0.1772 -0.7960
vn -0.5787 -0.1772 -0.7961
vn -0.5423 -0.2113 -0.8132
vn -0.5423 -0.2112 -0.8132
vn 0.9916 -0.0770 0.1041
vn 0.9917 -0.0771 0.1029
vn 0.9920 -0.0802 0.0978
vn 0.9918 -0.0802 0.0992
vn -0.6479 0.7469 -0.1497
vn -0.2656 0.8359 0.4803
vn -0.8233 0.5306 0.2017
vn -0.6999 0.7090 0.0862
vn -0.7930 0.5818 0.1806
vn -0.9135 -0.1815 0.3641
vn -0.6327 0.6515 -0.4185
vn -0.4429 0.7390 0.5076
vn 0.2599 0.9612 -0.0922
vn -0.7268 0.2417 0.6429
vn -0.7351 0.5892 -0.3354
vn -0.3788 -0.5601 -0.7368
vn 0.1121 -0.7247 -0.6799
vn -0.2742 0.0273 0.9613
vn -0.4840 0.5864 0.6496
vn -0.7773 0.0928 -0.6223
vn -0.9299 -0.0934 -0.3559
vn 0.6045 -0.2595 0.7532
vn 0.6063 -0.2613 0.7511
vn 0.6161 -0.2602 0.7435
vn 0.5965 -0.3154 0.7380
vn -0.2283 0.9249 0.3042
vn -0.8020 -0.1890 -0.5667
vn -0.5353 0.4803 -0.6948
vn -0.3970 0.5841 -0.7080
vn -0.7178 0.1429 -0.6814
vn 0.0087 0.5060 -0.8625
vn -0.5246 0.8449 0.1047
vn -0.5003 0.8522 0.1534
vn -0.4986 0.8529 0.1549
vn -0.4978 0.8530 0.1566
vn -0.5141 0.8500 0.1152
vn -0.5482 0.8176 0.1759
vn -0.9575 0.2223 -0.1836
vn -0.8995 0.4241 0.1050
vn -0.9677 0.1295 -0.2162
vn -0.5612 -0.4288 -0.7080
vn 0.1656 -0.6061 -0.7779
vn -0.9885 -0.1060 0.1075
vn -0.8454 0.5281 0.0803
vn -0.8748 0.1856 0.4475
vn -0.9377 0.1022 -0.3321
vn -0.9143 0.3171 0.2519
vn -0.8758 -0.2356 -0.4213
vn -0.5014 -0.1293 -0.8555
vn -0.8853 0.4629 -0.0441
vn -0.3160 0.5179 -0.7949
vn -0.5703 0.3663 -0.7353
vn -0.0220 0.1029 -0.9944
vn -0.3070 -0.1526 -0.9394
vn -0.9482 -0.0697 -0.3100
vn -0.5336 0.2846 0.7964
vn -0.8977 0.4014 -0.1815
vn 0.2197 -0.4951 -0.8406
vn -0.6807 0.6425 0.3519
vn -0.6470 0.3544 -0.6751
vn -0.8422 -0.2508 -0.4773
vn -0.5090 -0.6352 -0.5809
vn -0.9101 0.3749 0.1766
vn -0.6705 0.5144 0.5346
vn -0.9081 0.3320 -0.2553
vn -0.5587 -0.1969 -0.8057
vn -0.9427 -0.0658 -0.3271
vn -0.9191 -0.0196 -0.3936
vn -0.6222 0.5578 -0.5493
vn -0.9144 0.0048 -0.4047
vn -0.8596 -0.4871 -0.1543
vn -0.8120 0.5821 -0.0427
vn -0.8174 0.5702 0.0817
vn 0.3417 0.3818 0.8588
vn -0.2465 0.3718 0.8950
vn -0.6071 0.5329 -0.5894
vn 0.5735 0.6256 -0.5289
vn 0.1958 0.1910 -0.9619
vn 0.1428 -0.0002 0.9898
vn 0.4964 0.3037 0.8132
vn -0.2849 0.4695 0.8357
vn -0.2575 0.5326 0.8063
vn 0.9868 -0.0119 0.1615
vn 0.9864 0.0737 0.1469
vn 0.9936 0.0080 0.1126
vn 0.0512 0.9547 0.2931
vn 0.3425 0.7214 -0.6019
vn 0.6366 0.2204 0.7391
vn -0.8555 0.4770 -0.2014
vn -0.1022 0.9525 0.2869
vn -0.1022 0.9525 0.2868
vn -0.0336 0.9509 0.3078
vn 0.6952 -0.4067 0.5927
vn -0.5470 0.6599 0.5151
vn -0.5563 0.6667 0.4961
vn -0.5316 0.7255 0.4371
vn -0.4844 0.7075 0.5146
vn 0.1304 0.8929 -0.4309
vn -0.8145 0.4856 -0.3174
vn 0.1436 0.1541 0.9776
vn -0.8277 0.3057 0.4706
vn -0.4303 0.6725 -0.6022
vn -0.7048 0.6477 0.2892
vn -0.9601 0.0573 0.2737
vn -0.6660 -0.0947 0.7399
vn -0.4640 0.7479 -0.4747
vn -0.7065 0.0647 0.7047
vn -0.7472 0.0653 0.6614
vn -0.8831 0.4664 -0.0502
vn 0.4818 -0.2384 0.8432
vn -0.7084 0.5621 0.4268
vn -0.9157 0.1744 0.3620
vn -0.8320 0.2042 -0.5158
vn -0.6266 0.0590 0.7771
vn 0.6111 0.7298 0.3064
vn 0.5949 0.7244 0.3485
vn 0.5949 0.7244 0.3484
vn -0.8155 0.2581 0.5180
vn -0.8672 0.4503 0.2128
vn 0.2145 -0.1057 0.9710
vn -0.6800 0.2505 -0.6890
vn -0.7389 0.6395 0.2123
vn 0.8141 -0.5406 0.2122
vn 0.8068 -0.5745 0.1376
vn -0.6917 0.0908 -0.7164
vn -0.9294 0.3684 0.0205
vn -0.4562 -0.0917 -0.8851
vn -0.3964 -0.0998 -0.9126
vn -0.3965 -0.0998 -0.9126
vn 0.5388 -0.1598 0.8271
vn -0.7565 0.2594 -0.6004
vn -0.9082 0.3284 0.2597
vn 0.9548 -0.0342 0.2952
vn -0.3227 0.7973 -0.5102
vn -0.6335 0.7105 -0.3066
vn -0.5918 0.4137 0.6919
vn -0.6691 0.6047 -0.4321
vn -0.6696 0.5530 -0.4957
vn -0.7316 0.5234 -0.4368
vn -0.9285 0.2083 -0.3072
vn -0.7835 0.5298 0.3248
vn 0.1828 0.9779 -0.1012
vn 0.1982 0.9732 -0.1165
vn 0.1827 0.9778 -0.1023
vn 0.1820 0.9779 -0.1025
vn -0.7029 0.7055 -0.0908
vn -0.3171 0.2239 0.9216
vn -0.6138 0.3182 0.7225
vn -0.4509 0.7236 -0.5227
vn -0.9509 0.0950 -0.2946
vn -0.9684 0.1215 0.2177
vn -0.9151 0.3850 0.1202
vn -0.0544 0.3936 0.9177
vn -0.7889 0.2460 0.5632
vn -0.8643 0.3208 0.3874
vn -0.7753 0.4198 0.4718
vn -0.9010 0.3537 -0.2514
vn -0.9944 0.0692 -0.0794
vn -0.9198 0.2173 -0.3268
vn -0.9356 0.3508 0.0407
vn 0.5883 0.7907 -0.1694
vn -0.6032 0.5405 0.5865
vn -0.9760 0.1648 0.1422
vn -0.6855 0.4131 0.5995
vn -0.7675 0.5053 0.3945
vn -0.6419 0.4163 0.6439
vn -0.2818 0.2878 0.9153
vn 0.3006 -0.1129 0.9470
vn -0.6230 0.1607 -0.7655
vn 0.0535 0.6073 0.7927
vn -0.6790 0.5344 0.5034
vn -0.9182 0.2338 0.3198
vn -0.9186 0.2321 0.3199
vn -0.9149 0.2379 0.3261
vn -0.9150 0.2398 0.3245
vn -0.8923 0.4437 0.0839
vn -0.9531 -0.1586 -0.2579
vn -0.3946 0.7785 0.4881
vn -0.8790 0.2234 0.4212
vn 0.5793 0.7494 0.3206
vn -0.9689 0.1571 0.1911
vn 0.6597 0.0063 0.7515
vn -0.9480 0.2977 0.1123
vn -0.7924 0.5829 0.1797
vn -0.9463 0.1933 0.2590
vn -0.8410 0.1087 -0.5300
vn 0.9709 -0.2164 -0.1022
vn 0.9638 -0.2409 -0.1144
vn -0.8934 0.4492 0.0047
vn -0.3396 -0.3448 -0.8751
vn -0.5392 -0.4898 -0.6851
vn -0.3143 -0.8110 -0.4934
vn -0.9879 -0.1536 -0.0196
vn -0.8915 -0.4388 0.1126
vn -0.8916 -0.4392 0.1102
vn -0.8915 -0.4392 0.1110
vn -0.8913 -0.4393 0.1125
vn -0.4513 -0.8412 -0.2980
vn -0.9660 -0.0458 0.2545
vn -0.6249 -0.7579 -0.1873
vn -0.9625 -0.0619 -0.2642
vn -0.9397 0.1170 -0.3212
vn -0.5243 -0.7304 0.4377
vn -0.3793 -0.6282 0.6793
vn -0.1060 -0.0337 0.9938
vn 0.2373 0.0958 0.9667
vn -0.7360 -0.6597 0.1520
vn -0.3272 -0.7331 -0.5963
vn -0.4467 -0.1929 0.8737
vn 0.9577 -0.0913 -0.2728
vn 0.9591 -0.0864 -0.2694
vn 0.9568 -0.0983 -0.2735
vn 0.9563 -0.0962 -0.2762
vn -0.3778 -0.4444 0.8123
vn -0.7209 0.5478 0.4246
vn -0.3923 0.0979 0.9146
vn -0.9123 -0.3919 0.1188
vn -0.8797 0.4590 -0.1246
vn -0.0926 -0.1073 0.9899
vn -0.9013 0.2148 0.3763
vn -0.4656 -0.1829 0.8659
vn -0.4656 -0.1828 0.8659
vn -0.4571 -0.2633 0.8495
vn -0.5272 -0.2117 0.8229
vn -0.5272 -0.2118 0.8229
vn -0.9630 0.1643 -0.2138
vn -0.9072 -0.2427 0.3437
vn -0.7541 -0.0188 0.6565
vn -0.8336 -0.5341 0.1406
vn -0.8346 -0.5321 0.1423
vn -0.8387 -0.5270 0.1373
vn -0.8380 -0.5287 0.1346
vn -0.9214 -0.0780 0.3807
vn -0.8843 0.3240 -0.3361
vn -0.7888 0.3848 -0.4793
vn -0.7411 -0.2229 -0.6333
vn -0.9952 0.0058 0.0977
vn -0.8684 0.4680 -0.1637
vn -0.6527 -0.6058 0.4550
vn -0.6927 -0.5672 0.4456
vn -0.6926 -0.5672 0.4456
vn -0.9786 0.1981 -0.0557
vn -0.5905 0.7779 -0.2151
vn -0.7544 0.5915 -0.2847
vn -0.5169 0.6563 -0.5496
vn 0.0673 0.8217 0.5659
vn 0.0614 0.8352 0.5465
vn -0.5845 0.6299 -0.5115
vn -0.1057 -0.0228 0.9941
vn -0.1132 -0.0215 0.9933
vn -0.1137 -0.0244 0.9932
vn -0.1055 -0.0256 0.9941
vn -0.9444 0.0725 -0.3207
vn -0.9994 -0.0277 -0.0194
vn -0.4627 0.7688 -0.4414
vn -0.7031 -0.6673 -0.2457
vn -0.8262 0.1926 -0.5294
vn -0.2946 0.2972 -0.9082
vn -0.9290 -0.2409 0.2810
vn -0.7404 -0.3225 -0.5897
vn -0.6612 -0.3442 -0.6666
vn -0.9763 -0.1362 -0.1683
vn -0.8158 0.1641 -0.5546
vn -0.9662 0.2579 0.0077
vn -0.9686 0.2322 -0.0888
vn -0.9194 -0.0687 0.3872
vn -0.5629 0.4620 -0.6853
vn -0.8381 0.5453 0.0167
vn -0.8864 0.3909 -0.2480
vn -0.4502 0.1029 -0.8870
vn -0.3918 -0.1716 -0.9039
vn -0.3978 -0.1215 -0.9094
vn -0.3763 0.3884 0.8412
vn -0.4512 0.5614 0.6937
vn -0.2987 0.6149 0.7298
vn -0.3211 0.0819 0.9435
vn -0.9360 -0.0295 0.3507
vn -0.9019 0.2942 -0.3163
vn -0.7674 -0.6144 0.1835
vn -0.3013 0.2858 -0.9097
vn -0.7959 0.6055 -0.0059
vn -0.9195 0.3424 -0.1930
vn -0.9039 0.3645 0.2239
vn -0.7828 0.1076 -0.6129
vn 0.6379 0.1462 -0.7561
vn 0.3373 0.3817 -0.8605
vn -0.8498 0.0415 -0.5254
vn -0.9176 0.1008 -0.3846
vn -0.2320 0.6849 -0.6908
vn 0.1884 -0.3498 -0.9177
vn 0.0782 0.1397 -0.9871
vn -0.1788 -0.1198 -0.9766
vn -0.5398 -0.3078 -0.7835
vn -0.9539 0.2718 0.1275
vn -0.8454 0.2430 -0.4757
vn -0.8539 0.2833 -0.4366
vn -0.4272 0.8407 -0.3329
vn -0.5593 0.3225 -0.7636
vn -0.0884 0.9960 0.0099
vn -0.6583 0.2348 -0.7152
vn -0.4362 -0.3824 -0.8146
vn -0.8487 -0.5154 0.1183
vn -0.9269 -0.1547 0.3421
vn -0.7407 -0.5771 -0.3440
vn -0.1263 0.4841 -0.8659
vn -0.7140 0.6856 0.1422
vn -0.6823 0.7144 0.1553
vn -0.6823 0.7143 0.1553
vn -0.7139 0.6851 0.1446
vn -0.7498 0.6399 0.1682
vn -0.4689 0.1835 -0.8640
vn -0.2869 -0.1692 -0.9429
vn 0.2888 -0.0621 0.9554
vn 0.2978 -0.0625 0.9526
vn 0.2961 -0.0638 0.9530
vn 0.2872 -0.0628 0.9558
vn -0.0452 -0.1281 0.9907
vn -0.0451 -0.1281 0.9907
vn -0.0656 -0.1034 0.9925
vn -0.2749 -0.5510 -0.7879
vn -0.9048 0.3315 -0.2673
vn -0.9165 0.3019 -0.2624
vn -0.8461 -0.0746 -0.5278
vn -0.5795 -0.1076 -0.8079
vn -0.9567 -0.0190 -0.2904
vn 0.7201 0.6922 0.0476
vn 0.7092 0.7029 0.0536
vn -0.9822 0.1665 0.0864
vn -0.3105 -0.3538 -0.8823
vn -0.7567 0.2524 -0.6031
vn 0.0825 -0.8855 0.4573
vn 0.0823 -0.8856 0.4571
vn 0.0798 -0.8852 0.4582
vn 0.0803 -0.8852 0.4582
vn -0.5470 0.2508 0.7987
vn -0.4844 0.2895 0.8256
vn -0.5681 -0.2469 -0.7851
vn -0.6405 0.4574 0.6169
vn -0.3441 -0.0760 -0.9359
vn -0.9690 0.2465 -0.0170
vn -0.8197 0.0154 -0.5726
vn -0.8325 0.0601 -0.5508
vn -0.5581 0.1341 -0.8188
vn -0.7444 -0.6005 -0.2921
vn -0.4142 0.0420 -0.9092
vn -0.2668 0.0875 -0.9598
vn -0.6569 0.3302 -0.6778
vn 0.3114 -0.3408 -0.8871
vn 0.3872 -0.1770 -0.9049
vn -0.4580 -0.1025 -0.8830
vn -0.9831 0.0499 -0.1759
vn -0.7644 0.3407 -0.5474
vn -0.9878 0.1173 -0.1020
vn 0.2380 -0.2001 -0.9504
vn -0.7794 -0.5066 0.3686
vn -0.7939 -0.4643 0.3927
vn 0.4809 0.7188 -0.5020
vn -0.0115 -0.5112 -0.8594
vn 0.9814 -0.0712 0.1783
vn 0.9822 -0.0999 0.1592
vn 0.9822 -0.0999 0.1593
vn -0.3858 -0.3116 -0.8683
vn -0.1044 -0.1485 -0.9834
vn -0.2478 -0.1318 -0.9598
vn -0.7942 0.5933 0.1310
vn -0.7951 0.5891 0.1445
vn -0.7951 0.5890 0.1445
vn -0.3445 -0.4043 -0.8473
vn -0.2823 -0.0994 -0.9542
vn -0.9355 0.0036 -0.3534
vn -0.6471 0.0150 -0.7623
vn -0.6059 0.0461 -0.7942
vn -0.6684 0.0836 -0.7391
vn 0.7615 -0.2260 -0.6075
vn 0.7672 -0.2399 -0.5949
vn -0.9951 0.0423 0.0892
vn -0.7565 0.0332 -0.6531
vn -0.2041 0.8966 -0.3930
vn -0.9603 0.2005 -0.1940
vn -0.4917 -0.0013 -0.8707
vn -0.8595 -0.4315 -0.2742
vn 0.1615 -0.2130 -0.9636
vn -0.9344 0.1628 -0.3167
vn 0.1470 -0.1631 -0.9756
vn -0.4983 -0.1625 -0.8516
vn 0.3440 0.8138 0.4683
vn 0.1029 -0.4271 -0.8983
vn 0.0035 0.7888 -0.6147
vn -0.3020 0.1839 -0.9354
vn -0.8552 0.1014 0.5082
vn -0.9213 0.1331 -0.3654
vn -0.1350 -0.2742 -0.9522
vn -0.6526 -0.7361 -0.1797
vn -0.3485 0.8973 -0.2711
vn -0.7145 -0.6047 -0.3519
vn -0.7699 -0.5396 -0.3406
vn -0.5011 -0.5196 0.6920
vn -0.4729 -0.4878 0.7337
vn -0.8801 0.4277 -0.2064
vn -0.8835 0.4176 -0.2123
vn -0.8818 0.4207 -0.2133
vn -0.8659 0.4192 -0.2729
vn 0.3653 -0.7390 -0.5661
vn 0.3417 -0.7666 -0.5437
vn 0.3654 -0.7389 -0.5661
vn 0.1234 0.2386 -0.9632
vn 0.1410 0.2010 -0.9694
vn -0.3044 -0.1007 -0.9472
vn 0.2251 0.9742 -0.0135
vn 0.1875 0.9815 -0.0398
vn 0.1604 0.0006 -0.9870
vn -0.7635 -0.5269 -0.3734
vn -0.0821 0.9477 0.3084
vn 0.4044 -0.1178 -0.9070
vn -0.3698 -0.2667 -0.8900
vn 0.2255 0.9742 0.0086
vn 0.2019 0.9789 0.0327
vn 0.6705 0.2811 -0.6866
vn -0.8761 0.0749 -0.4763
vn -0.5008 -0.5001 -0.7065
vn -0.0866 0.9929 -0.0820
vn -0.4699 -0.3178 -0.8236
vn -0.1137 0.0906 -0.9894
vn -0.4748 -0.3439 -0.8101
vn 0.1657 0.8564 -0.4890
vn 0.7974 0.4788 -0.3673
vn -0.6796 -0.5438 0.4923
vn -0.7222 -0.4741 0.5037
vn -0.9865 0.0651 -0.1505
vn -0.9529 0.2051 0.2234
vn -0.7762 0.1037 -0.6219
vn 0.1016 0.6390 -0.7625
vn 0.1384 0.6454 -0.7512
vn 0.0687 0.6663 -0.7425
vn 0.0362 0.6230 -0.7814
vn 0.1118 0.6278 -0.7703
vn -0.7697 0.5090 -0.3852
vn -0.2341 0.3355 -0.9125
vn -0.8732 0.0951 -0.4780
vn -0.6647 -0.7020 0.2558
vn -0.8608 0.3567 -0.3629
vn -0.9940 0.0597 -0.0914
vn -0.4467 0.8927 0.0593
vn -0.4467 0.8927 0.0592
vn -0.4734 0.8808 -0.0147
vn -0.4733 0.8808 -0.0146
vn -0.9120 0.3776 -0.1604
vn -0.9116 0.3579 -0.2021
vn -0.1212 0.9277 -0.3531
vn 0.0749 0.7340 -0.6750
vn -0.7623 -0.1944 -0.6174
vn -0.0003 0.8990 -0.4379
vn 0.8920 0.3468 -0.2899
vn -0.0200 -0.4331 -0.9011
vn -0.2004 0.2673 -0.9425
vn -0.9842 -0.0565 -0.1677
vn -0.9594 0.1305 -0.2502
vn -0.3908 0.3692 -0.8432
vn -0.3908 0.3693 -0.8432
vn -0.4236 0.3482 -0.8362
vn -0.6879 -0.4482 -0.5709
vn -0.0030 -0.5376 -0.8432
vn -0.0799 -0.5649 -0.8213
vn -0.0798 -0.5649 -0.8213
vn -0.9080 0.3199 -0.2706
vn -0.9222 0.2724 -0.2746
vn -0.4899 -0.2045 -0.8474
vn 0.4476 0.8295 0.3339
vn -0.9471 0.1893 -0.2592
vn -0.9471 0.1892 -0.2592
vn -0.9330 0.2384 -0.2695
vn -0.7456 -0.0129 -0.6663
vn -0.7643 0.0297 -0.6442
vn -0.6437 0.4736 -0.6011
vn 0.2031 0.7284 -0.6543
vn 0.9616 0.2572 0.0953
vn 0.9493 0.3046 0.0779
vn 0.9493 0.3047 0.0779
vn -0.5067 -0.1106 -0.8550
vn -0.2509 0.9566 -0.1482
vn -0.2184 0.1804 -0.9590
vn -0.4251 -0.2344 -0.8743
vn -0.4623 -0.4018 -0.7905
vn -0.0605 0.9523 -0.2990
vn -0.7702 0.1468 -0.6207
vn -0.5869 0.2888 -0.7564
vn -0.2388 -0.0153 -0.9710
vn 0.0789 0.6542 -0.7522
vn -0.8620 -0.1500 -0.4842
vn -0.6557 -0.1024 -0.7481
vn -0.8281 0.4248 0.3656
vn -0.8191 0.4797 0.3146
vn -0.5473 -0.1413 -0.8249
vn -0.4068 0.8776 0.2538
vn -0.4572 0.8687 0.1908
vn -0.5549 -0.3909 -0.7344
vn -0.1309 -0.4997 -0.8563
vn -0.8022 0.1841 0.5679
vn 0.5422 0.1355 -0.8292
vn -0.8845 0.1769 -0.4316
vn -0.9956 0.0156 -0.0923
vn -0.5965 -0.0425 -0.8015
vn -0.9122 0.2030 -0.3558
vn -0.2841 0.0241 -0.9585
vn -0.2643 0.0807 -0.9610
vn -0.9247 0.0043 -0.3806
vn 0.2622 -0.4392 -0.8593
vn -0.0680 0.1834 -0.9807
vn 0.2769 0.9394 -0.2022
vn -0.3915 0.4150 -0.8213
vn -0.3322 0.9085 0.2536
vn -0.3902 0.8969 0.2080
vn -0.8829 -0.0167 0.4693
vn -0.7007 -0.1578 -0.6958
vn -0.4742 0.0293 -0.8799
vn -0.3576 0.8904 -0.2816
vn -0.0775 -0.1854 -0.9796
vn -0.1035 0.9777 -0.1826
vn 0.2464 0.7790 -0.5765
vn -0.2728 -0.2556 -0.9275
vn -0.7795 -0.2333 -0.5813
vn -0.9002 0.3551 -0.2521
vn -0.8713 0.4236 0.2478
vn 0.4546 0.2793 -0.8458
vn 0.4906 0.8516 -0.1846
vn -0.5840 -0.2403 -0.7754
vn -0.9319 0.0488 -0.3593
vn -0.3330 0.2043 -0.9205
vn 0.3645 -0.3236 -0.8732
vn 0.4530 0.6054 -0.6545
vn 0.7681 -0.1356 0.6259
vn 0.7676 -0.2160 0.6034
vn -0.0644 0.9802 -0.1871
vn -0.0643 0.9802 -0.1871
vn 0.0077 0.9817 -0.1903
vn -0.4211 0.7104 -0.5639
vn -0.0304 0.8537 -0.5198
vn -0.4753 0.6444 -0.5990
vn -0.7083 0.5536 -0.4379
vn -0.5191 0.6882 -0.5069
vn -0.5356 0.6027 -0.5916
vn -0.8979 0.2704 0.3474
vn -0.6404 -0.0856 0.7632
vn -0.6396 -0.1072 0.7612
vn -0.9048 0.4144 -0.0982
vn -0.1378 0.9410 -0.3090
vn -0.1354 0.9546 -0.2652
vn -0.7298 0.4433 -0.5204
vn -0.7299 0.4433 -0.5204
vn -0.7003 0.4921 -0.5170
vn -0.7004 0.4921 -0.5170
vn -0.9895 0.0844 -0.1174
vn -0.9894 0.0862 -0.1172
vn -0.9886 0.0966 -0.1155
vn -0.9861 0.1004 -0.1325
vn -0.9587 -0.2789 -0.0562
vn -0.6122 0.6378 -0.4674
vn -0.9971 0.0696 -0.0294
vn 0.2545 -0.0117 0.9670
vn 0.2430 0.0379 0.9693
vn -0.4948 0.7111 -0.4995
vn -0.9793 0.1778 -0.0967
vn -0.5503 0.6798 -0.4848
vn -0.5762 0.7105 -0.4040
vn -0.9775 0.1318 -0.1647
vn -0.8173 0.3014 -0.4911
vn -0.7032 0.6707 -0.2360
vn -0.9512 0.1753 -0.2539
vn -0.8642 0.3273 -0.3821
vn -0.8514 0.3439 -0.3959
vn -0.3399 0.7743 -0.5338
vn -0.2617 0.9332 -0.2463
vn -0.1150 0.3011 0.9466
vn -0.1213 0.2957 0.9475
vn -0.1234 0.2956 0.9473
vn -0.1172 0.3010 0.9464
vn -0.5167 -0.4229 -0.7444
vn -0.4610 -0.4854 -0.7428
vn -0.4972 0.8670 -0.0337
vn -0.4645 0.8854 -0.0187
vn -0.8804 0.2462 0.4054
vn -0.8837 0.2737 0.3796
vn -0.8837 0.2738 0.3796
vn -0.7203 0.2169 -0.6589
vn 0.3343 0.9416 -0.0395
vn 0.3344 0.9416 -0.0395
vn 0.3342 0.9417 -0.0395
vn 0.9261 0.0002 0.3772
vn 0.9273 0.0600 0.3694
vn -0.7336 0.4063 -0.5448
vn -0.0560 0.9974 0.0444
vn -0.1023 0.9947 0.0047
vn -0.8162 0.5442 0.1941
vn -0.5366 0.4277 -0.7274
vn -0.0924 0.9556 0.2796
vn -0.8842 0.4551 0.1050
vn -0.8923 0.4505 0.0297
vn -0.8772 0.4791 0.0328
vn -0.7343 -0.3051 -0.6064
vn -0.7367 -0.3381 -0.5856
vn -0.7782 -0.3245 -0.5377
vn -0.0580 0.7994 -0.5980
vn -0.4783 -0.1524 -0.8649
vn -0.5485 -0.1541 -0.8218
vn 0.4368 0.8885 -0.1404
vn 0.4707 0.8652 -0.1729
vn -0.8081 0.1554 -0.5682
vn -0.9403 0.1898 0.2827
vn -0.9169 0.2697 -0.2942
vn -0.7826 0.6213 0.0387
vn -0.8817 0.4397 -0.1711
vn 0.8207 0.5212 -0.2341
vn 0.8507 0.4929 -0.1824
vn 0.8084 0.5539 -0.1991
vn -0.9961 0.0623 0.0628
vn -0.7425 0.6074 -0.2824
vn 0.7805 0.0210 -0.6248
vn 0.8013 -0.0013 -0.5982
vn 0.8305 0.0226 -0.5566
vn -0.7776 0.5602 -0.2854
vn -0.6882 0.6591 -0.3033
vn -0.4997 0.6920 -0.5210
vn -0.5132 0.8546 0.0786
vn -0.8811 0.4562 -0.1249
vn -0.7602 0.6242 -0.1804
vn 0.1628 0.7076 0.6876
vn -0.7701 0.6204 -0.1484
vn -0.7341 0.6661 -0.1318
vn -0.7876 0.6064 -0.1093
vn -0.7241 0.6789 -0.1212
vn -0.7526 0.6526 -0.0881
vn -0.6588 0.7415 -0.1273
vn -0.9282 0.3271 -0.1772
vn -0.9905 0.1194 -0.0679
vn -0.9897 0.0925 -0.1089
vn -0.8121 0.2435 -0.5303
vn -0.8084 0.2322 -0.5409
vn -0.8446 0.1706 -0.5075
vn 0.1872 0.7400 -0.6460
vn -0.7679 0.3461 -0.5391
vn -0.8599 0.3155 -0.4012
vn -0.6059 0.7680 -0.2076
vn -0.9834 -0.1752 0.0481
vn -0.6788 -0.4519 -0.5788
vn -0.6232 0.0438 -0.7808
vn -0.5784 -0.5718 -0.5819
vn -0.9649 0.2623 0.0154
vn -0.7519 0.4643 0.4680
vn -0.7388 0.4325 0.5168
vn -0.7991 0.0472 -0.5993
vn -0.8110 0.5845 0.0253
vn -0.9869 -0.0944 0.1310
vn -0.8074 0.2927 -0.5123
vn -0.8274 0.4951 -0.2651
vn -0.4172 0.5385 0.7321
vn -0.4696 0.5440 0.6954
vn -0.4131 0.5803 0.7018
vn -0.7354 0.2893 0.6127
vn -0.8551 -0.4874 -0.1766
vn -0.2025 0.2922 0.9347
vn -0.1683 0.2525 0.9528
vn 0.7170 -0.6746 0.1756
vn 0.7325 -0.6475 0.2100
vn 0.7169 -0.6747 0.1756
vn -0.8862 0.4587 -0.0652
vn -0.9902 0.1155 0.0784
vn -0.9007 0.4303 0.0592
vn -0.5559 0.2723 -0.7854
vn -0.5142 0.2969 -0.8046
vn -0.9556 0.0774 -0.2844
vn -0.9888 -0.0960 0.1144
vn 0.2935 0.2073 -0.9332
vn 0.3144 0.2000 -0.9280
vn 0.3261 0.2385 -0.9148
vn 0.2794 0.2076 -0.9375
vn 0.2852 0.2098 -0.9352
vn -0.9738 0.0277 0.2258
vn -0.8772 0.4793 -0.0293
vn -0.3210 -0.3351 -0.8858
vn -0.5778 0.7064 -0.4088
vn -0.5773 0.7161 -0.3922
vn -0.5770 0.7132 -0.3980
vn -0.5388 0.7333 -0.4146
vn -0.5688 0.7070 -0.4202
vn -0.3747 -0.6669 -0.6441
vn -0.0008 0.4126 -0.9109
vn -0.9116 0.1579 -0.3795
vn -0.6827 0.0777 -0.7265
vn -0.9875 -0.1562 -0.0209
vn -0.9147 -0.0255 -0.4033
vn -0.9940 0.0537 0.0953
vn -0.9964 0.0336 0.0782
vn -0.9940 0.0538 0.0953
vn -0.3431 -0.2853 -0.8949
vn -0.8375 -0.1782 0.5166
vn -0.3154 -0.2637 -0.9116
vn -0.6867 0.6690 -0.2844
vn -0.9765 -0.0851 0.1982
vn -0.8669 -0.4326 -0.2477
vn -0.4475 -0.1493 -0.8818
vn -0.8125 -0.1313 -0.5680
vn -0.5576 -0.8278 0.0622
vn -0.4821 -0.4254 -0.7659
vn -0.7996 0.5952 -0.0798
vn 0.1048 -0.5053 -0.8566
vn -0.8798 -0.3815 -0.2836
vn -0.0506 0.2598 -0.9643
vn -0.4507 -0.2206 -0.8650
vn -0.8524 0.4766 -0.2151
vn -0.6753 0.7274 -0.1221
vn -0.3747 -0.2744 -0.8856
vn -0.5092 0.8603 -0.0246
vn -0.5155 0.8568 -0.0062
vn -0.5155 0.8569 -0.0062
vn -0.6196 -0.3150 -0.7189
vn -0.0160 -0.5987 -0.8008
vn -0.0000 0.8344 0.5512
vn 0.0447 0.8198 0.5709
vn -0.6481 -0.7460 -0.1532
vn -0.3844 -0.9191 0.0862
vn -0.5366 -0.7215 -0.4376
vn 0.0246 0.7875 -0.6158
vn -0.7260 0.3229 -0.6072
vn -0.5982 0.4733 -0.6467
vn -0.9681 -0.2177 0.1238
vn -0.2820 0.1725 -0.9438
vn -0.2821 0.1725 -0.9437
vn -0.2055 0.8861 -0.4155
vn -0.5969 0.0981 0.7963
vn -0.3736 0.8493 -0.3729
vn -0.7595 0.4968 -0.4199
vn -0.2747 -0.4350 -0.8575
vn -0.2758 -0.4339 -0.8577
vn -0.2751 -0.4346 -0.8576
vn -0.2743 -0.4354 -0.8574
vn -0.3498 -0.5596 -0.7513
vn 0.0835 0.3585 -0.9298
vn -0.8762 0.4759 -0.0762
vn 0.1914 0.7758 -0.6013
vn -0.9415 0.1630 -0.2949
vn -0.3642 -0.0626 -0.9292
vn -0.5280 0.1940 0.8268
vn -0.4802 0.1609 0.8623
vn -0.8530 -0.0150 -0.5217
vn -0.9920 0.1114 -0.0599
vn -0.2416 -0.4246 -0.8725
vn -0.5135 0.5411 -0.6660
vn -0.5482 -0.8346 0.0542
vn -0.2279 0.1421 0.9633
vn -0.4931 0.6521 -0.5759
vn -0.4203 0.6780 -0.6030
vn -0.4204 0.6780 -0.6030
vn -0.4539 0.6322 -0.6279
vn -0.9921 0.0136 0.1249
vn -0.3146 0.4709 0.8242
vn -0.9539 0.2623 -0.1461
vn -0.9283 0.3030 -0.2156
vn -0.9531 0.2664 -0.1436
vn -0.9140 0.3666 -0.1736
vn -0.9240 0.3296 -0.1938
vn -0.9190 -0.2752 -0.2824
vn -0.1560 -0.4810 -0.8628
vn -0.4906 -0.0703 -0.8686
vn -0.4905 -0.0701 -0.8686
vn -0.5299 -0.0089 -0.8480
vn -0.5299 -0.0090 -0.8480
vn -0.8304 0.2319 -0.5067
vn 0.1680 0.5687 -0.8052
vn -0.2668 0.0426 -0.9628
vn -0.4425 -0.4980 -0.7457
vn -0.8080 0.1896 -0.5579
vn -0.8294 0.2038 -0.5201
vn -0.7686 0.1275 -0.6269
vn -0.8728 -0.2415 -0.4243
vn 0.1703 0.6294 -0.7582
vn -0.0298 -0.5319 -0.8463
vn -0.8691 0.3867 -0.3083
vn -0.8864 0.4344 -0.1597
vn -0.8140 -0.0362 -0.5797
vn -0.9589 0.0258 -0.2825
vn -0.8660 -0.0502 0.4975
vn -0.9255 0.0028 0.3787
vn 0.7343 -0.6411 -0.2233
vn 0.7325 -0.6475 -0.2101
vn -0.7936 0.4318 0.4287
vn -0.6789 0.1701 0.7143
vn -0.5879 0.3974 -0.7046
vn -0.1110 0.9938 -0.0008
vn -0.4970 0.8328 -0.2440
vn -0.3187 0.5333 -0.7836
vn -0.9890 0.0499 -0.1394
vn -0.9358 0.0859 -0.3420
vn -0.4285 0.3103 0.8486
vn -0.4257 0.3134 0.8489
vn -0.4252 0.3136 0.8490
vn -0.4283 0.3104 0.8487
vn -0.7673 -0.3372 0.5455
vn -0.9688 0.1355 -0.2077
vn -0.4290 -0.0394 -0.9025
vn 0.1504 0.9837 0.0991
vn -0.7559 0.6066 0.2463
vn -0.2705 0.6681 -0.6931
vn 0.3653 0.8897 -0.2737
vn -0.9043 -0.1803 -0.3869
vn -0.4554 0.3221 0.8300
vn -0.4839 0.6669 -0.5667
vn -0.2063 -0.0072 -0.9785
vn -0.9340 0.3493 -0.0752
vn -0.8389 0.5415 0.0541
vn -0.4575 0.1307 0.8796
vn -0.6695 0.6246 -0.4021
vn -0.1119 -0.4889 -0.8651
vn -0.6564 -0.6693 0.3481
vn -0.6905 -0.6662 0.2817
vn -0.6633 -0.6584 0.3559
vn -0.5455 0.1113 -0.8307
vn -0.3910 -0.2635 -0.8818
vn -0.6884 0.5033 -0.5223
vn -0.8332 0.5170 -0.1963
vn -0.3643 0.5841 -0.7253
vn -0.7891 0.6022 -0.1213
vn -0.9940 -0.0413 -0.1017
vn -0.4651 0.7479 -0.4737
vn -0.5648 0.8227 0.0645
vn -0.3693 0.9084 -0.1959
vn -0.8069 0.5854 0.0785
vn -0.7747 -0.0504 -0.6303
vn -0.4397 0.6576 0.6117
vn -0.4423 0.6569 0.6106
vn -0.4255 0.6755 0.6022
vn -0.4414 0.6888 0.5750
vn -0.4414 0.6888 0.5751
vn -0.4395 0.6570 0.6126
vn -0.7482 -0.6281 -0.2139
vn 0.2632 -0.5290 -0.8068
vn -0.9073 0.4031 0.1197
vn -0.6159 0.6952 -0.3706
vn -0.8640 0.3303 -0.3800
vn -0.9670 0.1664 0.1930
vn 0.7944 0.6073 0.0051
vn 0.8214 0.5695 0.0326
vn 0.7718 0.6357 0.0148
vn -0.9677 0.2120 -0.1361
vn -0.8483 0.4871 -0.2077
vn -0.8277 0.5298 -0.1848
vn -0.4325 0.8545 -0.2876
vn -0.4051 0.8785 -0.2532
vn 0.1062 0.8700 -0.4814
vn 0.7282 0.5851 -0.3569
vn -0.9122 0.2249 -0.3426
vn 0.2713 0.9508 0.1499
vn -0.0496 0.9986 -0.0171
vn 0.4253 0.7215 -0.5464
vn 0.2253 0.7144 -0.6625
vn -0.5533 0.3426 -0.7593
vn -0.5953 0.2914 -0.7488
vn 0.5263 0.8461 -0.0844
vn 0.5966 0.7986 0.0793
vn 0.3008 0.7962 -0.5250
vn 0.4282 0.8798 -0.2065
vn -0.6999 0.6531 -0.2890
vn 0.4472 0.0042 -0.8944
vn 0.3782 0.0382 -0.9249
vn 0.1271 0.9919 -0.0016
vn 0.7877 0.4973 -0.3635
vn -0.5830 0.7780 -0.2343
vn -0.6192 0.7649 -0.1779
vn 0.3625 0.9162 -0.1710
vn 0.2896 0.8175 -0.4979
vn 0.7977 -0.4630 0.3864
vn 0.8089 -0.4827 0.3357
vn -0.9614 0.2630 -0.0810
vn -0.9013 0.1036 -0.4205
vn -0.4695 0.8745 0.1218
vn -0.4434 0.8872 0.1276
vn -0.4434 0.8872 0.1275
vn -0.4425 -0.1836 -0.8778
vn -0.4849 0.8117 -0.3256
vn -0.9195 0.3543 -0.1701
vn -0.8147 0.5465 0.1941
vn 0.0635 0.9587 -0.2772
vn -0.5206 0.4324 -0.7362
vn -0.8642 -0.2236 0.4507
vn -0.8571 -0.2814 0.4314
vn -0.0320 0.8507 -0.5247
vn -0.4116 0.5115 -0.7543
vn 0.9676 -0.2424 0.0701
vn 0.9794 -0.1996 0.0295
vn -0.4213 -0.6346 -0.6479
vn -0.4742 0.2473 0.8450
vn -0.7373 0.6428 -0.2079
vn -0.7052 0.1931 -0.6823
vn -0.8286 0.0786 -0.5542
vn -0.6894 -0.7191 0.0879
vn -0.7113 0.3199 0.6259
vn -0.3946 -0.1139 -0.9118
vn -0.7874 -0.1998 -0.5832
vn -0.9245 0.3457 0.1604
vn -0.9076 0.3576 0.2201
vn -0.9076 0.3575 0.2201
vn -0.4739 0.0092 -0.8805
vn -0.8622 0.3964 -0.3154
vn -0.0579 0.9471 0.3157
vn -0.3501 0.5035 0.7899
vn 0.8705 0.4853 -0.0822
vn 0.8778 0.4736 -0.0713
vn -0.1739 -0.4184 0.8914
vn -0.0543 0.8659 0.4972
vn -0.7221 -0.5140 0.4630
vn -0.2893 -0.1578 0.9441
vn -0.2436 0.9673 -0.0699
vn -0.5778 0.6590 0.4816
vn -0.5779 0.6202 0.5305
vn -0.1626 0.1916 0.9679
vn -0.3279 0.5462 -0.7708
vn -0.3342 0.5942 -0.7316
vn -0.3342 0.5941 -0.7317
vn -0.0209 0.7748 -0.6318
vn -0.0450 0.7287 -0.6834
vn -0.0450 0.7286 -0.6834
vn -0.0104 0.3687 0.9295
vn 0.5636 0.7779 -0.2778
vn 0.5636 0.7779 -0.2779
vn 0.5547 0.7883 -0.2664
vn 0.4798 0.1653 -0.8617
vn 0.4542 0.1238 -0.8823
vn -0.6850 0.6577 -0.3134
vn -0.6423 0.7098 -0.2893
vn -0.6849 0.6577 -0.3134
vn -0.1653 0.6242 0.7636
vn -0.4693 -0.7028 0.5346
vn -0.2721 0.7071 0.6527
vn -0.1856 0.3053 0.9340
vn -0.8535 0.4934 -0.1675
vn -0.8541 0.4932 -0.1649
vn -0.8492 0.5012 -0.1662
vn -0.8513 0.4975 -0.1668
vn -0.2192 0.9109 0.3496
vn -0.9943 0.1067 0.0011
vn -0.9950 0.0883 -0.0471
vn -0.6268 0.7328 0.2650
vn -0.3374 0.6966 0.6331
vn -0.2227 0.5843 0.7803
vn -0.4954 0.1599 0.8538
vn -0.3791 0.5846 0.7173
vn -0.1235 0.8619 0.4918
vn -0.3197 0.8187 0.4771
vn -0.1719 0.6674 0.7246
vn -0.4070 0.6689 -0.6220
vn -0.4573 0.6354 -0.6222
vn -0.4573 0.6355 -0.6222
vn -0.2099 0.3792 -0.9012
vn -0.2002 0.3621 -0.9104
vn -0.1288 0.3671 -0.9212
vn -0.1289 0.3671 -0.9212
vn -0.8561 0.5167 0.0115
vn -0.8675 0.4971 0.0195
vn -0.8632 0.5049 0.0032
vn -0.8613 0.5080 0.0031
vn -0.3990 0.6633 0.6332
vn -0.4260 0.3103 0.8498
vn 0.1275 0.4177 -0.8996
vn 0.0668 0.4393 -0.8958
vn -0.2777 0.7536 0.5959
vn -0.2775 0.8335 0.4778
vn -0.2584 0.7642 0.5910
vn -0.1799 -0.6257 0.7591
vn -0.9478 0.3091 -0.0781
vn -0.9483 0.3056 -0.0851
vn -0.9478 0.3066 -0.0873
vn -0.9477 0.3091 -0.0795
vn -0.9976 0.0184 -0.0673
vn -0.9976 0.0183 -0.0673
vn -0.9993 -0.0171 -0.0340
vn 0.9758 -0.0303 0.2166
vn 0.9885 -0.0425 0.1451
vn -0.6566 -0.0317 0.7536
vn -0.6321 0.2103 0.7458
vn -0.1430 -0.5207 0.8417
vn -0.0796 0.9649 0.2504
vn 0.7824 -0.3535 0.5127
vn 0.8321 -0.3237 0.4503
vn 0.8321 -0.3237 0.4504
vn -0.3871 0.0011 0.9221
vn -0.1702 0.2490 0.9534
vn -0.1037 -0.2804 0.9542
vn -0.2091 0.2850 0.9354
vn -0.3298 0.3673 0.8697
vn -0.1519 0.7885 0.5960
vn 0.7555 -0.2050 -0.6222
vn 0.7509 -0.2282 -0.6197
vn -0.4858 0.4536 0.7472
vn -0.7512 -0.1897 0.6322
vn -0.7312 -0.2269 0.6433
vn -0.3218 0.6994 0.6382
vn -0.0277 0.2775 0.9603
vn 0.4414 0.1821 0.8787
vn -0.8312 0.3365 0.4425
vn -0.0113 0.2708 0.9626
vn -0.3865 0.7579 0.5256
vn -0.5834 0.3058 0.7524
vn -0.5564 0.6833 0.4728
vn -0.1750 0.9692 0.1732
vn -0.1338 0.2446 0.9603
vn -0.6681 -0.2091 0.7141
vn -0.8460 0.2218 -0.4848
vn -0.8456 0.2192 -0.4867
vn -0.8486 0.2134 -0.4841
vn -0.8515 0.2077 -0.4814
vn -0.2835 0.2411 0.9282
vn -0.4199 0.2608 0.8693
vn 0.4618 0.4963 0.7352
vn 0.5316 0.4675 0.7063
vn -0.1421 0.9196 0.3662
vn -0.1436 0.9193 0.3665
vn -0.1359 0.9224 0.3617
vn -0.1426 0.9189 0.3677
vn -0.3740 0.6893 0.6204
vn -0.3423 0.6833 0.6449
vn -0.9938 -0.0578 0.0953
vn -0.2787 0.4031 0.8717
vn -0.1332 -0.3624 0.9225
vn -0.9410 -0.2710 0.2025
vn -0.9410 -0.2710 0.2026
vn -0.9323 -0.2852 0.2223
vn -0.5632 0.1549 -0.8117
vn -0.5625 0.1592 -0.8114
vn -0.5617 0.1598 -0.8117
vn -0.5627 0.1553 -0.8119
vn 0.7966 -0.5634 0.2190
vn 0.8006 -0.5580 0.2184
vn 0.8006 -0.5616 0.2089
vn 0.7966 -0.5671 0.2092
vn -0.1446 0.6596 0.7376
vn -0.1373 0.7333 0.6659
vn 0.3767 0.2052 0.9033
vn 0.4057 0.2720 0.8726
vn -0.5679 0.0975 0.8173
vn -0.0478 0.7865 0.6157
vn -0.7755 0.2635 0.5737
vn -0.6727 0.5072 0.5387
vn -0.8891 0.3573 0.2860
vn -0.8565 0.4166 0.3048
vn -0.8891 0.3573 0.2861
vn 0.7126 0.2159 -0.6675
vn 0.7259 0.1613 -0.6686
vn -0.3156 0.3011 0.8998
vn -0.6410 -0.5093 0.5742
vn -0.9392 0.3408 0.0419
vn -0.9392 0.3408 0.0418
vn -0.9384 0.3454 0.0071
vn -0.6111 0.3642 0.7028
vn -0.0626 0.2849 0.9565
vn -0.3972 -0.2150 0.8922
vn -0.3585 -0.1843 0.9152
vn -0.3404 0.2800 0.8976
vn -0.7798 -0.5383 0.3197
vn -0.3569 0.2891 0.8883
vn -0.3177 0.8089 0.4948
vn -0.9720 0.1101 -0.2077
vn -0.9720 0.1100 -0.2077
vn -0.9661 0.1431 -0.2149
vn -0.9661 0.1431 -0.2150
vn 0.1462 -0.0175 -0.9891
vn 0.1693 -0.0071 -0.9855
vn -0.4930 -0.3069 0.8141
vn -0.4346 0.1959 -0.8791
vn -0.4483 0.2220 -0.8659
vn -0.3978 0.1984 -0.8958
vn 0.0139 -0.2068 0.9783
vn -0.2853 0.5589 0.7786
vn -0.2802 0.9366 0.2103
vn -0.3509 0.4405 0.8264
vn -0.5106 -0.2884 0.8100
vn -0.5563 -0.3975 0.7297
vn -0.8422 0.2132 -0.4952
vn -0.8518 0.1986 -0.4848
vn -0.1156 0.9894 -0.0884
vn -0.1575 0.9758 -0.1515
vn -0.0522 0.9823 -0.1798
vn -0.0755 0.9838 -0.1627
vn -0.0968 0.9794 -0.1770
vn -0.2877 0.1293 0.9489
vn -0.0926 0.7133 0.6947
vn -0.4815 0.5466 0.6851
vn -0.1901 0.8377 -0.5121
vn -0.1272 0.8734 -0.4701
vn -0.1901 0.8376 -0.5121
vn -0.2217 0.9017 0.3713
vn -0.3504 0.5879 0.7291
vn -0.6774 -0.4986 0.5408
vn -0.6844 -0.5117 0.5194
vn -0.6844 -0.5118 0.5194
vn -0.5296 0.1974 0.8250
vn -0.8325 0.5150 -0.2043
vn -0.8221 0.5477 -0.1553
vn -0.4971 0.6158 0.6112
vn -0.1798 0.9034 0.3893
vn -0.1623 0.9637 0.2119
vn -0.7970 0.5402 -0.2701
vn -0.7970 0.5403 -0.2700
vn -0.8228 0.4896 -0.2886
vn -0.1583 0.4023 0.9017
vn -0.9589 0.1975 0.2038
vn -0.0218 -0.4112 0.9113
vn -0.4893 0.5594 0.6691
vn -0.7853 -0.3826 0.4867
vn 0.3005 0.4973 0.8139
vn -0.0794 0.9711 0.2251
vn -0.4920 -0.5071 0.7076
vn -0.4921 -0.5071 0.7076
vn -0.4206 -0.5312 0.7355
vn -0.3367 0.6177 0.7107
vn -0.7308 0.0950 0.6760
vn -0.6560 0.1614 0.7373
vn -0.6539 0.2349 0.7192
vn -0.6539 0.2349 0.7191
vn -0.2034 0.3334 0.9206
vn -0.4262 -0.4646 0.7762
vn -0.4644 0.2364 -0.8535
vn -0.4212 0.2759 -0.8640
vn -0.4659 0.2386 -0.8520
vn -0.4655 0.2387 -0.8523
vn -0.1835 -0.4360 0.8811
vn -0.2088 -0.4327 0.8770
vn -0.1598 -0.4963 0.8533
vn -0.0467 0.7966 0.6027
vn -0.9785 -0.2045 -0.0269
vn -0.9755 -0.2188 -0.0243
vn -0.3714 0.4674 0.8023
vn -0.5090 0.7876 0.3473
vn -0.4915 0.7758 0.3956
vn -0.2400 0.2317 0.9427
vn -0.6185 -0.7799 0.0960
vn -0.3401 0.5667 0.7505
vn -0.2041 0.5970 0.7759
vn -0.2041 0.5970 0.7758
vn -0.2293 0.6005 0.7660
vn -0.6178 -0.7465 0.2469
vn 0.0256 0.1938 0.9807
vn -0.2265 0.8258 0.5164
vn -0.2260 -0.6522 0.7236
vn -0.3913 0.1563 0.9069
vn -0.6004 0.2894 0.7455
vn 0.4297 0.1125 -0.8959
vn 0.4355 0.1231 -0.8917
vn 0.4348 0.1212 -0.8923
vn 0.4296 0.1104 -0.8962
vn -0.2086 0.1120 0.9716
vn -0.5374 -0.2774 0.7964
vn -0.5374 -0.2773 0.7964
vn -0.5231 -0.3220 0.7891
vn -0.5270 -0.4564 0.7169
vn -0.6854 0.3278 0.6502
vn 0.3421 0.9379 0.0581
vn -0.2625 -0.5876 0.7654
vn -0.2313 0.2340 -0.9443
vn -0.2454 0.2199 -0.9442
vn -0.3384 0.6096 0.7168
vn -0.4095 -0.0158 0.9122
vn 0.5416 0.7931 0.2787
vn -0.3202 -0.3071 0.8962
vn -0.3372 0.8940 0.2951
vn -0.2290 0.3171 0.9203
vn -0.1990 0.7668 0.6103
vn -0.5155 -0.5663 0.6431
vn -0.4549 -0.3755 0.8075
vn -0.2117 0.7364 0.6425
vn -0.0735 -0.0146 0.9972
vn -0.0979 0.7799 0.6182
vn -0.2740 0.8587 0.4330
vn -0.3922 0.7732 0.4984
vn -0.1388 0.9044 0.4034
vn -0.8234 0.4660 -0.3239
vn 0.2392 -0.3706 0.8975
vn -0.3989 0.7570 0.5175
vn -0.3986 0.7561 0.5191
vn -0.3942 0.7573 0.5207
vn -0.3595 0.7210 0.5923
vn -0.3598 0.7208 0.5924
vn -0.5324 -0.2371 0.8126
vn -0.0774 0.9253 0.3712
vn -0.4747 0.3903 0.7888
vn 0.2610 0.9638 -0.0550
vn -0.2862 0.7673 0.5739
vn 0.9058 -0.3922 0.1601
vn 0.9058 -0.3922 0.1602
vn 0.9081 -0.3801 0.1760
vn 0.9028 -0.3642 0.2287
vn -0.3272 0.2798 0.9026
vn -0.4067 0.0736 0.9106
vn -0.2838 0.0697 0.9564
vn -0.4220 0.7367 0.5283
vn -0.0751 0.4894 0.8688
vn 0.0651 0.7135 0.6976
vn -0.6051 0.4937 0.6245
vn -0.0796 0.3645 0.9278
vn -0.6219 0.7193 0.3096
vn 0.7269 0.1430 -0.6717
vn 0.7328 0.1491 -0.6639
vn 0.7308 0.1447 -0.6671
vn 0.7288 0.1403 -0.6702
vn 0.2587 0.9619 0.0880
vn -0.5009 0.7749 0.3855
vn -0.3559 0.9337 0.0399
vn -0.4011 0.9095 0.1090
vn -0.3998 0.9138 -0.0718
vn -0.3967 0.9128 -0.0973
vn -0.3967 0.9128 -0.0972
vn -0.4219 0.9030 -0.0814
vn -0.9001 -0.0364 -0.4342
vn -0.9225 0.0305 -0.3848
vn -0.3195 0.3759 0.8699
vn -0.2357 0.5453 0.8044
vn -0.4715 0.8800 0.0578
vn -0.8035 0.5949 -0.0216
vn 0.4367 0.8515 0.2904
vn 0.4403 0.8482 0.2944
vn 0.4437 0.8451 0.2983
vn 0.4116 0.8503 0.3281
vn 0.4116 0.8503 0.3280
vn -0.8942 0.4390 -0.0877
vn -0.7431 0.6683 -0.0332
vn -0.9203 0.3697 -0.1275
vn -0.7854 0.2885 0.5476
vn -0.3163 0.8880 0.3339
vn -0.7029 0.6647 0.2532
vn -0.3916 0.6086 0.6901
vn -0.7268 0.6679 -0.1606
vn -0.8242 0.5623 0.0678
vn -0.3549 0.7533 0.5537
vn -0.1606 0.1424 0.9767
vn -0.2231 0.1311 0.9659
vn -0.0678 0.3700 0.9266
vn -0.6373 0.6949 0.3332
vn -0.0818 0.7597 0.6451
vn -0.3725 0.9039 0.2102
vn -0.9322 0.2107 0.2943
vn -0.9485 0.2347 0.2128
vn -0.7323 0.6805 -0.0244
vn -0.1974 0.9153 0.3510
vn 0.0242 0.7801 0.6252
vn -0.9264 0.3287 -0.1834
vn -0.3887 0.8197 0.4207
vn -0.3279 0.8042 0.4956
vn -0.9977 -0.0001 0.0676
vn 0.1268 0.8809 0.4560
vn -0.5236 0.8384 0.1511
vn -0.5302 0.5722 0.6256
vn 0.9198 0.3916 -0.0241
vn 0.9210 0.3858 -0.0547
vn 0.9315 0.3636 0.0061
vn 0.9312 0.3644 0.0060
vn 0.9303 0.3667 0.0077
vn -0.5884 0.7496 0.3031
vn -0.9587 0.2756 -0.0696
vn -0.2592 -0.1761 -0.9496
vn -0.2549 -0.1692 -0.9520
vn -0.2581 -0.1773 -0.9497
vn -0.2602 -0.1757 -0.9494
vn -0.7241 0.4862 0.4892
vn -0.7892 0.6128 0.0409
vn -0.7793 0.4913 -0.3889
vn -0.8997 0.4327 0.0575
vn -0.4158 0.8273 0.3776
vn -0.5649 0.7763 0.2799
vn -0.4211 0.7383 0.5268
vn -0.4276 0.7054 0.5654
vn -0.2923 0.9327 0.2114
vn -0.8090 0.3494 0.4727
vn -0.8933 0.3854 -0.2312
vn 0.9578 0.2673 0.1054
vn 0.9628 0.2537 0.0930
vn -0.6039 0.7659 0.2209
vn -0.9588 0.2765 -0.0649
vn -0.2979 -0.4349 0.8498
vn -0.2445 -0.4819 0.8414
vn -0.5420 0.6895 -0.4805
vn -0.5245 0.6911 -0.4973
vn -0.8955 0.3758 -0.2384
vn -0.8531 0.5184 0.0589
vn -0.9652 0.2123 -0.1530
vn -0.6089 0.7151 0.3432
vn -0.3386 -0.5719 0.7472
vn -0.3381 -0.5655 0.7522
vn -0.3402 -0.5642 0.7523
vn -0.3415 -0.5714 0.7463
vn -0.7511 0.6571 0.0643
vn -0.2030 0.2208 -0.9540
vn -0.1584 0.2333 -0.9594
vn -0.1583 0.2333 -0.9594
vn -0.1977 0.2007 -0.9595
vn -0.3412 0.6839 0.6448
vn -0.8434 -0.3205 -0.4312
vn -0.8229 -0.3552 -0.4434
vn -0.6814 0.7319 -0.0071
vn -0.9319 0.3558 -0.0712
vn -0.7094 0.6024 0.3658
vn -0.7252 0.3978 0.5620
vn -0.7558 0.1628 0.6343
vn -0.5073 -0.3190 0.8006
vn -0.4742 -0.3105 0.8238
vn -0.9620 0.1030 0.2530
vn -0.9647 0.1108 0.2390
vn -0.8816 0.1816 0.4356
vn -0.0253 0.1954 -0.9804
vn -0.0241 0.1961 -0.9803
vn -0.0379 0.1428 -0.9890
vn -0.0178 0.2007 -0.9795
vn -0.8712 -0.2274 -0.4351
vn -0.8527 -0.2266 -0.4706
vn -0.9021 -0.1146 -0.4161
vn 0.4964 -0.3592 0.7903
vn 0.4967 -0.3584 0.7905
vn 0.4966 -0.3586 0.7904
vn 0.4962 -0.3598 0.7902
vn -0.9457 0.2967 -0.1329
vn 0.3623 0.6606 -0.6575
vn 0.3724 0.6245 -0.6865
vn 0.3621 0.6797 -0.6379
vn -0.0914 0.0623 -0.9939
vn -0.0947 0.0632 -0.9935
vn -0.0941 0.0642 -0.9935
vn -0.0912 0.0633 -0.9938
vn -0.6802 0.4454 0.5822
vn -0.7024 0.5768 -0.4170
vn -0.5087 0.6496 -0.5650
vn -0.5066 0.6719 -0.5403
vn -0.7819 0.5585 0.2768
vn -0.9224 0.3006 0.2426
vn -0.9098 0.4078 -0.0768
vn -0.4425 0.7499 -0.4917
vn -0.4229 0.7346 -0.5305
vn -0.7337 -0.4762 -0.4847
vn -0.6352 0.7408 0.2185
vn -0.8601 0.2819 -0.4251
vn -0.9213 0.3855 -0.0515
vn -0.6687 0.6425 0.3742
vn 0.2433 0.8903 -0.3850
vn 0.2432 0.8903 -0.3850
vn 0.1977 0.8999 -0.3887
vn -0.3736 0.4714 0.7989
vn -0.8444 0.3618 0.3951
vn -0.9037 0.3164 -0.2884
vn -0.5479 0.5872 0.5958
vn -0.8580 0.3805 -0.3450
vn -0.6224 0.7788 0.0784
vn -0.2131 -0.8830 -0.4181
vn -0.1360 -0.9011 -0.4118
vn -0.1360 -0.9011 -0.4117
vn -0.8669 0.4978 0.0256
vn -0.3216 0.5971 0.7349
vn -0.3217 0.5971 0.7349
vn -0.3423 0.5809 0.7385
vn -0.8716 0.0875 -0.4824
vn -0.8363 0.4597 0.2988
vn -0.8668 0.4839 0.1200
vn -0.9365 0.3075 0.1688
vn -0.7698 0.5771 0.2726
vn 0.4514 0.2691 0.8508
vn 0.4606 0.2457 0.8529
vn -0.7703 0.6367 0.0349
vn -0.8803 0.4412 -0.1745
vn -0.9316 0.3634 0.0078
vn -0.6530 0.7192 0.2375
vn 0.3189 0.9437 -0.0874
vn 0.2797 0.9493 -0.1433
vn -0.5480 0.4955 0.6740
vn -0.3176 0.9445 0.0833
vn -0.3183 0.9445 0.0814
vn -0.3204 0.9447 0.0693
vn -0.3197 0.9448 0.0712
vn -0.5370 0.8370 -0.1049
vn 0.8712 0.4502 -0.1958
vn 0.8599 0.4786 -0.1777
vn -0.7468 0.6648 0.0168
vn -0.8465 0.5323 -0.0058
vn -0.5035 -0.6710 0.5442
vn -0.5473 -0.6802 0.4876
vn 0.6471 0.7536 -0.1160
vn 0.2079 0.6427 -0.7373
vn 0.2867 0.9111 -0.2962
vn -0.3480 -0.3924 -0.8514
vn -0.2561 0.4192 0.8710
vn -0.2697 0.3925 0.8793
vn -0.2698 0.3925 0.8793
vn -0.2764 0.4674 0.8397
vn 0.7102 0.6359 -0.3020
vn -0.9050 0.3649 -0.2186
vn -0.9005 0.3673 -0.2327
vn -0.8990 0.3300 -0.2879
vn -0.8990 0.3300 -0.2878
vn -0.9348 0.2938 -0.1994
vn -0.0483 0.9414 -0.3337
vn -0.8976 0.0715 -0.4349
vn -0.9171 0.1074 -0.3838
vn 0.6773 0.4684 -0.5673
vn 0.2907 0.9061 -0.3074
vn -0.2533 0.8366 -0.4857
vn -0.2783 -0.7238 -0.6314
vn -0.2783 -0.7250 -0.6300
vn -0.2806 -0.7203 -0.6344
vn -0.2792 -0.7199 -0.6354
vn -0.9647 0.0869 0.2488
vn -0.9682 0.1121 0.2238
vn -0.1042 0.9708 -0.2160
vn 0.4363 0.2750 -0.8568
vn 0.1485 0.9454 -0.2902
vn -0.1514 -0.8703 -0.4687
vn 0.4298 0.5406 -0.7232
vn 0.3448 0.8743 -0.3417
vn -0.3438 0.5073 -0.7903
vn 0.5201 0.7621 -0.3856
vn -0.0183 0.9661 -0.2576
vn -0.9866 0.0690 0.1480
vn -0.9817 0.1256 0.1433
vn 0.2497 0.5968 -0.7625
vn -0.1878 0.8882 -0.4193
vn -0.3434 0.8364 -0.4272
vn -0.1101 0.9933 -0.0338
vn -0.6714 0.5847 -0.4553
vn -0.0866 0.8919 -0.4438
vn 0.3428 0.2560 -0.9039
vn -0.5737 -0.6503 0.4979
vn -0.5767 -0.6765 0.4580
vn 0.1381 0.9029 -0.4072
vn 0.6477 0.0783 -0.7579
vn -0.6886 -0.5777 0.4383
vn -0.6564 -0.5709 0.4932
vn -0.2927 0.7525 -0.5900
vn 0.3038 0.9294 -0.2094
vn 0.1233 0.2389 -0.9632
vn 0.3839 -0.6074 -0.6954
vn -0.9174 -0.0835 -0.3892
vn -0.9174 -0.0832 -0.3891
vn -0.9172 -0.0840 -0.3894
vn 0.0539 -0.0834 -0.9951
vn 0.5025 0.4358 -0.7467
vn -0.0018 0.8050 -0.5932
vn -0.3104 -0.7031 -0.6398
vn 0.2862 0.6794 -0.6756
vn 0.9386 -0.1393 0.3158
vn 0.9337 -0.1504 0.3250
vn -0.1440 0.7620 -0.6313
vn -0.0874 0.6730 -0.7344
vn -0.0013 0.7403 -0.6723
vn 0.0978 0.1757 -0.9796
vn 0.3583 0.9266 -0.1139
vn -0.0605 0.8827 -0.4661
vn -0.3971 -0.8165 -0.4191
vn 0.3733 0.6981 -0.6110
vn 0.4776 0.4058 -0.7793
vn 0.1795 0.9832 -0.0324
vn 0.3056 0.9372 -0.1681
vn 0.5479 0.4974 -0.6726
vn 0.7704 0.6129 -0.1757
vn 0.5116 0.8563 0.0709
vn 0.4358 0.8999 -0.0151
vn -0.7048 -0.4571 -0.5425
vn 0.4915 0.5454 -0.6790
vn -0.0028 0.9903 0.1388
vn -0.0753 0.6641 0.7439
vn -0.0743 0.6094 0.7893
vn -0.0743 0.6094 0.7894
vn -0.0485 0.6744 0.7368
vn 0.4475 0.8869 0.1147
vn 0.0631 0.6353 -0.7697
vn 0.1765 0.9362 -0.3040
vn -0.1545 -0.0207 -0.9878
vn 0.4319 0.8331 -0.3456
vn 0.2858 -0.0110 -0.9582
vn -0.5093 0.2427 -0.8257
vn -0.4053 0.4943 -0.7690
vn -0.0592 0.7732 -0.6314
vn 0.3459 0.7003 -0.6244
vn 0.6319 0.3162 -0.7077
vn 0.1859 0.0052 -0.9826
vn 0.1775 0.5056 -0.8443
vn -0.0461 0.2946 -0.9545
vn 0.3004 0.9339 -0.1939
vn 0.4598 -0.5082 -0.7282
vn -0.0245 0.3355 -0.9417
vn 0.5198 0.7847 -0.3377
vn 0.2351 0.9719 -0.0091
vn -0.7696 -0.0583 -0.6359
vn 0.1487 0.2444 -0.9582
vn -0.2735 0.3536 -0.8945
vn -0.4759 -0.1674 -0.8634
vn -0.2226 0.5887 -0.7771
vn -0.1681 0.3208 -0.9321
vn -0.3162 0.3930 -0.8635
vn -0.3162 0.3934 -0.8633
vn -0.7409 0.2682 -0.6158
vn -0.7692 0.3087 -0.5595
vn -0.7220 0.3645 -0.5881
vn -0.7105 0.3483 -0.6114
vn -0.8255 -0.5403 0.1632
vn -0.8493 -0.5061 0.1501
vn -0.8494 -0.5060 0.1501
vn 0.4192 0.7886 -0.4498
vn 0.5514 0.6692 0.4982
vn 0.7675 -0.2385 -0.5951
vn 0.5450 0.8163 0.1915
vn 0.5842 0.5497 -0.5971
vn 0.3190 0.5230 -0.7904
vn -0.4480 0.6755 0.5856
vn -0.4023 0.6821 0.6106
vn 0.3367 0.9374 0.0885
vn 0.7214 -0.0642 -0.6896
vn 0.5414 0.7515 -0.3770
vn 0.9620 0.2036 -0.1817
vn 0.3848 0.7570 -0.5282
vn -0.3458 0.4001 0.8487
vn -0.3454 0.3987 0.8496
vn -0.3413 0.3999 0.8506
vn -0.3408 0.4008 0.8505
vn 0.7872 0.3415 0.5136
vn 0.8901 0.2964 -0.3463
vn 0.5179 0.1717 0.8381
vn 0.5109 0.2365 -0.8265
vn 0.5149 0.2829 -0.8092
vn 0.5149 0.2828 -0.8092
vn 0.5520 0.2010 -0.8093
vn 0.9910 0.1128 0.0720
vn 0.7208 0.6896 0.0696
vn 0.3710 0.8229 0.4303
vn 0.1783 0.4451 0.8775
vn 0.8995 -0.0361 0.4353
vn 0.3737 0.5322 0.7597
vn 0.3174 0.6157 0.7212
vn 0.9946 -0.0671 -0.0791
vn 0.1654 0.5275 0.8333
vn 0.7592 0.1523 -0.6328
vn 0.8777 -0.2562 0.4050
vn 0.7077 -0.6274 0.3249
vn 0.9547 0.2584 -0.1474
vn 0.7433 0.6001 0.2957
vn 0.4346 -0.6241 -0.6493
vn 0.1772 -0.0551 -0.9826
vn 0.1218 -0.1903 0.9741
vn 0.1755 -0.1792 0.9680
vn -0.9192 -0.0466 0.3911
vn -0.9233 -0.3629 0.1254
vn -0.4795 0.8653 -0.1460
vn -0.2262 0.8000 -0.5558
vn -0.4621 0.7648 -0.4489
vn -0.8855 0.0933 -0.4551
vn 0.3343 0.9424 0.0081
vn 0.2843 0.9572 0.0546
vn -0.3940 0.8739 -0.2847
vn -0.6418 0.7395 -0.2030
vn -0.7963 -0.3751 -0.4746
vn -0.7228 -0.5719 -0.3880
vn -0.7243 0.5052 -0.4693
vn -0.9669 0.1185 -0.2259
vn 0.6251 -0.2584 0.7365
vn 0.6438 -0.2315 0.7294
vn 0.6438 -0.2315 0.7293
vn -0.7695 0.4228 -0.4785
vn -0.3513 0.9305 -0.1040
vn -0.4175 0.7087 -0.5687
vn -0.8116 -0.4473 -0.3758
vn -0.5651 0.4502 -0.6914
vn -0.8125 -0.3300 -0.4806
vn -0.4236 0.9035 0.0655
vn -0.9291 0.2726 -0.2501
vn -0.8471 0.4876 -0.2114
vn -0.7193 0.6351 -0.2816
vn 0.8076 0.1558 -0.5688
vn 0.8075 0.1559 -0.5689
vn 0.8068 0.1598 -0.5689
vn 0.8068 0.1592 -0.5689
vn -0.6882 0.1460 -0.7107
vn -0.8152 0.0893 -0.5723
vn -0.5998 0.0578 -0.7980
vn -0.8559 -0.3417 -0.3882
vn -0.7666 -0.4329 -0.4743
vn -0.8579 -0.0864 -0.5065
vn -0.9020 0.4098 -0.1358
vn -0.8782 0.4615 -0.1256
vn -0.5960 0.6565 -0.4623
vn -0.7019 0.3187 -0.6371
vn -0.6900 0.7166 -0.1020
vn -0.5457 0.8280 -0.1291
vn 0.5087 0.8609 0.0040
vn 0.5231 0.8522 0.0035
vn 0.5231 0.8523 0.0035
vn -0.8620 0.4404 -0.2509
vn -0.5853 0.5015 -0.6371
vn -0.7417 0.6016 0.2967
vn -0.7416 0.6016 0.2967
vn -0.7181 0.6176 0.3209
vn -0.8214 0.3617 -0.4409
vn -0.3235 0.9101 -0.2589
vn -0.3826 0.8977 -0.2184
vn -0.2792 0.9280 -0.2466
vn -0.8718 0.4889 -0.0315
vn -0.6870 0.3248 -0.6500
vn -0.8947 0.3465 -0.2818
vn -0.8414 -0.4294 -0.3282
vn -0.5401 -0.5396 -0.6459
vn -0.2863 0.9343 -0.2125
vn -0.2785 0.9602 0.0194
vn -0.6769 0.6552 -0.3354
vn 0.7972 0.5076 -0.3268
vn 0.7972 0.5077 -0.3268
vn 0.7820 0.5246 -0.3366
vn -0.7477 0.2892 -0.5977
vn -0.7397 0.6524 -0.1650
vn -0.8192 0.4150 -0.3958
vn -0.8908 0.3343 -0.3076
vn -0.6149 0.7673 -0.1822
vn -0.5954 0.7736 -0.2168
vn -0.1211 0.9926 0.0076
vn -0.0568 0.9974 -0.0448
vn -0.0695 0.9974 -0.0167
vn -0.1055 0.9924 -0.0631
vn -0.0614 0.9948 -0.0819
vn -0.0613 0.9948 -0.0819
vn -0.0986 0.9938 -0.0509
vn -0.0227 0.9986 -0.0486
vn -0.0799 0.9967 -0.0121
vn -0.1181 0.9928 -0.0173
vn -0.0878 0.9951 0.0452
vn -0.0498 0.9938 -0.0997
vn -0.1273 0.9917 -0.0165
vn -0.1148 0.9934 0.0053
vn -0.1557 0.9877 0.0117
vn -0.1286 0.9914 -0.0227
vn -0.0595 0.9979 -0.0253
vn -0.0761 0.9969 -0.0192
vn -0.7031 0.5841 -0.4055
vn 0.0269 -0.3613 -0.9321
vn 0.0459 -0.4008 -0.9150
vn -0.3404 0.9285 -0.1483
vn 0.9159 0.3978 0.0532
vn 0.8979 0.4344 0.0709
vn 0.8766 0.4792 0.0440
vn -0.6987 0.6908 -0.1857
vn -0.8660 -0.3036 -0.3974
vn -0.9060 0.4138 -0.0892
vn -0.8807 0.4644 -0.0933
vn -0.2517 0.9562 -0.1494
vn -0.8305 0.4684 -0.3015
vn -0.6617 0.5185 -0.5416
vn -0.1179 0.9930 -0.0108
vn -0.9881 0.1534 0.0127
vn -0.6004 0.7973 -0.0623
vn -0.9487 -0.0526 -0.3118
vn -0.9325 0.1525 -0.3274
vn -0.7716 0.5321 -0.3487
vn -0.7714 0.5324 -0.3485
vn -0.7075 0.5994 -0.3744
vn -0.7585 0.6314 -0.1611
vn -0.5638 0.5618 -0.6054
vn -0.7283 0.5249 -0.4405
vn -0.7222 0.3972 -0.5663
vn 0.4484 0.1061 -0.8875
vn 0.4598 0.1422 -0.8766
vn -0.7679 0.5863 -0.2581
vn -0.7354 -0.5080 -0.4484
vn -0.6181 0.7195 -0.3166
vn 0.3710 0.8065 0.4603
vn 0.3896 0.8103 0.4377
vn 0.4011 0.7605 0.5106
vn -0.1108 0.9810 -0.1592
vn -0.2309 0.6243 -0.7462
vn -0.8320 0.5271 -0.1731
vn -0.5022 0.8009 -0.3263
vn -0.8874 0.1933 -0.4186
vn -0.7432 0.6671 -0.0521
vn -0.6553 0.5787 -0.4854
vn -0.3880 0.9072 -0.1626
vn -0.7604 0.5965 -0.2568
vn -0.1618 0.0307 -0.9863
vn -0.1618 0.0307 -0.9864
vn -0.1545 -0.0141 -0.9879
vn 0.9660 0.1418 0.2160
vn 0.9726 0.1536 0.1743
vn -0.9375 -0.1187 -0.3271
vn -0.4709 0.8013 -0.3690
vn -0.3007 0.2986 -0.9058
vn -0.3059 0.2830 -0.9090
vn -0.2178 0.0097 -0.9759
vn -0.7197 0.6789 0.1454
vn -0.7666 -0.1066 -0.6332
vn -0.5239 0.8247 -0.2131
vn -0.9853 -0.1120 0.1287
vn -0.9853 -0.1120 0.1286
vn -0.9847 -0.1473 0.0932
vn -0.6405 0.6789 0.3590
vn -0.6395 0.6794 0.3598
vn -0.6382 0.6818 0.3576
vn -0.6391 0.6812 0.3571
vn -0.4152 0.6558 -0.6305
vn -0.6314 0.5178 -0.5773
vn -0.7905 -0.3092 -0.5287
vn -0.7185 0.6596 -0.2207
vn -0.7497 0.2679 -0.6052
vn -0.7819 0.5710 -0.2503
vn -0.9314 0.2248 -0.2862
vn 0.6039 0.7842 -0.1428
vn 0.6272 0.7737 -0.0891
vn 0.6243 0.7688 -0.1387
vn -0.0906 0.9941 0.0592
vn -0.1043 0.9916 -0.0764
vn -0.5223 0.7611 -0.3846
vn -0.4958 0.7614 -0.4176
vn -0.8134 0.2596 -0.5206
vn -0.1082 0.7539 -0.6480
vn -0.9726 0.0799 -0.2181
vn -0.7433 0.4526 -0.4927
vn -0.4917 0.8189 -0.2961
vn -0.6515 0.7575 0.0413
vn -0.5190 0.8546 0.0162
vn -0.7522 -0.1467 0.6424
vn -0.7198 -0.0834 0.6891
vn -0.7199 -0.0834 0.6891
vn -0.7810 0.2449 -0.5746
vn -0.8747 0.2736 -0.4000
vn -0.8706 0.3302 -0.3647
vn -0.8607 0.3104 -0.4037
vn -0.2635 0.7864 -0.5587
vn -0.7283 0.5995 -0.3319
vn -0.4949 0.8488 0.1860
vn -0.5312 0.8168 -0.2251
vn -0.8959 0.3725 -0.2420
vn -0.9278 0.3154 -0.1992
vn -0.6369 0.7473 -0.1895
vn -0.6254 0.7530 -0.2046
vn -0.4438 -0.1449 0.8843
vn -0.3986 -0.1181 0.9095
vn -0.9211 0.3863 -0.0482
vn -0.7100 0.5674 -0.4171
vn -0.5239 0.8142 -0.2502
vn -0.4469 0.5007 -0.7414
vn -0.3393 0.7092 -0.6180
vn -0.5126 0.7929 -0.3294
vn 0.6481 0.6374 0.4167
vn 0.6482 0.6374 0.4166
vn 0.6447 0.6291 0.4344
vn 0.6446 0.6291 0.4344
vn -0.7235 -0.4204 -0.5475
vn -0.8221 0.4242 -0.3799
vn -0.4871 0.8295 -0.2733
vn -0.7094 0.6210 -0.3333
vn -0.6622 0.6712 -0.3331
vn -0.7899 -0.5441 -0.2829
vn -0.1783 0.3959 -0.9008
vn 0.4183 0.8739 -0.2477
vn 0.2874 0.2023 -0.9362
vn -0.1788 0.4954 -0.8501
vn 0.1600 -0.5561 -0.8155
vn -0.0005 0.7011 -0.7131
vn 0.5111 0.3157 -0.7995
vn 0.5781 0.6613 0.4780
vn 0.4187 0.6784 0.6037
vn 0.3801 0.9176 -0.1163
vn -0.0783 0.7354 0.6731
vn -0.3601 0.6692 0.6500
vn -0.3326 0.6781 0.6554
vn -0.2063 0.3031 0.9304
vn 0.3518 -0.3124 0.8824
vn 0.8323 0.4692 0.2952
vn 0.1513 0.7866 -0.5986
vn -0.4831 -0.5424 -0.6874
vn 0.4843 -0.1531 0.8614
vn 0.6729 0.5329 0.5130
vn 0.7441 -0.0338 0.6672
vn -0.7590 -0.4576 -0.4631
vn -0.6934 -0.5507 -0.4647
vn 0.5153 0.4661 -0.7192
vn -0.0370 0.8231 -0.5666
vn -0.1557 -0.8080 -0.5682
vn -0.3193 0.9407 -0.1144
vn 0.2532 0.5027 -0.8266
vn 0.0242 0.1827 -0.9829
vn -0.3440 0.7689 -0.5389
vn 0.8947 0.4410 0.0704
vn -0.1787 0.1590 -0.9710
vn -0.3726 0.6089 -0.7002
vn 0.0802 0.8593 -0.5052
vn -0.8728 0.4009 -0.2785
vn -0.4043 0.8778 -0.2568
vn -0.5608 0.7862 -0.2594
vn -0.1794 0.5975 -0.7816
vn -0.1704 0.8606 -0.4799
vn -0.7862 0.0346 -0.6169
vn -0.7138 0.5635 -0.4158
vn -0.5054 0.0870 -0.8585
vn -0.5054 0.0871 -0.8585
vn -0.5093 0.0606 -0.8585
vn 0.0269 0.5300 0.8476
vn 0.0268 0.5300 0.8476
vn -0.0224 0.5093 0.8603
vn 0.0181 0.5537 0.8326
vn -0.7325 0.6328 -0.2512
vn -0.6808 0.6557 -0.3265
vn -0.6958 0.6679 -0.2641
vn -0.6971 0.6701 -0.2549
vn -0.7406 0.6343 -0.2219
vn -0.7175 0.6298 -0.2975
vn -0.7174 0.6353 0.2860
vn -0.1706 0.9689 0.1791
vn -0.5849 0.7666 0.2649
vn -0.3853 0.8672 -0.3155
vn -0.3957 0.8981 0.1916
vn -0.8174 0.5727 0.0617
vn -0.7675 0.0707 0.6371
vn -0.7675 0.0708 0.6371
vn -0.7224 0.1249 0.6801
vn 0.2404 0.9425 -0.2323
vn 0.3172 0.9149 -0.2498
vn -0.7235 0.3790 0.5770
vn -0.7924 0.5487 0.2665
vn -0.2880 0.7242 -0.6266
vn -0.2897 0.7442 -0.6019
vn -0.2677 0.7350 -0.6230
vn -0.6277 0.1487 -0.7641
vn -0.6291 0.3152 -0.7105
vn -0.5689 0.3102 -0.7617
vn -0.5619 0.2485 -0.7890
vn -0.9295 0.2110 0.3024
vn -0.5224 0.2066 0.8273
vn 0.2858 0.1809 -0.9411
vn 0.3134 0.1341 -0.9401
vn -0.6614 0.6816 0.3131
vn -0.4871 0.8013 0.3473
vn -0.7584 -0.3101 0.5733
vn -0.6614 0.7493 0.0313
vn -0.9578 0.1379 0.2523
vn -0.7050 0.3972 0.5876
vn -0.4220 0.8267 0.3720
vn -0.7579 0.6393 0.1303
vn -0.7086 0.6938 0.1288
vn -0.6860 0.4180 -0.5955
vn -0.7073 0.4146 -0.5726
vn -0.8338 0.5488 0.0595
vn -0.8329 0.1942 0.5182
vn -0.5029 0.8633 0.0434
vn -0.2131 0.9631 0.1647
vn -0.2141 0.7982 0.5630
vn -0.6654 0.5849 0.4638
vn -0.8902 0.4326 0.1430
vn -0.6584 0.7319 -0.1756
vn -0.4740 0.8709 0.1295
vn -0.8196 0.5086 0.2636
vn -0.7647 0.6034 -0.2261
vn -0.7406 0.6257 -0.2449
vn -0.7513 0.6345 -0.1816
vn -0.4424 0.4627 0.7683
vn -0.4424 0.4626 0.7683
vn -0.4556 0.4135 0.7883
vn -0.9054 0.3969 0.1509
vn -0.5642 0.0325 0.8250
vn -0.5643 0.0324 0.8250
vn -0.5634 0.0344 0.8255
vn -0.5764 0.0297 0.8166
vn -0.5764 0.0297 0.8167
vn -0.4631 0.8119 0.3554
vn -0.6962 0.6027 0.3899
vn -0.5987 0.2732 0.7529
vn -0.0909 0.9591 0.2682
vn -0.3755 0.9246 0.0638
vn -0.7280 0.5196 0.4472
vn -0.3552 0.7863 0.5056
vn -0.9269 0.3315 -0.1758
vn -0.9261 0.3334 -0.1765
vn -0.9243 0.3342 -0.1844
vn -0.9252 0.3316 -0.1847
vn -0.9764 0.2148 -0.0223
vn -0.7116 0.3969 0.5798
vn -0.8431 0.3380 0.4182
vn 0.7844 -0.4310 -0.4460
vn 0.7844 -0.4309 -0.4460
vn 0.8188 -0.3873 -0.4238
vn -0.7932 -0.1516 -0.5898
vn -0.7339 -0.1893 -0.6524
vn -0.7617 -0.1270 -0.6354
vn 0.9995 -0.0091 -0.0318
vn 0.9995 -0.0091 -0.0317
vn 0.9983 -0.0586 0.0046
vn 0.9992 0.0398 0.0050
vn -0.7357 0.6296 -0.2499
vn -0.4587 0.8353 0.3029
vn -0.8171 0.5748 0.0430
vn -0.8172 0.5748 0.0430
vn -0.8559 0.5155 0.0406
vn -0.6787 0.7073 0.1977
vn -0.3681 0.9273 -0.0680
vn -0.5734 0.7933 0.2047
vn -0.4153 0.9041 0.1007
vn -0.7059 0.7047 -0.0712
vn -0.8953 0.1055 0.4328
vn -0.4519 0.8910 -0.0436
vn -0.8967 0.3752 0.2350
vn -0.7365 0.4864 0.4701
vn -0.8372 0.5137 0.1878
vn -0.5700 0.7892 0.2286
vn -0.7318 0.6796 0.0512
vn -0.8224 0.3583 0.4419
vn -0.3359 0.7055 0.6240
vn -0.4569 0.7921 0.4048
vn -0.7824 0.6226 -0.0156
vn -0.8669 0.4681 0.1713
vn -0.4932 0.8172 0.2983
vn -0.6378 0.6034 0.4786
vn -0.5763 0.7682 0.2789
vn -0.6433 0.7374 0.2059
vn 0.0702 0.2359 0.9692
vn -0.0045 0.2116 0.9773
vn 0.6736 -0.0615 0.7365
vn 0.6768 -0.0822 0.7316
vn -0.2762 0.4608 -0.8434
vn -0.1355 0.8919 -0.4315
vn -0.3811 0.1743 -0.9079
vn -0.3811 0.1743 -0.9080
vn -0.3296 0.2030 -0.9220
vn 0.4407 0.6599 -0.6085
vn 0.4118 0.6277 -0.6606
vn -0.4334 0.6606 -0.6130
vn -0.9324 0.0731 -0.3539
vn -0.7755 0.6313 0.0028
vn -0.8468 0.5202 0.1106
vn -0.3833 0.6345 -0.6712
vn -0.9751 -0.0347 -0.2191
vn -0.9748 -0.0353 -0.2202
vn -0.9751 -0.0346 -0.2190
vn -0.9732 -0.0749 -0.2174
vn -0.4866 0.5052 -0.7127
vn -0.1524 0.8636 -0.4806
vn 0.1383 0.8926 -0.4291
vn 0.1626 0.8876 -0.4309
vn 0.1631 0.8869 -0.4321
vn 0.1375 0.8917 -0.4313
vn -0.3452 -0.2949 -0.8910
vn -0.8989 -0.3248 -0.2940
vn -0.6118 0.1291 -0.7804
vn -0.8594 0.3805 -0.3416
vn -0.3012 -0.1667 0.9389
vn -0.2946 -0.1772 0.9391
vn -0.2960 -0.1759 0.9389
vn -0.3031 -0.1656 0.9385
vn -0.2014 0.9720 -0.1213
vn -0.8365 0.1769 -0.5187
vn -0.6720 0.6003 -0.4336
vn -0.9440 0.1232 -0.3060
vn -0.9453 0.1011 -0.3100
vn -0.7853 0.5832 -0.2077
vn -0.4966 0.3948 -0.7730
vn -0.1547 0.9470 -0.2814
vn -0.7814 0.3140 -0.5393
vn -0.6187 -0.1609 -0.7690
vn -0.3739 0.7874 0.4901
vn -0.3741 0.7874 0.4899
vn -0.4537 0.4778 -0.7522
vn -0.3528 0.4294 -0.8313
vn 0.0991 0.7221 -0.6847
vn 0.1345 0.7315 -0.6684
vn 0.0974 0.7361 -0.6698
vn -0.3766 -0.1354 -0.9164
vn 0.4835 0.2640 -0.8346
vn 0.2039 0.4400 -0.8745
vn 0.9006 -0.4308 0.0585
vn 0.8653 -0.4932 0.0897
vn 0.0843 0.3624 -0.9282
vn 0.3132 0.2886 -0.9048
vn 0.2013 0.3012 -0.9321
vn -0.8122 0.1890 -0.5520
vn 0.2787 0.9103 0.3059
vn -0.0427 0.9983 -0.0390
vn 0.4386 0.1969 -0.8768
vn 0.4386 0.1969 -0.8769
vn 0.4011 0.2135 -0.8908
vn -0.4055 0.1428 -0.9029
vn -0.7400 0.4862 0.4648
vn -0.6956 0.5561 0.4549
vn -0.7392 0.4877 0.4644
vn -0.7390 0.4872 0.4654
vn -0.7389 0.4868 0.4659
vn -0.3539 -0.0354 -0.9346
vn 0.0709 0.6746 -0.7348
vn 0.4150 -0.3320 -0.8471
vn -0.0488 0.2575 -0.9651
vn -0.1619 0.6036 -0.7807
vn -0.1430 0.7211 -0.6779
vn 0.0857 -0.1685 -0.9820
vn 0.6670 -0.7147 0.2103
vn 0.6670 -0.7148 0.2103
vn 0.6852 -0.6760 0.2711
vn 0.6852 -0.6760 0.2710
vn -0.2775 0.9516 0.1320
vn -0.3048 0.9327 0.1928
vn -0.1529 0.3203 -0.9349
vn 0.2197 0.3027 -0.9274
vn 0.2198 0.3027 -0.9274
vn 0.2855 0.3273 -0.9008
vn 0.2854 0.3273 -0.9008
vn 0.3733 0.8507 0.3700
vn 0.3493 0.8426 0.4100
vn 0.3340 0.8421 0.4235
vn 0.3835 0.8302 0.4046
vn 0.3526 0.2552 -0.9003
vn 0.3811 0.4916 -0.7830
vn 0.6507 0.3210 -0.6882
vn 0.6507 0.3209 -0.6882
vn 0.6785 0.2392 -0.6945
vn -0.4538 -0.2622 -0.8517
vn -0.6384 0.0813 -0.7654
vn -0.7874 0.0308 -0.6157
vn -0.8405 0.0063 -0.5418
vn -0.8121 0.0647 -0.5799
vn -0.8567 -0.3213 -0.4035
vn -0.1933 0.7663 -0.6127
vn -0.0415 0.6928 -0.7199
vn 0.4000 0.8856 -0.2360
vn -0.4206 0.6935 -0.5849
vn -0.0689 0.5932 -0.8021
vn -0.9594 0.2812 -0.0228
vn -0.9611 0.2705 -0.0560
vn -0.0388 0.9006 0.4328
vn -0.0299 0.8785 0.4768
vn 0.4593 0.3196 -0.8288
vn 0.0420 0.6662 -0.7446
vn -0.7503 -0.2373 -0.6170
vn -0.2291 -0.1334 0.9642
vn -0.2217 -0.1749 0.9593
vn -0.2420 -0.1278 0.9618
vn -0.0969 0.9648 -0.2445
vn -0.1685 -0.0556 -0.9841
vn -0.5273 0.2008 -0.8256
vn 0.0521 -0.0917 -0.9944
vn 0.0965 0.0836 -0.9918
vn -0.4273 0.5051 -0.7499
vn -0.4083 0.0291 -0.9124
vn -0.1266 0.1034 -0.9865
vn -0.0928 0.8633 -0.4961
vn -0.6403 -0.0300 -0.7676
vn -0.6404 -0.0302 -0.7674
vn -0.7190 0.3669 -0.5903
vn -0.3349 0.5723 -0.7485
vn -0.9881 0.0357 -0.1493
vn -0.8030 0.5952 0.0307
vn -0.8278 -0.1513 -0.5403
vn -0.0415 0.3267 -0.9442
vn -0.8548 0.1227 -0.5042
vn -0.7633 0.3950 -0.5112
vn -0.6695 0.7408 -0.0553
vn -0.8682 0.4336 0.2412
vn -0.6137 0.2100 -0.7611
vn -0.5462 0.7681 -0.3343
vn -0.7323 0.6471 -0.2121
vn -0.5419 0.4345 -0.7194
vn -0.8205 -0.0885 -0.5648
vn -0.6224 -0.0699 -0.7795
vn -0.6250 -0.1331 0.7692
vn -0.6262 -0.0861 0.7749
vn -0.3628 0.4238 -0.8299
vn 0.2238 0.8107 0.5410
vn -0.9112 0.3783 -0.1630
vn -0.8961 0.4208 -0.1411
vn -0.1500 0.5184 0.8419
vn -0.0715 0.6464 0.7596
vn 0.4264 0.7399 0.5203
vn -0.1483 0.9345 0.3236
vn 0.1445 0.9671 -0.2095
vn 0.1395 0.8830 -0.4481
vn -0.2576 0.9645 0.0590
vn 0.5068 0.8618 -0.0196
vn 0.1019 0.3934 -0.9137
vn 0.0909 0.4675 -0.8793
vn -0.6083 0.7935 -0.0185
vn 0.0850 0.9961 -0.0235
vn 0.1522 0.3209 0.9348
vn 0.2113 0.3588 0.9092
vn -0.7262 0.6487 0.2278
vn 0.0771 0.9924 0.0961
vn -0.4340 0.8932 0.1173
vn -0.5195 0.5998 0.6086
vn 0.1951 0.9641 0.1799
vn 0.9427 0.3313 -0.0382
vn -0.3566 0.9332 0.0436
vn -0.2687 0.6621 0.6996
vn -0.6482 0.7459 -0.1532
vn -0.3741 0.7848 0.4941
vn -0.8498 0.4165 0.3230
vn 0.9036 -0.3325 0.2700
vn 0.2315 0.3503 0.9076
vn -0.8116 -0.4711 -0.3454
vn -0.8095 -0.4197 -0.4106
vn -0.9746 -0.1830 0.1293
vn -0.9759 -0.1684 0.1385
vn 0.9021 -0.0933 0.4213
vn 0.9151 -0.1690 0.3662
vn -0.1943 0.9135 -0.3575
vn -0.2291 0.9313 -0.2833
vn -0.2291 0.9313 -0.2832
vn -0.2571 0.8964 -0.3612
vn -0.7828 0.6190 -0.0634
vn -0.8036 0.5886 -0.0887
vn -0.8035 0.5886 -0.0887
vn -0.7828 0.6191 -0.0634
vn -0.2879 0.9533 -0.0912
vn -0.2879 0.9533 -0.0911
vn -0.2956 0.9493 -0.1068
vn -0.3568 0.9238 -0.1390
vn -0.3569 0.9238 -0.1390
vn 0.9865 -0.0487 0.1564
vn 0.7005 -0.5411 -0.4653
vn 0.1153 0.4735 0.8732
vn 0.1096 0.4132 0.9040
vn 0.8148 -0.2015 -0.5436
vn 0.7099 -0.3696 -0.5996
vn 0.6077 -0.7860 0.1138
vn 0.9947 0.0179 -0.1015
vn 0.7466 -0.1404 -0.6503
vn 0.9280 0.0328 0.3712
vn 0.8572 -0.4912 -0.1546
vn -0.8962 -0.4431 0.0238
vn -0.8962 -0.4430 0.0238
vn -0.9169 -0.3982 -0.0257
vn -0.9169 -0.3982 -0.0258
vn 0.8581 -0.1558 0.4893
vn 0.9671 -0.1990 0.1586
vn 0.7712 -0.6360 0.0293
vn 0.3521 -0.3756 -0.8573
vn 0.9952 0.0836 0.0515
vn 0.9651 -0.2163 -0.1478
vn 0.8642 -0.4072 -0.2956
vn -0.4931 0.1774 0.8517
vn 0.9894 -0.0339 -0.1414
vn 0.9905 -0.0403 -0.1316
vn 0.9906 -0.0415 -0.1301
vn 0.9895 -0.0354 -0.1403
vn -0.1303 0.8432 -0.5216
vn -0.1295 0.8434 -0.5214
vn -0.1301 0.8442 -0.5200
vn -0.1293 0.8441 -0.5204
vn -0.9541 0.2954 0.0487
vn -0.9390 0.3368 0.0693
vn -0.9596 0.2753 0.0581
vn -0.3270 0.2027 -0.9230
vn -0.3524 0.1381 -0.9256
vn 0.9734 -0.2191 0.0675
vn 0.9781 -0.2022 0.0488
vn 0.9691 -0.2421 0.0484
vn 0.9691 -0.2420 0.0484
vn -0.3096 -0.2049 -0.9285
vn -0.2741 -0.1991 -0.9409
vn 0.7691 0.5672 -0.2947
vn 0.7632 0.5854 -0.2737
vn 0.7632 0.5854 -0.2736
vn -0.1554 -0.1522 0.9760
vn -0.2820 -0.0412 0.9585
vn -0.2103 0.1814 0.9607
vn 0.2132 0.0898 0.9729
vn 0.4283 0.4040 -0.8083
vn 0.4165 0.3817 -0.8251
vn -0.9620 0.2156 -0.1677
vn -0.9626 0.2144 -0.1655
vn -0.9634 0.2118 -0.1644
vn -0.9627 0.2208 -0.1562
vn -0.2259 0.3384 0.9135
vn -0.2766 0.3054 0.9112
vn -0.2472 0.2579 0.9340
vn 0.8041 -0.5714 0.1641
vn 0.7457 -0.6333 0.2070
vn 0.0361 -0.3239 0.9454
vn 0.2075 -0.3746 0.9037
vn 0.3644 0.9309 0.0245
vn 0.3969 0.9166 0.0478
vn 0.3970 0.9166 0.0478
vn -0.3344 0.0735 0.9396
vn 0.1481 -0.7786 0.6098
vn -0.9760 0.2162 -0.0270
vn -0.9677 0.2518 -0.0101
vn -0.9677 0.2517 -0.0101
vn -0.9775 0.1978 -0.0733
vn -0.1788 -0.0137 0.9838
vn 0.6930 -0.3514 0.6296
vn 0.8671 0.2098 0.4518
vn 0.8362 0.2794 0.4720
vn 0.6717 -0.6118 0.4178
vn 0.6110 -0.6072 0.5079
vn -0.6979 0.6804 -0.2237
vn -0.6979 0.6804 -0.2236
vn -0.6423 0.7139 -0.2788
vn -0.9901 0.0682 0.1227
vn -0.9875 0.0716 0.1405
vn -0.9872 0.1215 0.1033
vn -0.9414 0.1577 0.2983
vn -0.9425 0.1589 0.2940
vn -0.9455 0.1475 0.2904
vn -0.9443 0.1467 0.2946
vn 0.7040 0.6848 -0.1886
vn 0.6675 0.7308 -0.1427
vn 0.5876 -0.7801 0.2151
vn 0.8930 -0.2451 0.3774
vn -0.4723 0.7707 0.4278
vn -0.4793 0.7239 0.4961
vn -0.4793 0.7240 0.4961
vn 0.3942 -0.8829 0.2551
vn 0.3692 -0.0617 0.9273
vn -0.2219 -0.0393 0.9743
vn 0.4958 0.6135 0.6147
vn -0.0685 -0.1368 0.9882
vn -0.3540 -0.4685 0.8095
vn -0.7734 0.1505 0.6158
vn -0.6568 -0.6182 0.4318
vn -0.3224 -0.6176 0.7174
vn -0.6765 -0.5333 0.5078
vn -0.6259 0.6133 0.4819
vn 0.3706 0.3356 -0.8660
vn -0.7405 0.5635 0.3662
vn -0.1561 0.9136 0.3755
vn -0.9910 0.1034 -0.0855
vn -0.9909 -0.0981 -0.0927
vn 0.9538 -0.2106 -0.2141
vn 0.8602 -0.5030 0.0838
vn 0.9431 0.2556 -0.2129
vn 0.9191 0.3006 -0.2546
vn 0.3492 0.6817 0.6429
vn 0.4317 0.6917 0.5790
vn 0.8703 -0.3609 0.3352
vn 0.7346 0.2506 0.6305
vn 0.6933 0.1496 0.7050
vn -0.5578 0.6536 0.5115
vn -0.1333 0.4317 0.8921
vn -0.0717 0.3920 0.9172
vn -0.0716 0.3919 0.9172
vn -0.8973 0.2320 0.3756
vn 0.0142 -0.2042 0.9788
vn -0.0259 -0.1730 0.9846
vn -0.6501 0.7336 0.1981
vn -0.8909 0.3146 0.3275
vn -0.9816 0.1347 0.1355
vn -0.6482 -0.0810 0.7571
vn -0.8736 0.1239 0.4706
vn -0.5421 -0.7279 0.4198
vn -0.2649 -0.2701 0.9257
vn 0.8182 0.5748 -0.0139
vn 0.8177 0.5747 -0.0314
vn -0.8539 -0.4286 0.2951
vn -0.5284 0.0947 0.8437
vn -0.0183 0.9994 -0.0305
vn -0.8995 0.2213 0.3767
vn -0.3570 0.8392 0.4104
vn -0.3552 0.8619 0.3618
vn -0.3552 0.8619 0.3617
vn -0.6415 0.6777 0.3595
vn -0.3667 0.6453 0.6702
vn -0.5482 -0.0286 0.8359
vn -0.7899 -0.0420 0.6118
vn -0.9937 0.1098 -0.0221
vn 0.1196 0.9429 0.3108
vn -0.7367 -0.3851 0.5559
vn 0.2050 -0.3682 -0.9069
vn 0.2053 -0.3682 -0.9068
vn -0.9055 0.3764 0.1961
vn 0.8268 0.1698 0.5363
vn 0.8232 0.1270 0.5534
vn 0.5801 -0.4466 0.6812
vn 0.6218 -0.3882 0.6802
vn -0.7104 -0.6153 0.3417
vn 0.7974 0.5449 0.2593
vn 0.7747 0.5740 0.2654
vn 0.0455 0.6783 0.7333
vn -0.6315 0.6440 0.4319
vn -0.7015 0.6348 0.3240
vn -0.2095 0.9635 -0.1666
vn -0.7406 0.6704 0.0462
vn -0.6275 0.4302 0.6489
vn -0.8976 -0.1103 0.4267
vn 0.0185 0.9998 -0.0085
vn -0.6431 0.7655 0.0221
vn -0.3323 0.6705 0.6634
vn -0.4336 -0.3984 0.8083
vn 0.8895 0.4000 0.2208
vn 0.8862 0.4111 0.2136
vn 0.8728 0.4283 0.2339
vn 0.8888 0.4020 0.2203
vn -0.2038 0.4934 0.8456
vn 0.3036 0.5956 0.7437
vn -0.9971 -0.0459 -0.0604
vn -0.8542 -0.4933 -0.1645
vn -0.3947 0.5983 0.6974
vn -0.5236 0.8059 0.2762
vn -0.8755 0.2216 -0.4293
vn -0.8756 0.2216 -0.4293
vn -0.9054 0.2020 -0.3735
vn 0.0022 0.9866 0.1630
vn -0.5270 0.7675 -0.3650
vn -0.5110 -0.3371 -0.7907
vn 0.0067 0.2841 0.9588
vn -0.3564 0.4188 0.8352
vn -0.8814 -0.3897 0.2668
vn -0.8679 0.4909 0.0755
vn -0.8703 0.4922 0.0149
vn -0.9363 0.0953 0.3380
vn -0.0180 0.9293 0.3690
vn 0.2113 0.9762 0.0481
vn -0.1844 -0.3035 0.9348
vn 0.0028 0.0148 0.9999
vn -0.5074 -0.5734 0.6433
vn -0.5344 0.6180 -0.5766
vn -0.9617 0.2522 -0.1078
vn -0.2630 0.2321 0.9365
vn -0.1107 -0.4576 0.8822
vn -0.5639 0.8047 0.1855
vn -0.4046 0.8978 0.1741
vn -0.8892 -0.3639 0.2773
vn -0.9012 0.1703 0.3986
vn 0.1423 0.7350 -0.6630
vn 0.1020 0.7313 -0.6744
vn 0.1276 0.7442 -0.6556
vn -0.8426 0.4617 0.2772
vn -0.3952 0.8781 0.2698
vn -0.4551 0.7341 0.5039
vn -0.9794 0.0384 -0.1981
vn 0.2109 0.7455 0.6322
vn -0.0611 0.7761 0.6277
vn -0.9940 0.0984 -0.0481
vn -0.8835 0.2225 0.4122
vn -0.8835 0.2226 0.4122
vn -0.8938 0.2053 0.3987
vn -0.8167 0.2266 0.5307
vn -0.9044 -0.0194 0.4263
vn -0.6726 -0.5814 0.4578
vn -0.9254 0.0071 0.3789
vn -0.1136 0.8727 0.4749
vn -0.2570 0.7668 -0.5882
vn -0.8681 -0.0005 0.4964
vn 0.0804 -0.2039 0.9757
vn -0.0589 0.4482 0.8920
vn -0.4840 0.5742 0.6604
vn -0.7436 0.3131 0.5908
vn -0.9032 -0.3822 -0.1955
vn -0.4022 0.8209 0.4054
vn -0.4448 0.8000 0.4026
vn -0.4449 0.8000 0.4026
vn -0.4155 0.8276 0.3773
vn -0.4155 0.8276 0.3774
vn -0.7009 0.2823 -0.6550
vn -0.3891 0.9065 0.1639
vn -0.9665 0.0827 0.2431
vn -0.6193 0.4606 0.6359
vn -0.2889 0.3330 0.8976
vn -0.3939 0.3676 0.8424
vn -0.9028 -0.4277 0.0444
vn -0.5080 0.2239 0.8318
vn -0.5447 -0.8375 0.0445
vn -0.7718 0.5797 0.2613
vn -0.1977 0.2157 0.9562
vn 0.2393 0.9617 0.1336
vn 0.2448 0.9656 0.0871
vn 0.2449 0.9656 0.0871
vn 0.1097 0.7901 0.6031
vn 0.1763 -0.4077 0.8959
vn 0.2815 0.3244 0.9031
vn -0.8693 -0.4471 0.2108
vn -0.5599 -0.1968 0.8049
vn -0.7445 -0.6017 -0.2893
vn -0.7228 -0.6048 -0.3343
vn -0.8137 -0.4862 0.3187
vn -0.4974 0.5102 0.7016
vn -0.4791 0.5170 0.7093
vn -0.4791 0.5170 0.7094
vn -0.3705 -0.0029 0.9288
vn -0.7887 0.0420 -0.6134
vn -0.0958 0.3244 0.9411
vn -0.8918 0.2063 0.4026
vn -0.8918 0.2063 0.4027
vn -0.8786 0.2247 0.4214
vn -0.8393 0.3753 0.3935
vn -0.6568 0.4351 -0.6158
vn -0.7118 0.0822 0.6975
vn 0.0232 0.6037 0.7969
vn -0.0079 0.5658 0.8245
vn -0.0720 0.5724 0.8168
vn -0.7954 -0.5199 0.3116
vn -0.2679 0.7987 0.5387
vn 0.4070 0.4535 0.7929
vn -0.6323 0.0363 0.7739
vn -0.6651 0.1057 0.7392
vn -0.6651 0.1056 0.7392
vn -0.8104 -0.5649 0.1557
vn -0.9895 -0.1242 0.0740
vn -0.8371 -0.2917 0.4628
vn 0.3602 0.2493 0.8989
vn -0.8662 0.3744 0.3308
vn -0.8659 0.3763 0.3295
vn -0.8619 0.3862 0.3287
vn -0.8620 0.3841 0.3307
vn -0.4625 -0.2083 0.8618
vn -0.7048 -0.3216 -0.6323
vn 0.7817 0.3524 0.5146
vn -0.3731 -0.5321 0.7601
vn 0.2546 0.9314 0.2602
vn -0.9255 0.2147 -0.3121
vn -0.4944 0.8686 -0.0312
vn -0.4945 0.8686 -0.0312
vn -0.5170 0.8542 -0.0557
vn -0.5170 0.8541 -0.0557
vn -0.6116 -0.0003 0.7912
vn -0.5869 0.0498 0.8081
vn -0.6361 0.0548 0.7697
vn -0.6361 0.0547 0.7697
vn -0.6058 0.0174 0.7954
vn -0.6465 0.0866 0.7580
vn -0.2389 -0.4828 0.8426
vn -0.7195 0.6637 0.2044
vn -0.7195 0.6638 0.2044
vn -0.7461 0.6296 0.2165
vn -0.4805 -0.5760 0.6613
vn -0.4804 -0.5760 0.6613
vn -0.4708 -0.5674 0.6756
vn -0.4690 -0.5627 0.6807
vn -0.4919 -0.5603 0.6664
vn -0.5955 -0.4217 0.6838
vn -0.9179 0.3925 -0.0577
vn -0.7636 -0.6453 -0.0204
vn -0.8002 0.3804 0.4636
vn -0.8001 0.3633 0.4773
vn 0.1999 0.9457 -0.2564
vn 0.2987 0.0540 0.9528
vn -0.1907 0.9662 -0.1734
vn -0.1760 0.9795 -0.0981
vn -0.3747 0.7899 -0.4855
vn -0.1282 0.9917 -0.0037
vn -0.9767 0.1106 -0.1838
vn -0.6307 0.6636 -0.4024
vn -0.6251 0.6676 -0.4045
vn -0.6247 0.6664 -0.4069
vn -0.6278 0.6650 -0.4046
vn -0.1740 0.9847 -0.0122
vn -0.9217 -0.1721 -0.3477
vn -0.1688 0.1682 0.9712
vn -0.7169 0.6687 0.1973
vn -0.9982 0.0591 0.0140
vn -0.8570 0.2135 0.4691
vn 0.0329 -0.2721 0.9617
vn -0.7427 0.3652 0.5613
vn -0.4525 -0.0035 0.8918
vn -0.2055 0.7532 0.6249
vn -0.9705 -0.2367 0.0465
vn -0.4708 -0.3561 0.8072
vn -0.5336 0.6382 -0.5550
vn -0.6661 -0.4792 -0.5716
vn -0.6661 -0.4791 -0.5716
vn -0.6505 -0.4518 -0.6105
vn -0.6506 -0.4518 -0.6105
vn -0.7436 -0.6125 -0.2681
vn -0.7512 -0.5855 -0.3049
vn -0.7453 -0.4534 0.4889
vn -0.7897 -0.0436 0.6120
vn -0.7526 0.4691 0.4622
vn -0.5904 0.7181 -0.3685
vn -0.5904 0.7181 -0.3684
vn -0.5720 0.7243 -0.3850
vn -0.5979 0.7022 -0.3866
vn -0.8159 -0.5601 0.1439
vn -0.3598 0.3058 0.8815
vn -0.5468 0.7030 0.4548
vn -0.4532 -0.7311 0.5101
vn -0.7112 0.2006 0.6738
vn -0.3514 -0.2103 0.9123
vn -0.1062 0.0958 0.9897
vn -0.1032 0.1097 0.9886
vn -0.2567 -0.6009 0.7570
vn -0.6392 -0.5102 0.5754
vn -0.8752 -0.3848 -0.2932
vn -0.9582 -0.2361 -0.1616
vn -0.9537 0.1370 -0.2676
vn -0.5564 0.7649 -0.3246
vn -0.0203 0.8007 -0.5987
vn 0.0045 0.8119 -0.5837
vn 0.0045 0.8120 -0.5837
vn 0.0890 0.3901 0.9164
vn -0.8856 0.0646 0.4600
vn -0.8333 0.0013 0.5528
vn 0.0508 0.3545 0.9337
vn -0.6560 -0.4065 0.6359
vn -0.9268 -0.2856 0.2439
vn -0.9066 0.0732 0.4156
vn -0.7905 0.5478 -0.2739
vn -0.9469 0.1749 -0.2698
vn -0.3780 -0.1957 0.9049
vn -0.1022 0.8418 0.5301
vn 0.3781 0.1720 0.9097
vn -0.0695 0.2022 0.9769
vn -0.9399 0.3345 0.0690
vn -0.5977 0.7715 0.2181
vn 0.7778 -0.6223 0.0880
vn 0.7750 -0.6285 0.0657
vn 0.8135 -0.5678 0.1254
vn 0.8048 -0.5918 0.0455
vn 0.7778 -0.6285 -0.0044
vn 0.7942 -0.6051 0.0553
vn 0.8176 -0.5631 0.1204
vn -0.8746 0.4185 0.2447
vn -0.4163 0.3210 0.8507
vn -0.4163 0.3209 0.8507
vn -0.3875 0.3217 0.8639
vn -0.3876 0.3217 0.8639
vn -0.1648 -0.5892 0.7910
vn -0.2684 0.7264 -0.6328
vn -0.2073 0.7123 -0.6706
vn -0.5028 0.6269 0.5951
vn -0.3228 -0.6157 0.7188
vn 0.2367 0.4329 0.8698
vn -0.3026 0.8798 -0.3666
vn -0.5728 -0.7903 0.2176
vn 0.1155 -0.2733 -0.9550
vn 0.1094 -0.2792 -0.9540
vn 0.1082 -0.2769 -0.9548
vn 0.1135 -0.2721 -0.9556
vn -0.5937 0.0751 0.8011
vn -0.7839 0.4313 0.4467
vn -0.9897 -0.0637 -0.1284
vn -0.2545 0.7868 0.5623
vn -0.9782 -0.1099 0.1760
vn -0.3472 0.1841 0.9195
vn -0.8944 0.3167 0.3158
vn -0.5498 0.7534 -0.3608
vn -0.6685 0.5568 0.4930
vn -0.7586 -0.3535 0.5473
vn -0.0822 0.2033 0.9757
vn -0.8510 -0.1189 -0.5115
vn -0.3885 0.8890 0.2422
vn -0.6895 -0.5256 0.4983
vn -0.4640 -0.2738 0.8425
vn -0.1885 0.7958 0.5754
vn -0.8054 0.2013 0.5575
vn -0.5845 0.8075 0.0797
vn -0.9829 -0.0069 -0.1839
vn 0.8018 -0.3862 -0.4560
vn 0.7518 -0.4334 -0.4970
vn -0.8238 -0.5557 0.1125
vn -0.8265 -0.3828 0.4127
vn -0.4728 0.6357 -0.6102
vn -0.8939 -0.1837 0.4090
vn -0.8883 0.3536 -0.2929
vn -0.7007 -0.2071 -0.6828
vn -0.7084 -0.2347 -0.6657
vn -0.1784 0.2777 -0.9440
vn -0.0937 -0.1216 -0.9881
vn -0.5911 0.3055 0.7465
vn -0.6981 -0.3880 0.6017
vn -0.6536 0.1342 -0.7448
vn -0.2543 0.3298 0.9092
vn -0.9533 0.2864 -0.0956
vn -0.3535 0.2651 -0.8971
vn -0.7466 0.3258 0.5800
vn -0.7234 -0.5817 0.3719
vn -0.0758 0.1779 -0.9811
vn -0.8270 0.5436 -0.1434
vn -0.4979 0.1779 -0.8488
vn -0.9856 -0.1528 -0.0720
vn -0.2753 0.9515 0.1373
vn -0.3687 0.7765 0.5110
vn -0.2597 0.8670 0.4254
vn -0.9558 0.0085 0.2940
vn -0.9331 0.0696 -0.3529
vn -0.1139 0.3257 0.9386
vn -0.9009 -0.1041 -0.4214
vn -0.0069 -0.5801 0.8145
vn -0.9317 0.3440 -0.1169
vn -0.5703 0.7338 0.3692
vn -0.9707 0.2344 -0.0525
vn -0.1714 0.9743 0.1459
vn 0.3410 0.3472 0.8736
vn 0.2602 0.3467 0.9012
vn -0.5067 0.8369 0.2071
vn 0.7500 0.5896 0.2999
vn 0.7661 0.5500 0.3325
vn -0.3921 0.7077 0.5877
vn -0.4254 0.7149 0.5549
vn -0.4732 0.6992 0.5359
vn -0.6680 -0.7320 0.1344
vn -0.5024 0.2030 0.8405
vn -0.8828 0.3334 -0.3308
vn -0.9267 -0.3483 0.1413
vn -0.5645 0.7866 -0.2501
vn -0.8183 0.5737 -0.0354
vn 0.5366 0.5343 -0.6532
vn -0.9490 0.1735 0.2635
vn -0.3979 0.8451 -0.3569
vn -0.8374 0.3855 0.3876
vn -0.2682 0.9595 -0.0860
vn -0.6834 0.2237 0.6949
vn -0.2407 0.9490 -0.2037
vn -0.9828 0.1162 -0.1435
vn -0.7907 0.1082 -0.6026
vn -0.8729 0.4859 0.0435
vn -0.9731 0.1021 -0.2065
vn 0.6200 0.7489 -0.2340
vn 0.5841 0.7654 -0.2703
vn 0.6470 0.7027 -0.2959
vn 0.6470 0.7027 -0.2960
vn -0.6761 0.6907 0.2564
vn -0.7735 -0.2129 0.5969
vn -0.5579 0.8265 -0.0752
vn -0.3549 0.9291 -0.1038
vn -0.5547 0.3770 0.7417
vn -0.2100 -0.2570 0.9433
vn -0.8399 0.1360 0.5254
vn -0.3834 -0.0433 0.9226
vn -0.9616 0.2615 0.0831
vn 0.1755 -0.0809 0.9811
vn -0.8681 -0.4963 0.0090
vn -0.6631 0.5611 -0.4954
vn -0.4152 0.8025 -0.4285
vn -0.4479 0.7738 -0.4479
vn -0.9385 0.3031 0.1654
vn -0.9609 0.1659 -0.2215
vn -0.9889 -0.1278 -0.0763
vn 0.1481 0.2270 0.9626
vn -0.9986 0.0335 0.0399
vn 0.3213 0.9443 -0.0708
vn -0.6119 0.7421 0.2737
vn -0.7119 0.5048 -0.4884
vn -0.4044 0.5148 0.7560
vn -0.5282 -0.0070 0.8491
vn 0.0940 0.9694 0.2268
vn -0.9568 0.0841 0.2784
vn 0.0260 -0.3064 0.9516
vn -0.6239 -0.2020 0.7549
vn -0.6698 0.7282 -0.1451
vn -0.4856 -0.0070 0.8741
vn -0.9362 -0.0566 0.3469
vn -0.7484 0.1163 0.6529
vn -0.3579 0.9300 0.0833
vn 0.1043 0.4813 0.8703
vn -0.7434 -0.0424 0.6675
vn -0.9421 -0.2985 0.1532
vn -0.3245 0.1025 0.9403
vn -0.8878 -0.4594 -0.0255
vn -0.8065 0.2408 -0.5399
vn -0.4888 0.7099 0.5070
vn -0.4487 0.8600 0.2430
vn -0.8375 -0.5195 -0.1695
vn 0.8468 -0.3747 0.3776
vn 0.8635 -0.3893 0.3207
vn 0.8412 -0.3361 0.4236
vn 0.8318 -0.4086 0.3756
vn -0.8840 0.4429 0.1495
vn -0.5964 -0.3855 0.7041
vn -0.8132 0.5590 0.1621
vn -0.3719 -0.3703 0.8512
vn -0.3722 -0.3703 0.8511
vn -0.3711 -0.3701 0.8516
vn -0.3708 -0.3701 0.8518
vn -0.8805 -0.2630 0.3943
vn 0.7621 0.0347 0.6466
vn -0.5316 0.1907 0.8253
vn 0.1358 0.7584 -0.6375
vn 0.1047 0.7779 -0.6196
vn 0.1047 0.7780 -0.6195
vn 0.1350 0.7615 -0.6340
vn 0.1367 0.7612 -0.6339
vn -0.8132 0.5367 -0.2250
vn -0.9524 0.3046 -0.0133
vn -0.7689 -0.1558 0.6201
vn -0.8942 -0.3226 0.3102
vn 0.4446 0.8899 0.1022
vn 0.4415 0.8905 0.1096
vn 0.4405 0.8914 0.1070
vn 0.4445 0.8901 0.1003
vn -0.9529 0.2727 -0.1331
vn -0.6994 -0.6835 0.2091
vn -0.8719 0.2537 0.4188
vn -0.0908 0.1430 0.9855
vn -0.3740 0.1544 0.9145
vn -0.0994 0.9031 0.4178
vn -0.4264 -0.0882 0.9002
vn -0.1401 -0.4555 0.8791
vn -0.8809 0.4573 0.1224
vn -0.7325 -0.3974 0.5528
vn -0.3499 0.4156 0.8396
vn -0.2516 0.0894 0.9637
vn -0.8414 -0.4061 0.3566
vn -0.0781 -0.0698 0.9945
vn -0.0239 -0.0160 0.9996
vn -0.0239 -0.0159 0.9996
vn -0.0872 -0.0684 0.9938
vn -0.0856 -0.0690 0.9939
vn -0.6916 0.4577 -0.5588
vn 0.0085 0.0987 0.9951
vn -0.8434 0.1706 0.5095
vn 0.1411 0.1232 0.9823
vn -0.5218 0.0341 0.8524
vn -0.2783 0.7833 -0.5559
vn -0.4430 0.8370 0.3210
vn -0.5980 -0.2267 -0.7688
vn -0.5583 0.2765 -0.7822
vn 0.7734 0.5825 0.2503
vn 0.7768 0.5895 0.2213
vn -0.3394 0.8071 0.4831
vn -0.7455 -0.3008 -0.5948
vn -0.3947 0.7613 -0.5144
vn -0.9304 -0.3218 -0.1757
vn -0.5409 -0.5621 -0.6257
vn -0.9547 0.2975 0.0092
vn -0.5666 0.5740 0.5912
vn -0.5668 0.5741 0.5909
vn -0.5663 0.5739 0.5916
vn -0.7018 -0.6197 -0.3513
vn 0.1091 0.6653 -0.7386
vn -0.9976 -0.0473 0.0499
vn -0.4279 0.8270 0.3647
vn 0.8508 -0.5254 0.0041
vn 0.8472 -0.5264 0.0719
vn -0.3784 -0.2205 0.8990
vn -0.6004 -0.1950 -0.7755
vn -0.7534 -0.1125 -0.6478
vn -0.5446 0.3629 -0.7561
vn -0.7010 0.4057 -0.5865
vn -0.4189 0.8105 -0.4094
vn 0.1055 0.1650 0.9806
vn -0.1201 0.8681 0.4817
vn -0.6973 0.7071 -0.1171
vn -0.9128 0.2732 -0.3035
vn -0.7225 -0.6655 -0.1872
vn -0.6023 0.1849 -0.7766
vn -0.5489 0.6320 0.5471
vn -0.2612 0.9642 0.0458
vn -0.7301 0.4208 0.5385
vn -0.7536 0.4114 0.5127
vn -0.7424 0.5000 0.4460
vn 0.0307 -0.0314 -0.9990
vn 0.0307 -0.0313 -0.9990
vn 0.0154 0.0167 -0.9997
vn -0.2784 0.9234 -0.2645
vn -0.8487 0.4897 0.1999
vn -0.8487 0.4896 0.1999
vn -0.8698 0.4600 0.1784
vn -0.4211 -0.8636 -0.2774
vn -0.9890 0.1444 0.0332
vn -0.6423 0.6225 -0.4471
vn -0.8334 0.3926 -0.3890
vn 0.2089 0.4628 0.8615
vn 0.2164 0.4419 0.8706
vn -0.8985 0.4371 0.0395
vn 0.0024 0.9994 -0.0359
vn -0.5646 0.8242 0.0438
vn -0.5041 0.5473 -0.6681
vn -0.7451 0.3382 -0.5749
vn -0.5736 -0.5676 -0.5906
vn -0.2262 -0.5958 0.7706
vn -0.2480 -0.6136 0.7497
vn -0.2492 -0.5593 0.7906
vn -0.8784 0.3924 -0.2729
vn -0.2278 0.9734 -0.0231
vn -0.6670 0.7008 -0.2530
vn -0.8911 -0.3859 -0.2390
vn -0.9858 0.1167 -0.1204
vn -0.6045 0.4252 -0.6737
vn -0.7878 0.3539 -0.5041
vn -0.9017 0.1363 0.4103
vn -0.9017 0.1362 0.4103
vn -0.8967 0.0788 0.4356
vn -0.1142 0.9136 0.3903
vn -0.8071 0.5160 -0.2870
vn -0.8138 0.5302 -0.2377
vn -0.8221 0.4848 -0.2986
vn -0.8309 0.4783 -0.2843
vn -0.1305 0.3988 -0.9077
vn -0.8987 -0.4329 0.0702
vn -0.8810 0.0943 -0.4635
vn -0.8811 0.0945 -0.4635
vn -0.9790 0.0305 0.2014
vn -0.6378 0.7501 -0.1751
vn -0.3201 0.8730 -0.3679
vn 0.9342 -0.1502 0.3235
vn 0.9117 -0.1731 0.3727
vn -0.9586 0.2075 -0.1949
vn 0.9865 -0.1392 0.0860
vn 0.9916 -0.1180 0.0529
vn 0.9779 -0.1935 0.0793
vn -0.4203 0.2658 -0.8676
vn -0.5616 0.6853 0.4637
vn -0.6910 0.3464 -0.6345
vn -0.7093 0.2709 -0.6508
vn -0.4463 0.4168 0.7919
vn 0.0425 0.9965 0.0724
vn 0.0459 0.9963 0.0733
vn 0.0499 0.9960 0.0743
vn 0.0511 0.9968 0.0610
vn 0.1963 -0.2487 -0.9485
vn 0.1744 -0.2818 -0.9435
vn 0.1744 -0.2819 -0.9435
vn -0.3279 0.7195 -0.6122
vn -0.3897 0.6726 -0.6291
vn -0.3897 0.6725 -0.6291
vn -0.4957 0.8682 -0.0221
vn -0.5434 0.8393 0.0185
vn -0.5434 0.8392 0.0185
vn -0.4725 0.4873 0.7344
vn 0.8205 -0.4088 0.3997
vn 0.8449 -0.4122 0.3408
vn 0.8204 -0.4088 0.3997
vn -0.9397 -0.2137 -0.2670
vn 0.9549 -0.2834 0.0892
vn 0.9566 -0.2682 0.1140
vn -0.2477 0.9461 0.2087
vn -0.2645 0.9545 0.1375
vn -0.2646 0.9545 0.1375
vn -0.0213 0.0619 -0.9979
vn -0.0820 0.0611 -0.9948
vn -0.6864 0.0477 -0.7257
vn -0.8512 0.1905 -0.4890
vn -0.5612 -0.5475 0.6207
vn -0.7580 0.6076 -0.2373
vn -0.4985 0.7482 -0.4379
vn -0.4995 0.7948 -0.3447
vn -0.7403 0.0013 0.6723
vn -0.4778 0.8755 0.0725
vn -0.9163 0.3365 -0.2170
vn -0.3603 -0.4977 -0.7890
vn -0.9488 0.3104 0.0587
vn -0.5514 0.6145 -0.5642
vn -0.2263 -0.6845 0.6929
vn -0.9040 0.4070 0.1311
vn -0.8878 0.4341 0.1530
vn -0.7473 0.1048 0.6562
vn -0.7520 0.5930 0.2879
vn -0.9896 -0.0485 -0.1352
vn -0.8928 -0.2885 0.3458
vn -0.7173 0.4148 0.5599
vn -0.5406 0.5674 -0.6211
vn -0.6701 -0.7377 -0.0819
vn -0.6398 -0.7272 -0.2487
vn -0.8144 0.2665 -0.5155
vn -0.6084 -0.0292 -0.7931
vn -0.8068 0.3228 -0.4949
vn -0.4268 0.8798 0.2093
vn -0.5636 -0.2219 0.7957
vn -0.5614 -0.2347 0.7936
vn -0.4952 -0.2134 0.8422
vn -0.4952 -0.2132 0.8422
vn -0.4952 -0.2131 0.8422
vn -0.5639 -0.2240 0.7949
vn -0.8604 0.5091 -0.0234
vn -0.2472 0.3324 0.9102
vn -0.1914 0.2822 0.9401
vn -0.4893 0.3969 -0.7766
vn 0.3218 0.8727 -0.3671
vn -0.9202 0.3550 -0.1651
vn -0.5982 0.7913 -0.1262
vn -0.5587 0.8262 -0.0721
vn -0.5876 0.7995 -0.1246
vn -0.5563 0.8262 -0.0884
vn -0.5549 0.8272 -0.0888
vn -0.5456 0.8333 -0.0893
vn -0.5533 0.8327 -0.0195
vn -0.5468 0.8194 -0.1722
vn 0.3125 0.9398 0.1384
vn 0.3103 0.9463 0.0910
vn -0.0724 0.1843 -0.9802
vn -0.1755 0.6997 -0.6926
vn -0.4893 -0.7788 -0.3925
vn -0.3267 0.8180 0.4734
vn -0.4168 0.3232 0.8496
vn 0.2209 0.8902 -0.3984
vn -0.0981 -0.3859 -0.9173
vn -0.0851 -0.3962 -0.9142
vn -0.8391 -0.3267 -0.4350
vn -0.9498 0.0710 -0.3047
vn -0.7616 0.1149 -0.6378
vn -0.8739 -0.2782 -0.3985
vn -0.8796 -0.3274 -0.3451
vn 0.1336 0.9827 -0.1281
vn 0.1364 0.9787 -0.1533
vn 0.1176 0.9878 -0.1018
vn -0.3073 0.5864 0.7495
vn -0.5581 0.4658 -0.6867
vn -0.3809 0.1853 -0.9059
vn -0.8808 0.4372 0.1817
vn -0.8731 -0.1099 0.4749
vn -0.8833 -0.1040 0.4571
vn -0.8799 -0.1079 0.4628
vn -0.8695 -0.1132 0.4808
vn -0.4913 0.3651 -0.7908
vn -0.6039 0.7771 -0.1773
vn -0.4767 -0.0863 -0.8748
vn -0.9817 0.1633 0.0976
vn -0.6635 0.0146 -0.7481
vn -0.7582 0.6239 -0.1894
vn -0.7948 0.5854 -0.1600
vn -0.5390 0.1070 0.8355
vn -0.4912 0.6975 -0.5218
vn -0.1194 -0.3200 -0.9398
vn -0.1194 -0.3200 -0.9399
vn -0.0527 -0.3470 -0.9364
vn -0.8789 -0.4644 0.1091
vn -0.8251 -0.3358 -0.4543
vn -0.8046 -0.3994 -0.4395
vn -0.8320 0.5473 -0.0905
vn 0.1727 0.6764 0.7160
vn -0.8431 -0.4251 -0.3294
vn -0.8788 0.2634 -0.3979
vn -0.5955 0.6150 -0.5169
vn -0.9656 0.1074 -0.2369
vn -0.7764 -0.3569 -0.5195
vn -0.1763 0.4507 0.8751
vn -0.1877 0.3769 0.9070
vn -0.9871 -0.0932 0.1303
vn -0.9248 0.1086 -0.3646
vn -0.9388 -0.0532 -0.3402
vn -0.3577 0.9000 0.2492
vn -0.2887 0.9299 0.2280
vn -0.8945 0.3331 -0.2981
vn -0.4353 -0.7134 -0.5491
vn -0.5398 0.7812 -0.3137
vn -0.5397 0.7812 -0.3137
vn -0.5725 0.7356 -0.3623
vn -0.5725 0.7355 -0.3623
vn -0.7941 0.3924 0.4642
vn -0.0938 0.2260 -0.9696
vn -0.9974 0.0660 -0.0282
vn -0.6643 0.6728 -0.3257
vn -0.5672 0.8220 0.0514
vn -0.5672 0.8220 0.0515
vn -0.5872 0.8093 -0.0141
vn -0.6322 0.7710 -0.0767
vn 0.3256 0.9045 0.2754
vn 0.3224 0.9055 0.2759
vn 0.3218 0.9058 0.2757
vn 0.3248 0.9049 0.2749
vn -0.6947 -0.3803 -0.6105
vn -0.8811 -0.2397 0.4076
vn -0.8661 0.4136 -0.2806
vn -0.7639 0.3255 -0.5572
vn -0.7803 0.5891 0.2098
vn -0.9653 -0.0957 -0.2430
vn -0.8670 -0.1948 -0.4587
vn -0.3308 0.5273 -0.7826
vn -0.3564 0.4888 -0.7962
vn -0.7592 0.1892 0.6227
vn -0.7830 -0.6020 -0.1567
vn -0.4764 0.7008 -0.5310
vn -0.4763 0.7008 -0.5311
vn -0.3368 -0.2472 -0.9086
vn -0.5925 0.8054 0.0142
vn -0.6860 0.7139 0.1402
vn -0.9493 0.3085 -0.0596
vn -0.6565 0.4059 -0.6358
vn -0.2136 0.2130 0.9534
vn -0.6325 0.4823 0.6060
vn -0.3022 0.7754 0.5544
vn -0.6681 0.5507 -0.5004
vn -0.7660 0.4679 -0.4408
vn -0.3299 0.8127 0.4802
vn -0.6129 0.1267 -0.7800
vn -0.9383 0.3340 0.0898
vn -0.6577 0.2825 0.6983
vn -0.5167 0.4129 -0.7501
vn -0.1978 0.7470 0.6348
vn 0.7677 0.5884 0.2538
vn 0.7770 0.6055 0.1719
vn -0.1579 0.9820 0.1040
vn -0.6909 0.5278 0.4941
vn -0.7424 0.4972 0.4491
vn -0.7423 0.4972 0.4491
vn -0.6016 0.2827 -0.7471
vn -0.9735 0.0886 0.2107
vn 0.2833 0.6955 0.6604
vn -0.4681 0.4891 0.7360
vn -0.2992 0.8670 0.3984
vn 0.3299 0.8400 0.4307
vn -0.6012 0.7338 -0.3164
vn -0.5402 0.7869 0.2984
vn -0.8565 0.4290 -0.2871
vn -0.7293 0.6396 -0.2428
vn -0.9861 -0.0911 -0.1388
vn -0.9668 0.1568 -0.2019
vn -0.9700 -0.2352 0.0621
vn -0.9218 0.2479 -0.2980
vn -0.5974 -0.7826 0.1751
vn -0.4427 0.8579 -0.2608
vn -0.7389 0.4701 0.4827
vn -0.3767 0.9154 -0.1418
vn -0.6694 0.5815 -0.4624
vn -0.7744 0.6206 0.1226
vn 0.9627 0.2414 0.1224
vn 0.9557 0.2888 0.0571
vn -0.5921 0.8018 0.0814
vn -0.5960 0.7971 0.0969
vn -0.5921 0.8018 0.0813
vn -0.4984 -0.3025 -0.8124
vn -0.9672 0.2406 -0.0813
vn -0.7184 -0.2183 0.6605
vn 0.3346 0.5601 -0.7579
vn -0.3565 0.8250 -0.4386
vn 0.2663 0.4316 -0.8619
vn -0.4921 0.1251 -0.8615
vn -0.5444 0.7083 0.4495
vn -0.9438 -0.1691 0.2841
vn -0.9187 -0.1928 0.3446
vn -0.3538 0.5531 0.7542
vn -0.6258 0.2173 0.7491
vn -0.5350 0.1915 0.8229
vn -0.4505 0.5945 0.6660
vn -0.6141 0.2962 0.7315
vn -0.5634 0.7547 0.3363
vn -0.8295 0.5252 -0.1900
vn -0.6634 0.7010 -0.2618
vn -0.5502 0.4677 0.6918
vn -0.7893 0.3246 -0.5212
vn -0.6338 0.3440 0.6927
vn -0.4872 0.7971 0.3568
vn -0.9622 -0.2721 0.0075
vn -0.9363 0.1787 -0.3023
vn -0.2275 0.9668 0.1162
vn -0.6549 0.3406 -0.6746
vn -0.6554 0.3391 -0.6749
vn -0.6553 0.3396 -0.6748
vn -0.6643 0.7093 0.2358
vn 0.9584 -0.1984 0.2052
vn 0.9463 -0.2176 0.2390
vn -0.6131 0.3315 0.7171
vn -0.4585 0.5109 -0.7271
vn -0.3803 0.8892 0.2544
vn -0.4722 0.1290 -0.8720
vn -0.3377 0.8797 -0.3348
vn -0.8704 0.1187 -0.4778
vn -0.7990 0.4851 -0.3554
vn -0.8569 0.3429 -0.3848
vn -0.4158 0.5631 -0.7141
vn -0.6655 0.5663 -0.4861
vn -0.7204 0.1157 -0.6838
vn -0.9546 0.1488 -0.2580
vn -0.9682 0.1292 -0.2143
vn -0.9682 0.1291 -0.2143
vn -0.3476 0.9261 0.1469
vn -0.8998 -0.0568 0.4326
vn -0.9501 0.2671 -0.1615
vn -0.9528 0.2573 -0.1613
vn -0.9535 0.2567 -0.1577
vn -0.9393 0.3125 -0.1416
vn -0.7609 -0.5375 0.3635
vn -0.7567 -0.5097 0.4094
vn -0.6618 0.7445 -0.0881
vn -0.6322 0.7702 -0.0841
vn -0.2175 0.7192 0.6599
vn -0.6882 0.6589 -0.3038
vn -0.5900 -0.4125 0.6941
vn 0.2062 0.5762 0.7909
vn 0.2580 0.5459 0.7971
vn 0.2581 0.5459 0.7971
vn -0.6542 0.7556 -0.0318
vn -0.6433 0.7603 -0.0908
vn -0.6668 0.7425 -0.0631
vn -0.4467 -0.5197 -0.7283
vn -0.4597 -0.5684 -0.6823
vn -0.6194 0.3616 -0.6969
vn -0.6743 0.5260 -0.5182
vn -0.6492 0.1445 0.7468
vn -0.5832 0.6803 -0.4438
vn -0.9076 0.3542 -0.2254
vn -0.4751 0.7612 -0.4414
vn -0.4790 0.7590 -0.4410
vn -0.4698 0.7637 -0.4428
vn -0.4714 0.7633 -0.4418
vn 0.2657 0.9350 -0.2351
vn -0.4226 -0.2043 0.8830
vn -0.4644 -0.5220 0.7155
vn -0.9777 0.0793 0.1945
vn -0.3792 0.7563 -0.5332
vn -0.9470 0.3057 -0.0991
vn -0.6242 0.5525 -0.5524
vn -0.3615 0.9120 -0.1938
vn -0.6330 0.3875 -0.6702
vn -0.4589 0.5681 0.6831
vn -0.7438 0.6624 0.0893
vn -0.8478 0.0276 0.5297
vn -0.5799 0.2948 0.7595
vn -0.6431 -0.6534 0.3994
vn -0.9138 0.4032 0.0489
vn -0.5535 0.8328 -0.0090
vn -0.3067 0.6033 -0.7362
vn -0.9033 0.4260 0.0498
vn -0.5442 0.5778 -0.6083
vn -0.5264 0.6362 -0.5640
vn -0.7520 0.6549 0.0750
vn -0.9458 -0.1941 0.2604
vn -0.4096 -0.0199 -0.9121
vn -0.3216 0.1785 -0.9299
vn -0.6289 0.7226 0.2871
vn -0.6288 0.7226 0.2871
vn -0.6467 0.6817 0.3422
vn -0.9782 -0.2076 -0.0049
vn -0.9142 0.0723 -0.3988
vn -0.5404 0.7895 0.2910
vn 0.9367 0.3346 -0.1030
vn 0.9303 0.3568 -0.0850
vn -0.9032 0.4263 0.0503
vn -0.4009 0.6472 -0.6484
vn -0.4833 0.8692 0.1045
vn -0.9389 -0.0194 -0.3436
vn 0.0020 0.0884 -0.9961
vn 0.0015 0.0845 -0.9964
vn 0.0336 0.0699 -0.9970
vn 0.0012 0.0857 -0.9963
vn -0.7624 0.1664 -0.6254
vn -0.5995 0.7898 0.1297
vn -0.0100 0.7940 0.6078
vn -0.8888 0.4580 0.0186
vn -0.9903 0.1000 -0.0968
vn -0.6181 0.7843 -0.0540
vn -0.8846 -0.0110 -0.4662
vn -0.8655 -0.0472 -0.4986
vn -0.2246 -0.4597 0.8592
vn -0.8007 -0.5566 -0.2217
vn -0.9321 -0.2136 -0.2925
vn -0.5217 0.4177 0.7439
vn -0.6219 0.5756 0.5310
vn 0.0257 0.9702 0.2411
vn -0.4851 0.3266 -0.8112
vn -0.7339 0.4857 0.4748
vn -0.8538 -0.2258 0.4690
vn -0.8378 -0.5385 -0.0904
vn -0.8781 0.2055 -0.4321
vn -0.6319 0.5870 -0.5060
vn 0.3420 0.9327 0.1142
vn -0.5294 0.3635 0.7665
vn -0.6745 -0.4343 0.5970
vn -0.3953 0.3392 0.8536
vn -0.5198 0.3160 0.7937
vn -0.3998 0.3031 0.8650
vn -0.6129 0.2192 0.7591
vn -0.1041 0.3854 -0.9169
vn -0.1612 0.3967 -0.9037
vn -0.7404 0.6662 0.0894
vn -0.7196 -0.3902 -0.5744
vn -0.6620 0.6493 0.3744
vn -0.9730 0.1832 0.1404
vn -0.7560 0.2844 -0.5895
vn -0.8339 -0.5412 0.1080
vn -0.8830 0.0926 -0.4602
vn -0.4106 -0.3223 -0.8529
vn -0.9199 -0.1127 -0.3757
vn -0.2857 0.6846 0.6706
vn -0.8287 0.5128 0.2242
vn -0.9284 -0.1625 0.3342
vn 0.1267 0.9518 -0.2792
vn -0.3634 0.9316 -0.0072
vn -0.5952 -0.8031 -0.0271
vn -0.8730 0.3385 0.3512
vn -0.6064 0.7951 0.0109
vn 0.0789 0.7412 0.6667
vn -0.6531 0.4985 -0.5700
vn 0.1525 0.8406 0.5197
vn 0.1762 0.8603 0.4783
vn -0.8420 0.4687 -0.2671
vn -0.7717 0.4938 0.4009
vn -0.7667 -0.6332 -0.1057
vn -0.3421 0.9233 -0.1745
vn -0.5100 0.6161 -0.6002
vn -0.9646 -0.0815 -0.2508
vn -0.5530 0.0580 -0.8312
vn -0.8648 0.4755 -0.1615
vn -0.3786 -0.6117 0.6947
vn -0.1779 -0.0987 -0.9791
vn -0.3749 0.6097 -0.6984
vn -0.8902 0.4232 -0.1684
vn -0.8532 0.5209 -0.0274
vn -0.9365 0.1191 0.3297
vn -0.4071 0.6247 -0.6664
vn -0.9475 0.3014 -0.1069
vn -0.2172 0.9257 0.3097
vn -0.4305 0.5236 -0.7352
vn -0.9596 0.1069 0.2602
vn -0.2995 0.8012 -0.5180
vn -0.3611 0.8774 -0.3160
vn -0.3102 0.8895 -0.3356
vn -0.2745 0.9609 0.0365
vn -0.2728 0.9616 0.0302
vn -0.2699 0.9628 0.0106
vn -0.2714 0.9623 0.0170
vn -0.8521 -0.2067 -0.4809
vn 0.3441 0.7061 -0.6189
vn -0.7196 0.6492 -0.2466
vn -0.0055 0.7098 0.7044
vn -0.6233 0.6109 0.4882
vn 0.2965 0.9530 0.0621
vn 0.2611 0.9622 0.0770
vn 0.2964 0.9530 0.0621
vn -0.8195 0.1587 0.5507
vn -0.3051 0.8594 0.4103
vn -0.8388 0.4186 0.3481
vn -0.4698 0.1024 -0.8768
vn -0.4786 -0.6958 0.5356
vn -0.7645 -0.0147 0.6445
vn -0.6049 0.5866 -0.5384
vn -0.6030 0.5890 -0.5380
vn -0.6361 0.5759 -0.5135
vn -0.6307 0.5428 -0.5546
vn -0.6307 0.5429 -0.5546
vn -0.7296 0.3559 -0.5840
vn -0.8567 -0.4770 -0.1965
vn -0.4074 0.7729 0.4865
vn -0.3194 0.5550 -0.7681
vn -0.8744 0.3582 -0.3272
vn -0.4034 0.5222 -0.7514
vn -0.4081 0.7861 0.4641
vn -0.4625 -0.5756 -0.6744
vn -0.5499 0.4853 0.6798
vn -0.5022 0.7167 0.4839
vn 0.0178 0.9329 -0.3598
vn -0.8372 0.4220 0.3480
vn -0.7774 0.5012 -0.3800
vn -0.3044 0.7724 0.5575
vn -0.3047 0.7722 0.5575
vn -0.4302 0.3620 -0.8270
vn -0.4378 -0.6820 0.5859
vn -0.9948 0.0824 0.0597
vn -0.6168 0.4973 0.6101
vn -0.2254 0.8540 0.4690
vn -0.8004 0.5006 0.3299
vn -0.7859 0.0544 0.6160
vn -0.7673 0.4559 0.4510
vn -0.7395 0.0141 0.6730
vn -0.7495 0.4430 0.4919
vn -0.8415 0.4863 0.2354
vn -0.5654 0.8147 -0.1285
vn -0.8177 0.4806 -0.3167
vn -0.8144 0.4738 -0.3350
vn -0.8159 0.4756 -0.3288
vn -0.1874 0.9774 0.0981
vn 0.1301 0.7629 0.6333
vn 0.1973 0.7256 0.6592
vn -0.6184 -0.5463 0.5649
vn -0.8767 0.1248 0.4646
vn -0.9945 0.0486 -0.0933
vn -0.9931 0.1040 -0.0534
vn -0.7319 0.5192 0.4414
vn -0.4158 -0.6005 0.6830
vn -0.4145 -0.6014 0.6830
vn -0.4128 -0.5993 0.6859
vn -0.4132 -0.5984 0.6864
vn -0.6548 0.3124 0.6882
vn -0.6643 0.3176 0.6766
vn -0.6644 0.3176 0.6766
vn -0.8621 -0.4922 0.1204
vn 0.0028 0.1564 -0.9877
vn 0.0635 0.2095 -0.9757
vn -0.6610 0.5807 -0.4752
vn -0.6366 0.6361 -0.4361
vn -0.6610 0.5808 -0.4752
vn -0.7254 0.6746 0.1370
vn -0.7229 0.6825 0.1071
vn -0.7937 0.6068 0.0429
vn -0.6305 0.7635 -0.1396
vn -0.7922 0.6069 -0.0632
vn -0.7922 0.6070 -0.0636
vn -0.7924 0.6067 -0.0633
vn -0.9418 0.2559 -0.2182
vn -0.0713 0.9828 0.1704
vn -0.8187 0.5687 0.0795
vn -0.8262 0.0772 0.5580
vn -0.9994 -0.0006 -0.0358
vn 0.0006 0.7894 0.6139
vn -0.8786 0.1543 0.4519
vn -0.9967 0.0700 0.0423
vn -0.8715 0.4699 0.1403
vn -0.8907 0.4322 0.1409
vn -0.9799 0.0823 -0.1817
vn -0.8157 -0.5707 0.0943
vn -0.8749 0.4835 -0.0276
vn -0.7494 0.4260 0.5069
vn -0.7518 0.4182 0.5098
vn -0.7517 0.4167 0.5112
vn -0.7475 0.4262 0.5095
vn 0.2073 0.1257 0.9702
vn 0.2004 0.1289 0.9712
vn 0.2026 0.1298 0.9706
vn 0.2086 0.1257 0.9699
vn -0.2899 -0.5304 0.7966
vn -0.2928 -0.5304 0.7956
vn -0.2929 -0.5304 0.7955
vn -0.2905 -0.5301 0.7966
vn -0.1157 0.9911 -0.0653
vn -0.0724 0.9971 -0.0249
vn -0.0725 0.9971 -0.0249
vn -0.1134 0.9934 -0.0183
vn -0.8996 0.3023 0.3150
vn -0.1687 0.4150 0.8940
vn -0.1692 0.4149 0.8940
vn -0.1690 0.4150 0.8940
vn 0.1839 0.9114 0.3681
vn 0.0181 0.9298 0.3676
vn -0.8963 -0.1025 0.4314
vn -0.9229 -0.0844 0.3757
vn -0.8963 -0.3454 0.2781
vn -0.3510 0.4606 0.8153
vn -0.7238 0.5730 0.3845
vn -0.6348 0.4668 -0.6157
vn -0.6677 0.4432 -0.5981
vn -0.0427 0.4337 0.9001
vn -0.8202 0.1991 0.5364
vn -0.7068 0.6729 0.2182
vn -0.9243 0.3334 0.1857
vn -0.5416 0.4813 -0.6892
vn -0.5610 0.4657 -0.6844
vn -0.5045 0.4653 -0.7273
vn -0.0159 0.8118 0.5837
vn 0.1658 0.9388 0.3021
vn -0.3830 0.6494 0.6569
vn -0.8096 0.3791 0.4481
vn -0.7701 0.2251 0.5969
vn -0.5242 0.3498 0.7764
vn -0.6516 0.7369 0.1801
vn -0.6297 0.4653 -0.6220
vn -0.6096 0.4938 -0.6200
vn -0.6097 0.4938 -0.6200
vn -0.8782 -0.4762 -0.0453
vn -0.7622 0.2588 0.5934
vn -0.9826 -0.0740 0.1703
vn -0.7265 0.6465 0.2330
vn -0.9188 -0.3796 -0.1082
vn -0.9353 -0.1379 0.3260
vn 0.8505 -0.5238 0.0465
vn 0.8506 -0.5236 0.0480
vn 0.8532 -0.5190 0.0526
vn 0.8431 -0.5330 0.0713
vn -0.4656 0.3055 0.8306
vn -0.5960 0.8003 -0.0659
vn 0.3344 0.8257 0.4542
vn -0.9400 0.3264 0.0994
vn -0.3265 0.0704 0.9426
vn -0.0282 0.7280 0.6850
vn -0.9410 0.1497 0.3034
vn -0.8962 0.4197 0.1438
vn -0.2824 -0.1262 -0.9510
vn -0.4356 0.8691 0.2341
vn -0.3720 0.8149 0.4445
vn -0.8492 -0.0268 -0.5274
vn -0.7344 0.4732 -0.4866
vn -0.8807 0.0968 -0.4637
vn -0.6833 -0.3532 -0.6390
vn 0.0076 0.4832 -0.8755
vn -0.6370 0.7634 -0.1070
vn -0.1856 0.6855 0.7040
vn -0.8450 -0.0654 -0.5307
vn -0.3167 0.9471 0.0512
vn -0.8260 0.5277 -0.1982
vn -0.8483 0.1532 -0.5068
vn -0.8483 0.1530 -0.5069
vn -0.7093 0.6128 -0.3485
vn -0.2837 0.7077 -0.6471
vn -0.5668 0.6922 -0.4467
vn -0.8553 0.5104 -0.0893
vn -0.3414 0.9138 0.2202
vn -0.1139 0.0515 -0.9922
vn -0.8870 -0.4133 -0.2061
vn -0.8832 -0.2001 0.4241
vn -0.8568 0.2813 -0.4322
vn -0.8470 0.4726 -0.2435
vn -0.6327 -0.1157 -0.7657
vn -0.6244 0.2019 -0.7545
vn 0.3693 0.8859 -0.2808
vn -0.9966 0.0721 -0.0406
vn -0.5749 0.2700 -0.7724
vn -0.3448 0.5748 -0.7421
vn 0.3288 0.8254 -0.4589
vn -0.9540 -0.0159 0.2994
vn -0.8861 -0.3566 -0.2961
vn -0.8218 0.0181 -0.5695
vn 0.2374 0.2655 0.9344
vn 0.2177 0.2302 0.9485
vn 0.2177 0.2303 0.9485
vn -0.8106 0.2221 -0.5418
vn -0.7480 0.6328 -0.2003
vn -0.8232 0.4526 -0.3427
vn -0.7531 0.2576 -0.6053
vn 0.2451 0.4765 0.8443
vn 0.1877 0.4567 0.8696
vn 0.0288 0.9926 -0.1183
vn -0.8526 0.5138 -0.0951
vn 0.9016 0.3449 -0.2609
vn 0.9256 0.3014 -0.2290
vn 0.9256 0.3013 -0.2290
vn 0.9235 0.3413 -0.1752
vn -0.6499 0.7589 0.0412
vn -0.6842 0.7287 -0.0296
vn -0.9547 0.0665 -0.2901
vn -0.8689 0.4231 0.2570
vn -0.8890 0.3976 0.2272
vn -0.8658 0.4652 0.1843
vn -0.8614 0.4672 0.1994
vn -0.8630 0.0254 -0.5045
vn -0.6282 -0.0474 -0.7766
vn -0.9180 0.0384 0.3947
vn -0.2923 0.8654 -0.4069
vn -0.9146 0.2678 0.3029
vn -0.8382 0.5423 0.0577
vn -0.8473 0.5030 -0.1706
vn -0.8273 0.4414 -0.3475
vn -0.7512 0.6589 -0.0403
vn -0.2308 0.5273 -0.8177
vn 0.2109 0.9752 -0.0676
vn -0.8455 0.3932 -0.3614
vn -0.6155 0.5144 -0.5972
vn 0.1545 0.9672 -0.2015
vn -0.2247 0.1989 -0.9539
vn -0.3251 -0.0328 -0.9451
vn 0.5970 0.7375 0.3158
vn 0.4425 0.6496 0.6182
vn -0.9926 0.0855 0.0865
vn -0.9565 -0.2467 -0.1557
vn -0.2464 0.0209 -0.9690
vn -0.2499 0.9536 -0.1680
vn 0.1806 0.6711 -0.7190
vn -0.8736 0.2041 -0.4417
vn -0.2261 0.4506 -0.8636
vn -0.7272 0.2947 -0.6200
vn -0.9766 -0.0973 -0.1917
vn -0.4685 0.5563 -0.6863
vn 0.0018 0.0652 -0.9979
vn 0.0327 0.0322 -0.9989
vn -0.9579 -0.1762 -0.2268
vn -0.8692 0.3573 -0.3419
vn -0.8245 0.4008 0.3995
vn -0.3394 0.5360 -0.7730
vn -0.6287 0.7151 -0.3055
vn -0.7781 -0.0719 -0.6240
vn -0.8201 0.5721 -0.0104
vn -0.3211 0.8766 0.3583
vn -0.4343 0.8941 -0.1091
vn -0.8814 0.4133 0.2289
vn 0.1708 0.3332 -0.9273
vn -0.7808 -0.1172 -0.6137
vn -0.6889 0.6720 0.2717
vn -0.9467 -0.1198 -0.2991
vn -0.4961 0.6222 0.6056
vn -0.8606 0.4448 -0.2482
vn 0.0969 0.9351 -0.3410
vn -0.9258 0.2423 0.2900
vn -0.2349 0.2485 0.9397
vn -0.7843 0.5833 -0.2110
vn 0.0803 0.9534 0.2909
vn -0.8578 -0.4072 -0.3137
vn -0.9369 -0.1095 0.3321
vn -0.8327 0.5536 0.0119
vn -0.2247 0.8116 -0.5393
vn -0.3585 0.8662 -0.3480
vn -0.8765 0.4536 0.1614
vn -0.8975 0.4215 0.1294
vn -0.9285 -0.0032 0.3714
vn -0.3286 0.1612 -0.9306
vn -0.9180 0.1932 0.3464
vn -0.6777 0.2109 -0.7045
vn -0.7972 0.5881 -0.1368
vn -0.3044 0.1431 0.9417
vn -0.9596 0.1661 -0.2270
vn -0.8931 0.0164 -0.4495
vn -0.7462 0.3064 -0.5910
vn -0.3496 0.9200 -0.1772
vn -0.8852 -0.1049 -0.4531
vn -0.9967 0.0103 -0.0810
vn -0.9748 0.2140 -0.0636
vn 0.2843 0.8507 -0.4421
vn -0.8193 0.4791 -0.3149
vn -0.5770 0.8152 0.0504
vn -0.8353 -0.5297 0.1475
vn -0.5505 0.8347 -0.0110
vn 0.3410 -0.0923 -0.9355
vn 0.3034 -0.1586 -0.9396
vn 0.3034 -0.1585 -0.9396
vn -0.9039 -0.3990 -0.1544
vn -0.8833 -0.3237 0.3390
vn -0.4560 0.7658 -0.4536
vn -0.4921 0.7343 -0.4677
vn -0.8250 0.2717 0.4956
vn -0.8213 0.2428 0.5163
vn -0.8213 0.2427 0.5163
vn -0.6963 0.1546 0.7009
vn -0.8877 0.4161 0.1972
vn -0.7981 0.4854 0.3571
vn -0.7819 0.4969 0.3764
vn -0.8021 0.5521 0.2277
vn -0.6816 -0.2114 -0.7006
vn -0.6428 -0.2749 -0.7150
vn -0.6762 -0.1882 -0.7123
vn -0.6455 -0.2516 -0.7211
vn -0.9607 0.2293 0.1566
vn 0.5286 0.5313 -0.6620
vn 0.5183 0.5437 -0.6601
vn 0.5769 0.4960 -0.6489
vn -0.5893 0.7970 -0.1322
vn -0.5669 0.8126 -0.1354
vn -0.5894 0.7970 -0.1322
vn -0.0270 0.9991 0.0325
vn -0.9331 0.0228 0.3589
vn -0.2558 0.6460 0.7192
vn -0.2477 0.6382 0.7289
vn 0.5572 0.8024 0.2138
vn 0.5419 0.8188 0.1897
vn -0.5501 0.8036 0.2274
vn -0.8695 -0.4416 0.2213
vn 0.5462 0.8373 -0.0249
vn 0.5371 0.8399 -0.0779
vn -0.7890 0.4254 0.4433
vn -0.9403 -0.3094 0.1416
vn -0.8124 0.5762 -0.0890
vn -0.9268 0.3748 0.0227
vn -0.9196 0.3905 0.0418
vn -0.9196 0.3905 0.0419
vn -0.9554 0.0747 0.2857
vn -0.8652 0.4695 0.1764
vn -0.9217 0.1875 0.3396
vn -0.6511 0.7492 0.1215
vn -0.9110 0.2623 -0.3182
vn -0.9093 0.2606 -0.3246
vn -0.9085 0.2568 -0.3296
vn -0.9060 0.2562 -0.3370
vn -0.5026 0.8393 0.2074
vn -0.0309 -0.2310 -0.9725
vn -0.0309 -0.2311 -0.9725
vn -0.0426 -0.1980 -0.9793
vn -0.9165 0.0665 0.3944
vn -0.5958 0.8013 0.0545
vn -0.7697 -0.5549 0.3158
vn -0.8806 0.1437 0.4515
vn -0.8935 -0.3897 0.2232
vn -0.5799 0.8108 0.0789
vn -0.3948 0.9129 0.1040
vn -0.6753 0.7355 0.0543
vn -0.6559 0.6952 0.2941
vn -0.5046 0.3581 -0.7856
vn -0.9594 0.2820 0.0005
vn -0.9961 0.0609 0.0643
vn -0.9548 0.2185 -0.2018
vn -0.9180 -0.0760 0.3891
vn -0.4477 0.7131 0.5395
vn 0.9047 -0.2534 -0.3425
vn 0.9191 -0.1935 -0.3433
vn 0.8911 -0.2521 -0.3774
vn -0.9316 0.3280 -0.1568
vn -0.7570 -0.5204 0.3950
vn -0.7802 -0.4874 0.3922
vn -0.7801 -0.4874 0.3922
vn -0.6094 0.4275 -0.6677
vn -0.9321 -0.2200 -0.2878
vn -0.6078 0.7846 -0.1225
vn -0.7529 0.4574 -0.4731
vn -0.8871 0.2826 -0.3650
vn -0.6841 0.5980 -0.4176
vn -0.9858 -0.0437 -0.1619
vn -0.9560 0.0510 -0.2890
vn -0.9329 0.1923 -0.3045
vn -0.9703 -0.0247 0.2405
vn 0.6023 -0.3995 -0.6911
vn 0.5842 -0.4569 -0.6708
vn -0.9542 0.2538 0.1584
vn 0.7357 0.2024 0.6464
vn 0.7379 0.2607 0.6225
vn -0.8947 -0.1480 0.4215
vn -0.9924 -0.0553 0.1098
vn -0.9523 -0.1262 -0.2777
vn -0.9415 -0.1674 -0.2925
vn -0.9688 0.2032 -0.1421
vn -0.9557 0.2522 0.1519
vn -0.7277 0.0883 0.6801
vn -0.4984 0.3134 0.8083
vn -0.5347 0.3741 0.7577
vn 0.9621 -0.1939 -0.1918
vn 0.9547 -0.2030 -0.2174
vn 0.9621 -0.1939 -0.1919
vn 0.7108 0.3212 -0.6258
vn 0.7108 0.3212 -0.6257
vn 0.7308 0.3232 -0.6013
vn -0.8302 0.5315 -0.1682
vn -0.8292 0.5398 -0.1455
vn -0.8292 0.5398 -0.1454
vn 0.3875 0.2745 -0.8800
vn 0.3640 0.2727 -0.8906
vn 0.4295 0.2161 -0.8769
vn -0.2531 -0.4303 0.8665
vn -0.8910 0.3950 0.2237
vn -0.1358 0.8496 -0.5097
vn -0.7683 0.4754 0.4287
vn -0.4602 0.8864 0.0508
vn -0.3848 0.9230 -0.0046
vn -0.3651 0.9301 0.0414
vn -0.8860 -0.1704 -0.4313
vn 0.0613 -0.0872 0.9943
vn 0.0112 -0.1886 0.9820
vn 0.0130 -0.1874 0.9822
vn 0.0184 -0.1857 0.9824
vn 0.0595 -0.1252 0.9904
vn -0.4037 0.4048 0.8205
vn -0.7810 0.5963 -0.1859
vn 0.0379 -0.2562 0.9659
vn -0.3446 0.8459 -0.4070
vn -0.0840 -0.5417 0.8364
vn -0.7331 -0.2411 0.6360
vn -0.5306 0.8268 0.1868
vn -0.8004 0.5166 -0.3042
vn -0.8185 0.4817 -0.3130
vn 0.0055 0.0689 0.9976
vn -0.6947 0.6856 0.2176
vn -0.3140 0.8308 -0.4595
vn -0.2286 0.7797 0.5829
vn 0.7506 0.6608 -0.0045
vn 0.7505 0.6609 -0.0059
vn 0.7532 0.6578 0.0015
vn 0.7638 0.6454 -0.0143
vn 0.7964 0.6044 0.0231
vn -0.3544 -0.4995 0.7905
vn -0.6083 0.6012 0.5181
vn -0.4267 0.8890 -0.1663
vn -0.3859 0.8289 0.4050
vn -0.1217 -0.0172 0.9924
vn -0.2204 0.7130 0.6656
vn -0.0600 0.5227 0.8504
vn -0.0533 0.8636 0.5014
vn -0.1049 0.8814 0.4606
vn -0.4996 -0.3566 0.7894
vn -0.3382 0.9155 -0.2178
vn -0.4387 0.7509 0.4938
vn -0.4386 0.7509 0.4937
vn -0.4838 0.6962 0.5303
vn -0.3597 0.6950 0.6226
vn -0.5699 0.5364 0.6225
vn -0.6648 0.7367 0.1240
vn -0.8722 0.4424 0.2085
vn -0.4837 0.3022 0.8214
vn -0.4322 0.2741 0.8591
vn -0.5130 0.2720 0.8142
vn -0.5130 0.2719 0.8142
vn -0.7617 0.6473 0.0274
vn -0.9054 -0.0543 0.4211
vn -0.0388 -0.6383 0.7688
vn -0.5918 0.5944 0.5446
vn 0.4198 0.1129 0.9005
vn 0.4408 0.1016 0.8918
vn 0.4408 0.1017 0.8918
vn 0.4001 0.0785 0.9131
vn -0.8480 0.5239 0.0807
vn -0.8560 0.4922 0.1582
vn -0.9873 0.1314 -0.0888
vn -0.9955 0.0814 -0.0490
vn -0.9955 0.0815 -0.0490
vn -0.9862 0.1025 -0.1297
vn -0.1245 -0.1666 0.9781
vn -0.4595 0.8433 -0.2786
vn -0.6556 0.6798 0.3286
vn -0.8468 0.1171 -0.5189
vn -0.8668 -0.1747 -0.4671
vn -0.9959 0.0589 -0.0683
vn -0.4995 0.3724 0.7822
vn -0.6211 0.1739 0.7642
vn -0.2412 0.9515 -0.1912
vn -0.8017 0.5948 0.0596
vn -0.4110 -0.2224 0.8841
vn -0.7896 0.4735 -0.3903
vn 0.3678 0.8811 -0.2972
vn 0.3932 0.8858 -0.2465
vn -0.9810 0.0669 -0.1820
vn -0.9566 0.2868 0.0524
vn -0.8114 0.5835 0.0336
vn -0.3928 0.4215 0.8174
vn -0.7935 0.2051 -0.5730
vn -0.3998 0.8461 -0.3524
vn -0.6157 0.7873 0.0342
vn -0.6340 0.4879 -0.6000
vn -0.2534 0.3739 -0.8922
vn -0.2933 0.3694 -0.8818
vn -0.5867 0.7911 -0.1730
vn -0.6070 0.2033 0.7683
vn -0.6149 0.4539 0.6449
vn -0.3494 0.7676 0.5373
vn -0.4928 0.7838 0.3778
vn 0.1827 0.5916 -0.7853
vn 0.1827 0.5916 -0.7852
vn 0.1260 0.5499 -0.8257
vn 0.0106 0.8781 0.4784
vn -0.6223 0.6958 -0.3585
vn -0.5096 0.0876 -0.8559
vn 0.5311 0.0824 0.8433
vn 0.5289 0.0656 0.8462
vn 0.5311 0.0825 0.8433
vn -0.9027 0.3688 0.2218
vn 0.4126 0.5030 -0.7594
vn 0.4274 0.4698 -0.7724
vn -0.3405 0.8136 0.4713
vn -0.6593 -0.0198 0.7517
vn -0.4221 -0.0415 0.9056
vn -0.6747 0.2526 0.6935
vn -0.5328 -0.8154 0.2263
vn -0.7692 0.3605 0.5277
vn 0.1448 0.7370 0.6602
vn 0.0840 0.7534 0.6522
vn 0.1494 0.7020 0.6963
vn -0.6927 -0.4601 -0.5554
vn -0.6608 -0.4720 -0.5836
vn -0.6607 -0.4720 -0.5836
vn 0.4885 0.8721 0.0272
vn 0.5288 0.8449 0.0811
vn -0.8418 0.5169 -0.1556
vn -0.4827 0.3203 -0.8151
vn -0.4640 0.2553 -0.8483
vn -0.9546 -0.1801 0.2374
vn -0.9547 -0.1800 0.2369
vn -0.9547 -0.1803 0.2366
vn -0.0783 0.9870 0.1402
vn -0.3851 0.9219 -0.0414
vn -0.8329 -0.1936 0.5185
vn -0.8061 -0.2301 0.5453
vn -0.8328 -0.1936 0.5185
vn -0.8205 0.1441 -0.5533
vn -0.8070 0.1870 -0.5602
vn -0.8205 0.1440 -0.5533
vn -0.7096 0.6669 0.2273
vn -0.7947 0.6070 0.0040
vn -0.5732 0.5816 -0.5772
vn -0.7516 0.5459 -0.3702
vn -0.5186 0.2751 -0.8096
vn -0.7545 0.6254 -0.1992
vn -0.3094 0.4895 0.8153
vn -0.6729 0.3333 -0.6604
vn -0.6947 0.5387 -0.4767
vn -0.3696 0.8216 0.4341
vn -0.4493 0.8760 -0.1752
vn -0.3151 0.9231 0.2203
vn -0.1586 0.7089 0.6873
vn 0.2107 0.3714 0.9043
vn -0.0216 0.1874 0.9820
vn 0.1047 0.2281 0.9680
vn -0.0103 0.9308 0.3653
vn 0.3096 0.2340 0.9216
vn 0.0961 -0.0090 0.9953
vn 0.2100 -0.7212 0.6601
vn -0.9114 0.4023 0.0873
vn -0.9300 0.3514 0.1078
vn -0.9121 0.3982 0.0975
vn -0.9106 0.4017 0.0974
vn -0.1421 -0.2288 -0.9631
vn 0.1832 -0.1894 0.9647
vn 0.2112 0.1797 0.9608
vn -0.1965 -0.0333 0.9799
vn 0.3372 -0.4265 0.8393
vn -0.7808 0.6166 0.1010
vn -0.7643 0.6416 0.0647
vn -0.4294 -0.1081 0.8966
vn -0.3229 -0.6232 0.7123
vn -0.9345 0.1702 0.3127
vn 0.2004 -0.3896 0.8989
vn -0.3165 0.3133 0.8954
vn -0.3621 0.2797 0.8892
vn -0.3620 0.2798 0.8892
vn -0.7926 -0.3878 -0.4705
vn -0.3848 -0.8790 -0.2817
vn -0.5943 0.7071 0.3831
vn -0.8795 0.4722 -0.0589
vn -0.8785 0.2640 0.3981
vn -0.1385 -0.0453 -0.9893
vn -0.2164 -0.0523 -0.9749
vn -0.8779 -0.1121 -0.4655
vn -0.7871 0.5623 0.2534
vn -0.5953 -0.1885 -0.7811
vn 0.5318 0.2116 0.8200
vn 0.5692 0.8143 0.1136
vn 0.5702 0.8135 0.1147
vn 0.5756 0.8098 0.1137
vn 0.5757 0.8100 0.1113
vn 0.0060 -0.2281 0.9736
vn -0.7259 0.1004 -0.6804
vn -0.1254 -0.8740 -0.4695
vn -0.4499 -0.6079 -0.6542
vn 0.9995 0.0151 -0.0261
vn 0.9984 -0.0115 -0.0553
vn -0.1523 0.4800 0.8640
vn -0.1523 0.4799 0.8640
vn -0.1351 0.5456 0.8271
vn -0.6667 -0.0982 0.7388
vn -0.8165 -0.4559 -0.3542
vn -0.3688 -0.2293 0.9008
vn -0.4375 -0.6509 0.6205
vn -0.4254 -0.6502 0.6295
vn -0.4375 -0.6509 0.6204
vn -0.5362 -0.3201 -0.7811
vn 0.4302 -0.1029 0.8969
vn -0.8543 0.4983 0.1480
vn -0.8613 0.4657 0.2029
vn -0.8614 0.4657 0.2029
vn -0.8867 -0.1137 -0.4482
vn -0.8458 -0.2924 0.4462
vn -0.4017 -0.2506 0.8808
vn -0.8817 -0.4441 -0.1594
vn -0.3697 -0.9290 -0.0177
vn -0.8206 -0.5316 -0.2097
vn -0.6438 -0.5410 -0.5412
vn -0.3015 -0.9495 0.0872
vn -0.2216 -0.2953 0.9294
vn 0.0207 0.3773 0.9259
vn -0.6679 -0.7406 0.0733
vn -0.2807 -0.8828 -0.3766
vn -0.2549 0.9015 -0.3497
vn -0.2412 0.8947 -0.3759
vn -0.2549 0.9015 -0.3498
vn -0.9639 0.1902 -0.1862
vn -0.9631 0.1915 -0.1888
vn -0.9639 0.1846 -0.1920
vn -0.9646 0.1834 -0.1894
vn -0.4780 -0.8774 -0.0417
vn -0.3294 -0.0069 -0.9441
vn 0.1308 0.7877 0.6020
vn -0.3270 -0.5687 -0.7548
vn -0.7377 -0.3476 -0.5788
vn 0.5788 0.6531 0.4883
vn -0.4678 -0.6183 -0.6316
vn 0.9448 -0.3276 0.0046
vn 0.9451 -0.3266 -0.0028
vn 0.9446 -0.3283 -0.0046
vn 0.9446 -0.3282 0.0032
vn -0.3264 0.8892 -0.3206
vn -0.3225 0.9040 -0.2807
vn -0.2859 0.8891 0.3576
vn -0.3866 0.8367 0.3878
vn -0.6265 0.2856 0.7253
vn 0.2677 0.8092 0.5230
vn -0.9559 -0.1645 0.2435
vn -0.2772 -0.8966 0.3453
vn -0.7683 0.4076 -0.4935
vn -0.4190 -0.7217 0.5510
vn -0.6378 0.2150 -0.7395
vn -0.6774 -0.6791 0.2826
vn 0.3257 0.9093 0.2589
vn 0.2640 0.9417 0.2085
vn -0.0135 0.8562 0.5164
vn -0.4032 -0.1081 -0.9087
vn 0.3110 0.3874 0.8679
vn -0.4901 -0.8627 0.1243
vn 0.5780 0.2351 0.7814
vn -0.0375 0.5248 0.8504
vn -0.2445 -0.6807 0.6905
vn -0.3476 -0.7742 0.5290
vn -0.0749 0.6969 0.7132
vn -0.2795 -0.2839 -0.9172
vn -0.8275 -0.5199 0.2121
vn -0.6307 0.5468 0.5506
vn 0.9554 0.1297 0.2652
vn -0.0871 -0.4218 0.9025
vn -0.2358 0.4002 -0.8856
vn -0.8930 -0.4489 -0.0336
vn -0.8924 -0.4501 -0.0337
vn -0.8880 -0.4585 -0.0333
vn -0.8888 -0.4570 -0.0346
vn 0.5446 0.6251 0.5592
vn -0.5066 0.8093 -0.2971
vn -0.5210 0.8132 -0.2595
vn -0.3176 0.2669 -0.9099
vn 0.7202 0.5571 0.4134
vn -0.4353 0.3328 -0.8365
vn 0.8926 0.0207 0.4504
vn 0.8938 -0.0281 0.4477
vn -0.4947 0.4705 -0.7307
vn -0.2777 0.9249 -0.2598
vn -0.0505 0.3409 -0.9387
vn 0.9701 0.1604 0.1822
vn -0.9697 0.1801 0.1648
vn -0.9669 0.2005 0.1580
vn -0.9669 0.2004 0.1580
vn -0.8833 0.4484 0.1365
vn 0.8884 0.0516 0.4561
vn 0.8650 0.0784 0.4956
vn -0.3761 0.1511 -0.9142
vn -0.2152 0.0633 0.9745
vn -0.6089 -0.7545 -0.2449
vn -0.5875 -0.7689 -0.2523
vn -0.6230 0.5448 -0.5613
vn -0.0811 0.9838 -0.1596
vn -0.8819 0.3758 0.2848
vn 0.2067 0.0619 0.9764
vn 0.2062 -0.1543 0.9663
vn 0.1368 0.7650 0.6294
vn -0.9985 -0.0232 0.0497
vn -0.3476 0.8654 -0.3609
vn 0.4415 0.8289 0.3435
vn 0.5505 0.3117 0.7745
vn 0.2006 0.1169 0.9727
vn 0.9713 0.2342 0.0420
vn 0.9604 0.2657 0.0833
vn 0.5323 0.8385 0.1160
vn -0.0062 0.8404 0.5420
vn -0.3768 0.1607 -0.9123
vn 0.6685 0.1807 0.7214
vn -0.8758 -0.1266 0.4657
vn 0.7419 0.1494 0.6537
vn -0.7000 0.2800 0.6569
vn 0.2693 0.8483 0.4560
vn 0.2557 0.8428 0.4736
vn 0.5797 0.1046 0.8081
vn -0.6081 0.4024 0.6843
vn 0.7588 0.5805 0.2954
vn -0.3365 0.9413 0.0279
vn -0.3412 0.3284 -0.8808
vn 0.0761 0.4964 0.8648
vn 0.0857 0.3115 0.9464
vn 0.4675 -0.3161 0.8256
vn -0.2309 0.8808 -0.4133
vn 0.1204 0.5573 0.8216
vn -0.3609 0.8550 -0.3725
vn 0.6162 0.7814 0.0983
vn -0.6588 0.7516 0.0324
vn 0.2316 0.9430 -0.2390
vn -0.2675 0.8146 0.5147
vn 0.4913 0.7538 -0.4365
vn -0.1142 0.7335 -0.6700
vn 0.3989 0.5595 0.7265
vn -0.8763 0.1859 -0.4444
vn -0.2539 0.9539 0.1600
vn 0.4980 0.5097 0.7016
vn -0.2685 -0.3250 0.9068
vn -0.2747 0.6360 -0.7211
vn 0.2080 0.2317 0.9503
vn 0.0494 0.9421 0.3317
vn 0.0282 0.9692 -0.2446
vn 0.1114 0.4799 0.8702
vn 0.5358 0.4064 0.7401
vn -0.3367 0.9408 -0.0380
vn -0.1557 0.9278 0.3391
vn 0.1921 0.9557 -0.2232
vn 0.1911 0.9560 -0.2226
vn 0.1898 0.9564 -0.2220
vn 0.1933 0.9566 -0.2180
vn -0.6125 -0.0893 0.7854
vn -0.6102 0.7769 -0.1554
vn -0.2265 0.6376 0.7363
vn 0.3404 0.2370 0.9099
vn -0.2210 0.9595 -0.1748
vn -0.2958 0.4103 0.8626
vn -0.0839 0.6837 0.7250
vn -0.7828 0.1873 -0.5935
vn -0.7830 0.1873 -0.5932
vn -0.7201 0.5036 0.4774
vn -0.7213 0.5049 0.4742
vn -0.6819 0.5687 0.4601
vn -0.7269 0.4964 0.4745
vn -0.4188 0.1236 0.8996
vn -0.4023 0.1510 0.9030
vn -0.3498 0.1262 0.9283
vn -0.9612 0.0927 0.2600
vn -0.3318 0.8180 0.4699
vn -0.5208 0.6651 0.5352
vn -0.1251 0.5347 0.8358
vn -0.4948 -0.1783 -0.8505
vn -0.5246 -0.2212 -0.8221
vn -0.2939 0.5903 0.7518
vn -0.2974 0.5918 0.7492
vn -0.3053 0.5832 0.7527
vn -0.3018 0.5819 0.7552
vn -0.7481 0.1938 0.6347
vn -0.5657 0.3983 0.7220
vn -0.5657 0.3983 0.7221
vn -0.5079 0.4211 0.7515
vn -0.9752 -0.2129 0.0600
vn -0.9676 -0.2438 0.0649
vn -0.9677 -0.2438 0.0649
vn -0.7677 -0.0134 0.6407
vn 0.9377 -0.3175 0.1411
vn 0.9120 -0.3646 0.1880
vn 0.9120 -0.3646 0.1879
vn -0.5664 -0.1835 0.8034
vn -0.8957 0.3808 -0.2295
vn -0.5566 0.4870 0.6731
vn -0.8021 0.2152 0.5571
vn -0.7035 0.1135 0.7015
vn -0.6667 0.3529 0.6565
vn -0.5033 0.0472 0.8628
vn -0.6411 0.6461 -0.4142
vn -0.6033 0.6977 -0.3863
vn -0.8416 0.5372 0.0559
vn -0.7791 0.6240 0.0599
vn -0.9569 0.2632 -0.1228
vn -0.8895 0.4100 0.2016
vn -0.7025 0.5632 -0.4350
vn -0.7701 0.5268 -0.3597
vn 0.4542 -0.3713 -0.8098
vn 0.3955 -0.3653 -0.8427
vn -0.3823 0.2721 0.8831
vn -0.3135 0.1146 0.9427
vn -0.3762 -0.1104 0.9200
vn -0.2893 -0.0600 0.9554
vn -0.1689 0.2359 0.9570
vn -0.3829 0.1618 0.9095
vn -0.5265 -0.2872 0.8002
vn -0.5338 0.0046 0.8456
vn -0.2574 -0.1370 0.9565
vn -0.7504 0.0892 -0.6550
vn -0.7529 0.1190 -0.6473
vn -0.7527 0.1191 -0.6475
vn 0.2985 0.8603 -0.4132
vn 0.2985 0.8603 -0.4133
vn 0.2764 0.8630 -0.4228
vn -0.0218 0.4717 0.8815
vn -0.0123 0.4973 0.8675
vn -0.4387 0.8205 -0.3666
vn -0.4960 0.7421 -0.4508
vn -0.7430 0.5896 0.3167
vn -0.8563 0.3227 -0.4033
vn -0.6350 0.7398 0.2223
vn -0.7822 0.4432 -0.4380
vn -0.6317 0.7677 -0.1081
vn -0.6316 0.7687 -0.1012
vn -0.6296 0.7704 -0.1010
vn -0.6310 0.7680 -0.1094
vn -0.3174 0.6003 -0.7341
vn 0.7579 -0.1880 -0.6247
vn 0.7181 -0.1501 -0.6795
vn -0.3728 0.5260 -0.7644
vn 0.4433 0.8929 0.0795
vn 0.4046 0.9142 0.0230
vn 0.4046 0.9142 0.0231
vn 0.4223 0.9001 0.1074
vn -0.5010 0.7882 -0.3575
vn -0.4596 -0.0880 -0.8837
vn -0.4956 0.1032 -0.8624
vn -0.1197 0.0371 -0.9921
vn 0.0596 0.7587 -0.6487
vn -0.1912 0.5985 -0.7780
vn -0.3353 -0.0327 -0.9415
vn 0.0255 0.6976 0.7161
vn 0.0106 0.7213 0.6926
vn 0.0105 0.7213 0.6926
vn 0.0742 0.7119 0.6984
vn -0.6733 0.2023 -0.7112
vn -0.7624 0.6422 -0.0798
vn -0.8902 0.4463 -0.0911
vn -0.8970 -0.3772 -0.2303
vn 0.0405 0.3495 0.9361
vn 0.0609 0.9880 -0.1421
vn 0.0108 0.9875 -0.1572
vn 0.0608 0.9880 -0.1421
vn -0.3629 0.6612 0.6566
vn -0.4280 0.6535 0.6243
vn -0.4243 0.6448 0.6358
vn -0.3490 0.6552 0.6701
vn -0.4193 0.5921 0.6882
vn -0.2836 0.9479 -0.1452
vn 0.9134 -0.3612 0.1876
vn 0.9055 -0.3862 0.1760
vn 0.9055 -0.3862 0.1759
vn -0.5500 0.6607 0.5109
vn -0.6918 0.5638 -0.4512
vn -0.3904 0.8883 0.2421
vn -0.9628 0.2703 0.0017
vn 0.9245 0.2878 -0.2500
vn 0.8905 0.3268 -0.3165
vn 0.9245 0.2878 -0.2501
vn -0.8832 0.4690 0.0035
vn -0.9260 0.3722 0.0633
vn 0.1822 0.9831 -0.0185
vn 0.1822 0.9831 -0.0184
vn 0.2067 0.9783 -0.0096
vn 0.2067 0.9784 -0.0096
vn 0.1849 0.3951 0.8998
vn -0.9679 -0.2212 0.1195
vn -0.6786 0.4001 0.6160
vn -0.5761 0.6382 0.5107
vn -0.9006 0.4249 0.0921
vn -0.7268 0.3922 -0.5639
vn -0.8320 0.5105 0.2173
vn -0.8107 -0.5834 0.0491
vn -0.7666 0.5128 -0.3865
vn -0.9865 -0.0464 0.1570
vn -0.6780 0.3438 0.6497
vn -0.1461 0.9670 0.2089
vn -0.4635 0.8669 0.1836
vn -0.0308 0.3318 0.9428
vn -0.9922 -0.1147 0.0486
vn -0.5533 -0.3173 0.7702
vn -0.1705 0.7040 0.6895
vn -0.9921 -0.0468 -0.1164
vn -0.8757 -0.4827 -0.0128
vn -0.6319 -0.7518 0.1886
vn -0.9296 0.0545 -0.3644
vn -0.1770 0.9794 -0.0977
vn -0.3776 0.5012 0.7786
vn -0.8475 0.5197 0.1078
vn -0.7319 0.6068 -0.3101
vn -0.6697 0.7143 0.2031
vn -0.6924 0.5927 -0.4115
vn -0.9515 -0.2436 0.1880
vn -0.9404 0.3050 0.1504
vn -0.8963 0.3443 0.2794
vn -0.9807 -0.1656 0.1039
vn -0.9833 -0.1415 0.1145
vn -0.9833 -0.1415 0.1144
vn -0.4201 0.7923 0.4425
vn -0.8802 0.4735 -0.0335
vn -0.8031 0.5951 -0.0315
vn -0.8726 0.4575 0.1714
vn -0.8055 0.1748 -0.5662
vn -0.0169 0.9954 0.0942
vn -0.7430 0.3972 0.5387
vn -0.9334 0.2574 0.2500
vn -0.9722 0.1986 0.1237
vn -0.6117 0.7864 0.0864
vn -0.6504 0.7531 0.0991
vn -0.8120 0.5765 -0.0909
vn -0.9189 -0.2959 -0.2611
vn -0.1923 -0.0244 0.9810
vn -0.8117 0.3132 0.4930
vn -0.9054 -0.4182 0.0734
vn -0.9358 0.3517 -0.0259
vn -0.9614 0.2694 -0.0555
vn -0.7341 0.6640 0.1423
vn -0.9088 0.2727 0.3157
vn -0.2759 0.9015 -0.3334
vn 0.9778 -0.0188 0.2085
vn 0.9652 -0.0951 0.2435
vn -0.6191 0.1262 0.7751
vn -0.6118 0.1303 0.7802
vn -0.6102 0.1301 0.7815
vn -0.6173 0.1257 0.7766
vn -0.3033 0.9218 -0.2413
vn 0.0821 0.7704 0.6322
vn 0.0982 0.7283 0.6782
vn -0.9011 -0.2202 -0.3735
vn -0.4331 0.5962 0.6760
vn -0.4093 0.5230 0.7476
vn -0.9480 0.2124 -0.2371
vn -0.9592 0.1874 -0.2117
vn -0.9592 0.1875 -0.2116
vn -0.6948 0.4417 0.5676
vn -0.9666 0.2551 0.0257
vn -0.6093 0.1281 0.7825
vn -0.6906 -0.3310 0.6430
vn -0.7923 -0.3403 0.5063
vn -0.3644 0.5494 -0.7519
vn -0.3602 0.7575 0.5444
vn -0.3053 0.2783 0.9107
vn -0.5173 0.3916 0.7609
vn -0.1352 0.6925 -0.7087
vn -0.9046 0.4221 0.0592
vn -0.9922 0.1103 0.0583
vn -0.7803 0.6186 0.0923
vn -0.3982 0.9066 0.1395
vn -0.4593 0.8807 0.1157
vn -0.4797 0.8739 0.0785
vn -0.0629 0.4587 0.8864
vn -0.7474 -0.5350 -0.3939
vn -0.6248 0.7027 0.3404
vn -0.9782 -0.0986 -0.1827
vn -0.6073 0.7277 -0.3188
vn -0.2349 0.9648 0.1178
vn -0.1384 -0.1562 -0.9780
vn -0.0996 -0.1228 -0.9874
vn -0.0997 -0.1228 -0.9874
vn -0.7928 -0.3738 0.4814
vn -0.3827 0.9220 -0.0588
vn -0.6046 -0.4226 -0.6752
vn -0.6394 -0.4222 -0.6426
vn -0.3919 0.3035 -0.8685
vn -0.3268 0.7803 0.5332
vn -0.4518 0.8663 0.2132
vn -0.7764 -0.5912 0.2184
vn -0.2055 0.4113 0.8880
vn -0.2432 0.4123 0.8780
vn 0.0183 0.8367 0.5474
vn -0.4492 0.8782 -0.1643
vn -0.7328 0.3212 0.5998
vn -0.9637 0.2265 0.1418
vn -0.9515 -0.1090 0.2878
vn -0.9729 0.2084 0.1004
vn -0.9206 -0.3353 0.2003
vn -0.9104 0.1041 0.4005
vn -0.9209 -0.0535 -0.3862
vn -0.8721 0.4610 -0.1641
vn -0.7847 -0.5755 0.2302
vn -0.9150 0.0459 0.4009
vn -0.5730 -0.3507 0.7408
vn -0.7611 0.3579 0.5410
vn -0.5126 0.7989 0.3146
vn -0.8640 0.1017 0.4931
vn -0.5085 0.7214 0.4702
vn -0.6969 -0.1407 0.7032
vn -0.7578 -0.5431 0.3617
vn 0.2460 0.7015 0.6688
vn -0.0886 0.3296 0.9400
vn -0.8412 -0.2872 -0.4580
vn -0.5488 0.7856 0.2859
vn -0.8144 0.5225 0.2523
vn 0.0323 -0.7352 -0.6771
vn 0.0323 -0.7355 -0.6768
vn 0.0324 -0.7360 -0.6762
vn 0.0449 -0.7414 -0.6696
vn 0.1710 0.3102 0.9352
vn 0.0096 0.1716 -0.9851
vn -0.0423 0.2338 -0.9714
vn -0.0424 0.2338 -0.9714
vn -0.0777 0.2017 -0.9764
vn 0.3806 0.7305 0.5670
vn 0.1481 0.9886 0.0253
vn -0.2665 0.5104 0.8176
vn 0.9042 0.1382 0.4042
vn 0.8792 0.2109 0.4272
vn 0.2970 0.9093 -0.2914
vn -0.5343 -0.2766 -0.7987
vn -0.4410 0.3903 0.8082
vn -0.9080 0.3847 -0.1661
vn -0.4260 0.6969 0.5769
vn -0.3454 0.6296 0.6959
vn -0.2028 0.6167 0.7606
vn -0.1185 0.9099 0.3974
vn -0.1509 0.9152 0.3736
vn 0.1262 0.1764 0.9762
vn -0.8102 0.4265 -0.4021
vn -0.7505 0.6496 -0.1214
vn 0.0230 0.4322 0.9015
vn 0.2059 0.3528 0.9128
vn -0.6426 0.0726 -0.7628
vn -0.5795 0.6581 -0.4807
vn -0.5383 -0.6061 0.5855
vn 0.4503 0.6662 0.5945
vn 0.2290 0.5111 0.8284
vn -0.4975 0.4935 0.7134
vn 0.0607 0.2787 0.9584
vn 0.0977 0.5327 0.8407
vn -0.4708 0.4661 0.7490
vn 0.3770 0.9170 0.1306
vn 0.4064 0.8996 0.1601
vn 0.4066 0.8994 0.1601
vn 0.4437 0.8875 0.1242
vn -0.5051 0.4680 0.7252
vn 0.3128 -0.0429 0.9488
vn 0.4037 0.3197 -0.8572
vn -0.7614 -0.3376 -0.5534
vn -0.0520 -0.8860 -0.4607
vn -0.4404 0.3006 -0.8460
vn -0.4268 0.2940 -0.8552
vn -0.4435 0.2561 -0.8589
vn -0.4336 0.3036 -0.8484
vn -0.4328 0.3021 -0.8494
vn 0.6125 -0.3000 -0.7313
vn -0.5827 -0.7764 0.2401
vn -0.2864 0.6952 -0.6593
vn 0.6266 0.5627 -0.5393
vn 0.1604 0.2239 -0.9613
vn -0.0153 -0.9825 -0.1854
vn -0.4703 -0.7772 -0.4181
vn -0.2348 -0.7255 0.6469
vn -0.2337 -0.7267 0.6460
vn -0.2356 -0.7204 0.6523
vn -0.2379 -0.7196 0.6523
vn -0.1556 -0.2241 -0.9621
vn 0.6712 0.2877 -0.6832
vn 0.6615 -0.2199 -0.7170
vn -0.5433 0.7059 -0.4545
vn -0.9162 0.3140 -0.2492
vn 0.5344 -0.6595 -0.5286
vn 0.3944 0.5928 -0.7022
vn -0.4289 -0.1827 -0.8847
vn 0.3630 -0.7448 -0.5599
vn 0.4041 0.4638 -0.7884
vn 0.7055 0.1823 -0.6849
vn -0.1309 0.4498 -0.8835
vn -0.4196 0.8907 -0.1752
vn 0.2154 0.7584 -0.6152
vn 0.9497 -0.2684 -0.1612
vn 0.5269 -0.7830 -0.3305
vn -0.9692 0.0687 0.2363
vn -0.5239 -0.6537 -0.5461
vn -0.4437 0.1520 -0.8832
vn -0.0108 -0.8584 -0.5129
vn -0.7714 0.6083 0.1868
vn 0.0657 -0.8148 -0.5761
vn 0.3212 -0.9382 -0.1287
vn 0.4309 -0.0071 -0.9024
vn -0.3178 0.3813 -0.8681
vn -0.4916 0.3236 -0.8084
vn -0.5604 0.4196 -0.7141
vn -0.7422 0.6700 -0.0155
vn -0.7534 0.6552 0.0550
vn -0.6373 0.3538 -0.6846
vn -0.0554 0.3141 -0.9478
vn -0.1891 0.0399 -0.9812
vn -0.1507 0.0494 -0.9873
vn -0.1736 0.9814 0.0818
vn -0.1736 0.9813 0.0828
vn -0.1736 0.9813 0.0827
vn -0.1736 0.9814 0.0823
vn -0.8140 0.4081 0.4133
vn -0.8142 0.4082 0.4129
vn -0.8233 0.3975 0.4052
vn -0.8233 0.3975 0.4053
vn -0.8142 0.4083 0.4128
vn -0.2095 0.0451 -0.9768
vn -0.2094 0.0450 -0.9768
vn -0.2191 0.0590 -0.9739
vn -0.2191 0.0591 -0.9739
vn -0.2115 -0.3655 -0.9065
vn 0.0272 -0.4211 -0.9066
vn -0.8426 0.4447 -0.3037
vn 0.0839 -0.0485 -0.9953
vn -0.3856 0.0857 -0.9187
vn 0.0197 -0.3236 -0.9460
vn -0.3368 0.3181 -0.8862
vn -0.3324 0.3512 -0.8753
vn -0.0376 -0.0175 -0.9991
vn -0.3597 -0.3329 -0.8717
vn -0.3654 -0.3269 -0.8716
vn -0.3576 -0.3310 -0.8732
vn -0.3590 -0.3310 -0.8727
vn 0.9364 -0.2129 -0.2792
vn 0.9311 -0.1957 -0.3079
vn -0.5787 -0.3614 0.7311
vn -0.5675 -0.3578 0.7416
vn -0.5714 -0.3584 0.7383
vn -0.5328 -0.4010 0.7452
vn -0.6450 0.6456 0.4088
vn -0.7154 0.5464 -0.4355
vn -0.8498 0.0697 0.5225
vn -0.6227 0.1863 0.7599
vn -0.7812 0.5385 -0.3158
vn -0.8768 0.2341 0.4201
vn -0.6361 0.6163 0.4643
vn -0.8677 0.4817 0.1223
vn -0.8527 0.5085 0.1198
vn -0.8527 0.5084 0.1198
vn 0.7331 -0.6433 0.2207
vn 0.7078 -0.6589 0.2547
vn 0.7316 -0.6572 0.1812
vn -0.4317 0.7782 0.4561
vn -0.8650 -0.0532 -0.4989
vn -0.6913 -0.1369 0.7095
vn -0.9390 0.2248 -0.2602
vn -0.6609 0.3020 -0.6870
vn -0.6609 0.3021 -0.6870
vn -0.6207 0.3466 -0.7032
vn -0.1686 0.4944 0.8527
vn -0.9182 -0.0082 -0.3961
vn -0.7660 -0.1602 -0.6225
vn -0.9288 0.2397 -0.2826
vn -0.8993 0.2444 -0.3626
vn -0.7370 0.0137 0.6758
vn -0.9044 0.1043 -0.4137
vn -0.2894 0.5163 0.8060
vn -0.7860 -0.1269 -0.6050
vn -0.8915 0.2697 -0.3641
vn -0.8674 0.1811 -0.4635
vn -0.8078 0.1196 -0.5772
vn -0.2421 0.6000 0.7625
vn -0.2997 0.2523 -0.9201
vn -0.8109 0.4314 -0.3954
vn -0.9167 -0.2303 0.3267
vn -0.7530 -0.4486 -0.4814
vn 0.6870 0.2586 0.6791
vn -0.8682 0.4800 0.1262
vn -0.3218 0.4104 0.8532
vn -0.8995 0.4366 0.0163
vn -0.6063 0.2053 -0.7682
vn -0.8621 0.2331 0.4500
vn -0.9865 -0.1265 -0.1041
vn -0.3620 0.9253 -0.1128
vn 0.0963 0.9041 0.4162
vn -0.8687 -0.1242 -0.4796
vn -0.5598 0.6845 0.4671
vn -0.7123 -0.2691 -0.6482
vn -0.7991 0.5829 0.1471
vn 0.5733 0.7834 0.2399
vn 0.0854 0.7100 -0.6990
vn 0.5761 0.8042 -0.1464
vn -0.7429 0.1543 -0.6514
vn 0.9689 0.2258 0.1011
vn 0.9689 0.2259 0.1011
vn 0.9558 0.2856 0.0696
vn -0.8288 -0.5297 -0.1803
vn -0.2586 0.6948 -0.6711
vn 0.7370 0.3813 0.5581
vn 0.0380 0.9680 -0.2481
vn -0.4453 0.8847 -0.1383
vn -0.2644 0.9123 -0.3126
vn -0.8251 0.5131 0.2366
vn -0.6627 0.2500 0.7059
vn -0.8414 -0.3462 0.4150
vn -0.7065 0.6968 0.1239
vn -0.5187 0.8297 -0.2064
vn -0.9028 0.4087 0.1337
vn -0.7155 0.4062 0.5684
vn -0.5337 0.6679 0.5186
vn -0.6248 0.3369 0.7043
vn -0.0953 0.6622 0.7432
vn -0.3601 0.5478 0.7552
vn -0.6401 0.6868 0.3444
vn 0.3698 -0.8491 0.3773
vn 0.7050 0.0443 0.7078
vn -0.6183 0.0476 0.7845
vn 0.0883 0.3034 0.9488
vn -0.8731 0.3876 0.2957
vn -0.4217 -0.4997 0.7566
vn 0.6344 -0.0262 0.7725
vn -0.4794 -0.1006 0.8718
vn -0.9567 0.2702 -0.1087
vn -0.9544 -0.2987 0.0047
vn 0.1362 -0.1572 -0.9781
vn 0.2016 -0.1770 -0.9633
vn -0.2841 0.0030 0.9588
vn -0.8248 0.5427 0.1585
vn -0.9286 -0.2963 0.2233
vn -0.4577 0.6424 0.6147
vn -0.5695 -0.1535 0.8075
vn -0.4060 0.1989 -0.8920
vn -0.3829 0.1512 -0.9113
vn -0.9131 0.2707 0.3050
vn -0.9442 0.3276 -0.0343
vn -0.8973 -0.1070 0.4283
vn -0.8935 -0.0420 0.4472
vn -0.8561 -0.0227 0.5162
vn -0.8561 -0.0228 0.5164
vn 0.2711 0.5491 -0.7905
vn 0.2538 0.5774 -0.7761
vn 0.2538 0.5773 -0.7761
vn -0.8163 -0.5768 0.0306
vn -0.8591 0.4688 -0.2054
vn -0.6559 -0.5950 0.4645
vn -0.6716 -0.1131 0.7322
vn -0.6632 0.4660 0.5856
vn -0.3205 -0.5342 0.7822
vn -0.9279 0.2835 0.2421
vn -0.3361 -0.4111 0.8474
vn -0.9955 -0.0208 -0.0926
vn -0.6333 0.5130 0.5795
vn -0.3310 -0.9406 0.0762
vn -0.9270 0.3660 0.0823
vn -0.8090 0.4272 -0.4038
vn -0.4625 0.2557 -0.8489
vn -0.4786 0.2296 -0.8475
vn -0.8595 0.3858 -0.3351
vn -0.8617 0.0201 0.5070
vn -0.3878 -0.8161 0.4285
vn -0.7213 0.3752 0.5823
vn -0.9065 0.3141 0.2821
vn -0.3195 0.5579 -0.7660
vn -0.3424 0.5439 -0.7661
vn -0.3068 0.5171 -0.7991
vn -0.3069 0.5171 -0.7990
vn 0.2988 0.0358 0.9536
vn -0.2759 -0.3461 0.8967
vn -0.0999 -0.8687 0.4851
vn -0.7524 -0.2737 0.5991
vn 0.2983 0.6402 0.7079
vn 0.0526 -0.5158 0.8551
vn 0.4936 0.7976 0.3466
vn -0.5734 0.7759 0.2629
vn -0.0996 -0.1807 0.9785
vn 0.3703 0.0870 0.9248
vn -0.1296 0.9823 0.1351
vn -0.4073 -0.0606 0.9113
vn -0.8871 0.3992 0.2316
vn -0.6508 0.6397 -0.4089
vn -0.5424 0.5812 0.6067
vn -0.8393 0.4362 0.3246
vn -0.7408 0.4547 0.4944
vn -0.2867 0.7138 0.6390
vn -0.6799 0.4871 -0.5482
vn -0.8584 0.3592 -0.3663
vn -0.3490 -0.5335 0.7704
vn -0.8777 0.4471 0.1725
vn -0.8286 0.1521 -0.5388
vn 0.0947 0.7060 0.7019
vn -0.6451 0.3404 -0.6841
vn -0.5808 0.8133 0.0350
vn 0.0984 -0.3553 0.9296
vn 0.0471 -0.4158 0.9082
vn -0.3332 0.6155 -0.7143
vn -0.5755 -0.2195 0.7878
vn -0.8079 0.4051 0.4280
vn -0.8093 -0.2007 -0.5521
vn -0.9312 0.0725 0.3572
vn 0.2068 0.8468 -0.4901
vn -0.1016 0.9366 -0.3353
vn -0.9218 0.3746 0.0995
vn -0.9218 0.3747 0.0996
vn -0.9221 0.3733 0.1017
vn -0.9378 0.3411 0.0645
vn -0.4719 0.0048 -0.8817
vn -0.2135 0.7815 -0.5863
vn 0.8968 0.2637 -0.3553
vn 0.8968 0.2903 -0.3338
vn 0.7330 0.5949 -0.3299
vn 0.7475 0.5647 -0.3497
vn 0.7322 0.5572 -0.3917
vn 0.6301 0.6088 -0.4819
vn 0.6297 0.6089 -0.4824
vn 0.6326 0.6072 -0.4807
vn 0.6666 0.6218 -0.4111
vn 0.6666 0.6218 -0.4110
vn -0.9225 0.3569 -0.1469
vn 0.3239 0.8016 -0.5025
vn -0.5300 0.4153 0.7393
vn -0.4954 0.4626 0.7352
vn 0.9851 -0.1094 0.1327
vn 0.9835 -0.0586 0.1710
vn 0.9851 -0.1096 0.1329
vn 0.9839 -0.1331 0.1196
vn -0.9245 0.0963 -0.3689
vn -0.8455 0.5337 0.0152
vn -0.8397 0.5404 0.0527
vn 0.0140 0.1987 -0.9800
vn 0.2718 0.7578 -0.5932
vn 0.0666 0.9975 -0.0233
vn 0.0666 0.9975 -0.0234
vn 0.0328 0.9994 0.0059
vn -0.5927 0.7456 -0.3046
vn -0.4176 0.3801 -0.8254
vn -0.4073 0.2194 -0.8865
vn -0.5832 -0.3928 -0.7110
vn -0.5199 -0.5723 -0.6342
vn -0.4839 -0.1271 -0.8658
vn -0.3525 0.6252 -0.6964
vn -0.2744 0.9134 0.3007
vn 0.1731 -0.1709 -0.9700
vn -0.8232 0.2221 -0.5225
vn -0.4660 0.8744 -0.1348
vn 0.8014 -0.5551 0.2228
vn 0.8014 -0.5552 0.2228
vn 0.7654 -0.5980 0.2378
vn -0.9523 0.2315 0.1989
vn -0.3508 0.9222 -0.1628
vn -0.8528 0.1746 0.4922
vn -0.2588 0.9113 -0.3202
vn -0.5713 0.8167 -0.0812
vn -0.2077 0.6440 0.7363
vn -0.2769 0.6206 0.7336
vn -0.6274 -0.2110 0.7496
vn -0.6416 0.6427 0.4187
vn -0.2283 0.9501 0.2128
vn -0.8528 0.1469 0.5012
vn 0.0865 0.1449 -0.9857
vn -0.3640 -0.0609 -0.9294
vn -0.7885 0.5787 0.2083
vn -0.8504 0.3844 0.3593
vn -0.8305 0.4421 0.3388
vn -0.6102 0.7171 0.3368
vn -0.6463 -0.0309 0.7624
vn -0.8188 0.1441 0.5557
vn -0.8084 0.5590 -0.1843
vn -0.2741 0.8172 -0.5069
vn -0.6565 -0.7168 0.2350
vn -0.5972 0.3682 0.7126
vn -0.8400 0.3374 0.4249
vn -0.7638 0.6453 -0.0111
vn 0.9260 -0.2678 -0.2660
vn 0.9185 -0.2921 -0.2665
vn -0.5800 0.6422 0.5011
vn -0.6696 0.6207 0.4080
vn -0.6453 0.6735 -0.3605
vn -0.7699 0.5656 -0.2956
vn -0.8152 0.3823 -0.4351
vn -0.5244 0.7864 -0.3263
vn -0.7655 0.3846 0.5158
vn -0.6319 0.5473 0.5488
vn -0.9457 -0.0932 0.3114
vn -0.7748 -0.0448 0.6306
vn -0.8425 0.4369 0.3151
vn 0.6179 -0.2423 -0.7480
vn -0.1365 0.3272 -0.9350
vn -0.5488 0.5388 -0.6391
vn -0.2436 0.9437 -0.2238
vn -0.4569 -0.3731 -0.8075
vn 0.1727 0.3330 -0.9270
vn 0.2271 0.2033 -0.9524
vn -0.9939 0.0148 0.1089
vn -0.4705 0.3441 -0.8126
vn -0.7294 -0.3652 -0.5785
vn -0.7018 0.3795 0.6029
vn -0.3934 0.8294 -0.3967
vn -0.9131 0.4057 -0.0407
vn 0.3228 0.2181 -0.9210
vn -0.4442 0.3507 -0.8244
vn -0.4286 0.4342 -0.7924
vn -0.4573 0.5556 -0.6944
vn -0.5843 0.2189 -0.7815
vn -0.9662 0.2565 0.0251
vn -0.9662 0.2564 0.0251
vn -0.9635 0.2483 0.1000
vn -0.9568 0.2365 0.1690
vn -0.9325 -0.2552 -0.2555
vn -0.6858 -0.0694 -0.7245
vn -0.9359 -0.0708 0.3451
vn -0.8032 0.4862 0.3441
vn -0.3075 -0.2730 -0.9115
vn -0.4221 0.6039 -0.6762
vn -0.5503 -0.1815 0.8150
vn -0.7409 0.3833 -0.5514
vn -0.3730 -0.1771 -0.9108
vn 0.3666 0.0220 -0.9301
vn 0.1821 0.0926 -0.9789
vn -0.2379 0.1941 -0.9517
vn 0.0851 -0.1274 -0.9882
vn -0.9924 0.0162 -0.1221
vn -0.9928 0.0897 -0.0800
vn 0.9459 -0.2661 -0.1853
vn 0.9504 -0.2555 -0.1770
vn 0.9506 -0.2575 -0.1736
vn 0.9463 -0.2672 -0.1819
vn -0.7686 0.4292 -0.4744
vn -0.8173 0.4450 0.3660
vn -0.3787 0.7622 -0.5250
vn -0.0890 0.9535 -0.2880
vn -0.0943 0.9542 -0.2839
vn -0.0938 0.9539 -0.2851
vn -0.1012 0.9484 -0.3005
vn -0.1253 0.9495 -0.2875
vn -0.7457 0.6340 0.2050
vn -0.7037 0.6894 0.1716
vn -0.2752 0.0900 -0.9572
vn -0.7588 -0.4306 -0.4887
vn -0.3198 0.3772 -0.8692
vn -0.5416 0.1962 -0.8174
vn -0.1700 -0.2490 -0.9535
vn 0.0370 0.2140 -0.9761
vn -0.0202 0.9964 0.0827
vn 0.0508 0.9963 0.0691
vn -0.5453 0.5212 -0.6565
vn -0.6800 0.6214 -0.3893
vn -0.7793 0.2692 0.5659
vn 0.0375 0.6195 -0.7841
vn 0.0994 0.9940 0.0457
vn -0.7901 0.2252 0.5701
vn 0.1324 0.9717 -0.1957
vn -0.2305 0.9726 0.0308
vn -0.5241 0.1019 -0.8455
vn -0.8988 0.4176 0.1331
vn -0.8942 0.4193 0.1566
vn -0.8755 0.4536 0.1666
vn -0.0055 0.9300 0.3676
vn 0.1742 0.9831 -0.0561
vn -0.9794 0.1691 -0.1101
vn -0.9865 0.1128 -0.1186
vn -0.9866 0.1127 -0.1183
vn 0.0611 0.9616 0.2676
vn 0.1022 0.9853 0.1370
vn 0.0781 0.9952 -0.0581
vn -0.7500 0.0759 0.6571
vn -0.9777 0.0371 -0.2067
vn -0.3375 0.1342 -0.9317
vn 0.1073 0.9857 -0.1301
vn -0.7153 0.3964 -0.5756
vn -0.4929 0.5001 -0.7120
vn -0.6156 0.3649 0.6984
vn -0.4479 0.5489 -0.7058
vn -0.8422 0.3092 -0.4416
vn -0.7728 0.4886 0.4051
vn -0.7839 0.4282 0.4496
vn -0.5207 -0.3091 -0.7958
vn -0.2767 0.6908 -0.6680
vn -0.8288 -0.4999 -0.2513
vn -0.0878 0.6455 -0.7587
vn -0.7187 0.6813 -0.1391
vn -0.7166 0.3061 0.6267
vn -0.2628 -0.3358 -0.9045
vn 0.2622 0.9550 0.1386
vn -0.3678 -0.0853 -0.9260
vn -0.6640 -0.1019 0.7408
vn -0.6641 -0.1015 0.7407
vn -0.4317 -0.0311 -0.9015
vn 0.3328 0.9182 -0.2150
vn -0.0070 -0.9999 -0.0148
vn -0.0048 -1.0000 -0.0043
vn -0.0184 -0.9998 0.0021
vn -0.0158 -0.9999 0.0024
vn -0.0325 -0.9994 0.0140
vn -0.0138 -0.9997 -0.0192
vn -0.0113 -0.9999 0.0044
vn 0.0122 -0.9993 0.0357
vn -0.0245 -0.9996 -0.0134
vn -0.0224 -0.9997 -0.0095
vn -0.0213 -0.9997 -0.0080
vn -0.0217 -0.9997 -0.0081
vn -0.0064 -0.9999 0.0079
vn -0.0231 -0.9997 -0.0104
vn 0.0106 -0.9997 -0.0236
vn -0.0129 -0.9999 0.0068
vn -0.0119 -0.9999 0.0021
vn -0.0109 -0.9998 0.0146
vn -0.0119 -0.9999 0.0054
vn -0.0160 -0.9998 -0.0114
vn -0.0143 -0.9999 0.0082
vn -0.0120 -0.9999 -0.0008
vn -0.0102 -0.9999 0.0024
vn -0.0108 -0.9999 0.0030
vn -0.0137 -0.9999 0.0023
vn -0.0069 -0.9999 -0.0141
vn 0.0245 -0.9986 0.0470
vn 0.0208 -0.9988 0.0444
vn 0.0214 -0.9988 0.0435
vn -0.0133 -0.9999 0.0031
vn -0.0148 -0.9999 0.0027
vn -0.0149 -0.9999 0.0026
vn -0.0150 -0.9999 0.0016
vn 0.0185 -0.9994 -0.0277
vn -0.3441 0.9345 0.0916
vn -0.3348 0.9388 0.0813
vn -0.3348 0.9388 0.0814
vn -0.5864 0.7860 0.1959
vn -0.5864 0.7860 0.1960
vn -0.5524 0.8060 0.2125
vn 0.4366 -0.8993 -0.0236
vn 0.9398 -0.0273 0.3406
vn 0.9044 0.1589 0.3959
vn 0.8880 0.0473 0.4575
vn 0.4305 -0.2554 0.8657
vn 0.4530 0.6163 0.6442
vn 0.5003 0.6000 0.6243
vn 0.5003 0.5999 0.6243
vn -0.2741 0.6151 -0.7392
vn -0.2742 0.6151 -0.7392
vn -0.2229 0.5955 -0.7718
vn -0.2311 0.8621 0.4509
vn -0.2460 0.8409 0.4820
vn -0.2460 0.8410 0.4820
vn 0.9904 0.0601 -0.1245
vn 0.6084 0.6079 -0.5102
vn 0.8924 0.2573 0.3707
vn 0.5523 -0.2862 0.7829
vn 0.6379 -0.6449 0.4209
vn 0.7404 -0.2433 -0.6266
vn 0.9307 -0.0644 -0.3602
vn 0.8995 -0.3717 0.2297
vn 0.9155 -0.2095 0.3434
vn 0.8375 -0.5401 0.0833
vn 0.5246 -0.1823 -0.8316
vn 0.8287 -0.2422 0.5045
vn 0.8764 -0.3913 0.2807
vn 0.6049 -0.3761 0.7018
vn -0.7840 -0.2942 0.5466
vn -0.7862 -0.2921 0.5446
vn -0.7863 -0.3038 0.5380
vn -0.7834 -0.3051 0.5414
vn 0.8183 -0.5717 -0.0591
vn 0.7821 -0.6065 -0.1428
vn 0.6891 -0.3372 0.6415
vn 0.8289 -0.5424 0.1373
vn 0.5110 -0.8192 0.2605
vn 0.7835 -0.4876 0.3852
vn 0.6308 0.0326 0.7752
vn 0.6337 0.0522 0.7718
vn 0.8780 -0.4376 -0.1941
vn 0.7840 -0.6024 0.1500
vn 0.7628 0.0636 0.6435
vn 0.9539 0.0858 0.2877
vn 0.1435 0.1627 -0.9762
vn 0.1474 0.2052 -0.9676
vn -0.8844 -0.1853 -0.4283
vn -0.8702 -0.1741 -0.4610
vn 0.7325 0.4800 -0.4827
vn 0.2901 0.3802 -0.8783
vn 0.2901 0.3802 -0.8782
vn 0.2673 0.3393 -0.9019
vn 0.8859 -0.4253 -0.1850
vn 0.8714 -0.4432 -0.2102
vn 0.8960 -0.3943 -0.2041
vn 0.8960 -0.3942 -0.2041
vn 0.9682 -0.2478 0.0355
vn 0.8458 -0.4561 0.2769
vn 0.8828 0.0642 0.4653
vn 0.9958 -0.0001 0.0920
vn 0.9894 -0.0537 0.1353
vn 0.9981 0.0081 0.0605
vn 0.9926 -0.0294 0.1176
vn 0.9934 -0.0282 0.1111
vn 0.9937 -0.0242 0.1092
vn 0.9949 -0.0754 0.0676
vn 0.9936 0.0577 0.0976
vn 0.9933 0.0591 0.0993
vn 0.9853 0.0429 0.1654
vn 0.9853 0.0430 0.1654
vn 0.9318 0.2783 -0.2329
vn 0.9586 -0.1030 0.2655
vn 0.9538 -0.1366 0.2677
vn -0.1695 0.9845 -0.0453
vn -0.1706 0.9792 -0.1097
vn 0.7316 -0.5978 0.3277
vn 0.8912 -0.2699 0.3646
vn 0.3688 -0.0153 0.9294
vn 0.3397 0.0133 0.9405
vn 0.3566 0.0829 0.9306
vn 0.3125 -0.4133 0.8553
vn 0.6968 -0.4319 0.5727
vn 0.9234 -0.1234 0.3634
vn 0.8690 -0.1124 0.4819
vn -0.4287 0.8429 -0.3252
vn -0.4873 0.8319 -0.2655
vn -0.6674 0.1989 -0.7176
vn -0.5260 0.8353 0.1601
vn -0.9080 -0.0816 -0.4108
vn -0.7286 0.6789 0.0913
vn -0.1820 0.9761 -0.1183
vn -0.1821 0.9761 -0.1184
vn -0.2502 0.9540 -0.1652
vn -0.5718 0.6460 -0.5058
vn -0.2577 0.5981 -0.7588
vn -0.5177 0.8555 0.0114
vn -0.8186 0.5633 -0.1122
vn -0.8183 0.5640 -0.1113
vn -0.8184 0.5642 -0.1089
vn -0.8185 0.5644 -0.1070
vn 0.0078 -0.0653 0.9978
vn 0.0472 -0.0611 0.9970
vn -0.5309 0.8428 -0.0885
vn 0.1024 0.9825 -0.1555
vn -0.3505 0.9356 -0.0427
vn 0.1713 0.8485 -0.5006
vn -0.8209 0.5669 -0.0683
vn -0.9121 -0.2654 -0.3123
vn -0.9121 -0.2654 -0.3124
vn -0.9102 -0.2313 -0.3436
vn -0.9458 -0.1668 -0.2786
vn -0.9463 -0.1887 -0.2625
vn -0.5948 0.8028 -0.0417
vn -0.0680 0.9917 0.1089
vn -0.2086 0.9571 -0.2012
vn -0.7041 0.4539 -0.5460
vn -0.7042 0.4539 -0.5460
vn -0.6958 0.4451 -0.5636
vn -0.8947 -0.3889 -0.2196
vn -0.8947 -0.3889 -0.2197
vn -0.9067 -0.3727 -0.1974
vn -0.6292 0.7771 -0.0154
vn -0.5212 0.5931 -0.6136
vn -0.6481 0.6651 -0.3709
vn -0.7897 0.4090 -0.4574
vn -0.3968 0.0078 0.9179
vn -0.3872 -0.0270 0.9216
vn -0.2595 0.5480 -0.7952
vn -0.0908 0.7471 0.6585
vn -0.9938 0.0871 0.0695
vn -0.9375 0.1273 0.3238
vn -0.7201 0.6402 -0.2675
vn 0.0589 0.9865 0.1528
vn -0.7122 0.1667 -0.6819
vn -0.8388 0.3418 0.4237
vn -0.5721 0.7253 -0.3830
vn -0.8364 0.4638 -0.2920
vn -0.8362 0.4643 -0.2921
vn -0.8361 0.4634 -0.2937
vn -0.8364 0.4630 -0.2933
vn -0.2257 0.7636 -0.6050
vn -0.2187 0.7445 -0.6307
vn -0.1318 0.9158 -0.3793
vn -0.5075 0.6854 -0.5222
vn -0.9103 -0.4103 -0.0544
vn -0.7713 0.3423 -0.5366
vn -0.9262 -0.3205 -0.1984
vn -0.7688 0.5144 -0.3798
vn -0.6291 0.7316 -0.2628
vn 0.2137 0.6542 -0.7255
vn 0.3651 0.9210 0.1358
vn -0.5433 0.7953 -0.2689
vn -0.5302 0.4479 0.7199
vn -0.5302 0.4478 0.7199
vn -0.5160 0.4543 0.7262
vn -0.5159 0.4544 0.7262
vn -0.6537 0.4312 -0.6218
vn -0.8195 0.4877 -0.3009
vn -0.6516 0.7584 -0.0143
vn 0.2406 0.6741 0.6983
vn -0.4399 0.8757 0.1992
vn 0.8554 0.1982 0.4785
vn 0.8701 0.1487 0.4699
vn -0.7131 0.5457 -0.4402
vn -0.7130 0.5454 -0.4406
vn 0.5891 0.8065 0.0494
vn 0.6259 0.7747 0.0899
vn -0.4343 0.7992 0.4156
vn -0.4947 0.8545 0.1585
vn -0.8165 0.5504 -0.1744
vn -0.8164 0.5505 -0.1743
vn -0.7731 0.6169 -0.1474
vn 0.0908 0.7613 -0.6420
vn 0.0521 0.7698 -0.6362
vn 0.0242 0.7235 -0.6899
vn -0.8842 0.4607 -0.0766
vn -0.8775 0.1028 -0.4684
vn -0.9565 0.1935 0.2185
vn -0.9473 0.2064 0.2451
vn -0.2354 0.9665 0.1023
vn 0.3184 0.8174 0.4801
vn -0.3393 0.9281 -0.1534
vn -0.9237 -0.0515 -0.3796
vn -0.5062 0.5946 -0.6247
vn -0.2105 0.4410 -0.8725
vn -0.2532 0.7292 -0.6357
vn 0.4839 0.2230 -0.8462
vn 0.0949 0.3339 -0.9378
vn -0.3744 0.8735 -0.3111
vn -0.3287 0.9434 -0.0448
vn 0.2393 0.9636 0.1189
vn 0.1687 0.9721 0.1630
vn -0.5124 0.8391 -0.1829
vn -0.5288 0.7068 -0.4700
vn -0.5386 0.7082 -0.4564
vn -0.4817 0.7514 -0.4510
vn -0.5065 0.7232 -0.4696
vn -0.8447 0.4766 0.2438
vn -0.6143 0.5604 -0.5554
vn -0.6133 0.5612 -0.5558
vn -0.6124 0.5592 -0.5588
vn -0.6134 0.5583 -0.5585
vn -0.6699 0.7424 -0.0034
vn -0.8225 0.3152 0.4734
vn -0.5892 0.7988 -0.1212
vn 0.0319 0.9896 -0.1400
vn -0.4055 0.0552 0.9124
vn -0.2639 0.8257 0.4986
vn -0.2177 0.8451 -0.4883
vn -0.9082 0.1596 0.3870
vn -0.2076 0.9530 -0.2208
vn -0.2762 0.7355 -0.6186
vn 0.2905 0.9509 0.1067
vn -0.7585 0.4747 0.4464
vn 0.1337 0.9621 0.2376
vn -0.5051 0.7339 -0.4541
vn -0.5017 0.7356 -0.4552
vn -0.5017 0.7289 -0.4659
vn -0.5043 0.7282 -0.4642
vn 0.2669 0.8743 -0.4055
vn -0.0311 0.9718 -0.2337
vn -0.9664 0.2476 -0.0691
vn -0.7391 0.3104 0.5978
vn -0.6459 0.7608 0.0631
vn 0.8077 0.5732 -0.1377
vn 0.4694 0.7494 -0.4669
vn 0.6813 0.7230 -0.1144
vn 0.0773 0.8754 -0.4771
vn -0.0479 0.7690 -0.6375
vn -0.5227 0.6587 -0.5413
vn 0.5775 0.5171 -0.6318
vn -0.9224 0.3483 -0.1670
vn -0.5606 -0.4551 -0.6919
vn -0.5916 -0.2432 -0.7687
vn -0.5613 -0.1574 -0.8125
vn -0.9260 -0.3060 -0.2211
vn -0.9134 -0.3403 -0.2233
vn -0.9091 -0.3286 -0.2562
vn -0.9035 -0.3297 -0.2739
vn -0.9035 -0.3298 -0.2739
vn -0.7331 0.2966 -0.6121
vn -0.9096 0.4123 0.0514
vn -0.0715 0.2058 -0.9760
vn -0.8753 0.3251 0.3580
vn -0.9083 -0.3517 0.2265
vn -0.9002 -0.3795 0.2134
vn -0.8599 0.4658 -0.2087
vn -0.8946 -0.2808 -0.3478
vn -0.8925 -0.2762 -0.3566
vn -0.8948 -0.2699 -0.3556
vn -0.8967 -0.2745 -0.3472
vn -0.6387 0.7676 -0.0539
vn -0.3802 -0.3717 -0.8469
vn -0.6890 0.7194 -0.0877
vn -0.9181 0.0197 -0.3958
vn -0.4293 0.8710 -0.2390
vn -0.9570 0.1915 -0.2177
vn -0.5749 0.6640 -0.4781
vn -0.8431 0.0092 -0.5377
vn -0.7114 0.6295 -0.3124
vn 0.9566 0.1978 -0.2138
vn -0.0104 0.8027 -0.5964
vn -0.3636 0.8316 -0.4198
vn -0.1708 0.3333 -0.9272
vn -0.6343 0.6081 -0.4773
vn -0.7622 0.6070 0.2248
vn -0.7360 0.6312 -0.2448
vn -0.3486 0.6603 0.6652
vn -0.9994 0.0237 0.0244
vn -0.9855 0.1653 -0.0383
vn 0.2189 0.8707 -0.4405
vn -0.6274 0.6092 -0.4851
vn -0.4769 0.8141 -0.3313
vn -0.5101 0.8056 -0.3015
vn -0.8093 0.5281 -0.2571
vn -0.0985 0.7835 -0.6135
vn -0.1783 0.9838 0.0201
vn -0.8468 0.2096 -0.4890
vn 0.5810 0.7144 0.3900
vn 0.5069 -0.2524 -0.8242
vn -0.6300 0.5699 0.5276
vn -0.9669 0.1902 -0.1701
vn -0.6844 0.7227 -0.0964
vn -0.1267 0.9847 -0.1197
vn -0.2493 -0.6870 -0.6825
vn 0.0683 0.0953 0.9931
vn 0.0597 0.1324 0.9894
vn 0.0683 0.0952 0.9931
vn -0.7586 0.3881 0.5234
vn -0.3201 0.8622 0.3927
vn -0.6707 0.6295 0.3924
vn -0.7976 0.4871 0.3559
vn 0.3874 0.6659 -0.6375
vn 0.4852 0.8638 0.1358
vn -0.4117 0.7814 -0.4690
vn -0.2786 0.9281 -0.2469
vn 0.7385 -0.2934 -0.6072
vn -0.8187 0.5742 -0.0048
vn -0.3837 0.1247 0.9150
vn -0.3913 0.1039 0.9144
vn 0.8967 0.4365 -0.0736
vn 0.8178 0.5309 -0.2219
vn -0.7241 0.3437 -0.5979
vn -0.8524 0.5190 -0.0647
vn -0.9884 0.1448 0.0466
vn -0.7399 -0.1067 -0.6642
vn -0.5552 0.4737 -0.6836
vn -0.8584 0.2740 -0.4338
vn -0.7507 0.0806 -0.6557
vn -0.7515 0.6598 0.0030
vn -0.9435 0.2952 -0.1509
vn -0.8995 0.1258 -0.4185
vn -0.9265 0.3509 0.1360
vn -0.0388 0.9807 0.1919
vn -0.2927 0.8166 -0.4975
vn -0.0418 0.3951 -0.9177
vn -0.7938 -0.5316 -0.2956
vn -0.4413 0.8467 0.2972
vn -0.3910 0.8523 0.3474
vn -0.4699 0.8220 0.3219
vn -0.9713 -0.2371 -0.0202
vn 0.4457 0.7413 0.5018
vn -0.7161 0.5123 -0.4742
vn -0.7159 0.5123 -0.4744
vn -0.6902 0.5723 -0.4427
vn -0.6903 0.5723 -0.4427
vn -0.9276 0.3236 -0.1868
vn 0.5379 0.4932 0.6837
vn -0.1569 0.7822 0.6029
vn -0.5508 0.0289 -0.8342
vn 0.5979 0.2246 0.7695
vn -0.9963 0.0562 -0.0648
vn -0.9027 -0.1786 0.3915
vn 0.5579 0.6601 0.5029
vn -0.2799 0.0238 -0.9597
vn -0.9155 0.3990 -0.0512
vn -0.9155 0.3991 -0.0512
vn -0.8969 0.4338 -0.0856
vn 0.2943 0.8563 0.4244
vn 0.2944 0.9247 0.2414
vn -0.8481 0.3479 0.3996
vn -0.8481 0.3479 0.3995
vn -0.8414 0.3966 0.3672
vn 0.1225 0.9916 0.0405
vn -0.9285 0.1398 -0.3440
vn -0.0819 0.8704 0.4855
vn 0.6999 0.2884 0.6535
vn -0.0220 0.9159 0.4007
vn -0.1104 0.9714 0.2102
vn -0.2512 0.8501 -0.4628
vn -0.2810 0.8498 -0.4461
vn -0.2810 0.8497 -0.4461
vn 0.6202 0.2465 0.7447
vn -0.6332 0.6807 0.3684
vn -0.4131 -0.4789 0.7746
vn 0.0727 0.5192 0.8516
vn -0.8624 0.2552 -0.4372
vn 0.9867 0.0312 0.1594
vn 0.9861 0.0526 0.1577
vn -0.7669 0.6354 0.0898
vn -0.8595 0.5091 0.0461
vn -0.8344 0.3851 0.3943
vn -0.9436 0.3140 -0.1049
vn -0.7602 0.6137 0.2133
vn -0.9568 0.1798 -0.2286
vn -0.5778 0.5706 -0.5836
vn -0.6726 0.4815 -0.5620
vn 0.9686 0.2196 -0.1163
vn 0.9686 0.2196 -0.1164
vn 0.9708 0.2265 -0.0789
vn 0.9708 0.2265 -0.0788
vn -0.9532 0.3013 0.0234
vn -0.8107 0.3899 -0.4367
vn -0.9273 0.3047 -0.2175
vn -0.9987 0.0515 -0.0039
vn -0.9776 0.2066 -0.0399
vn -0.8659 -0.3294 0.3765
vn 0.9264 0.2259 0.3013
vn 0.6521 0.7580 -0.0130
vn -0.9067 0.0095 0.4217
vn -0.3955 0.7011 0.5933
vn -0.5927 -0.5777 0.5612
vn -0.7812 0.6242 -0.0019
vn 0.1943 0.9565 0.2175
vn -0.4551 0.8785 -0.1451
vn -0.4767 0.8615 -0.1750
vn -0.0382 0.7959 0.6042
vn -0.6562 -0.7537 -0.0364
vn 0.4608 0.5966 0.6571
vn -0.1321 0.4338 -0.8913
vn -0.8543 -0.5197 0.0069
vn -0.0317 0.4411 -0.8969
vn 0.1435 0.2988 0.9434
vn -0.2401 0.8331 -0.4983
vn -0.3029 0.7950 -0.5257
vn -0.3029 0.7950 -0.5256
vn -0.0418 0.8231 0.5664
vn 0.3653 0.7666 0.5281
vn 0.9366 0.2094 -0.2810
vn 0.9458 0.2482 -0.2096
vn 0.9458 0.2483 -0.2095
vn 0.9366 0.2094 -0.2809
vn -0.4102 0.8995 -0.1503
vn -0.1176 0.8031 0.5842
vn -0.0142 0.8594 0.5110
vn -0.1484 0.9742 0.1698
vn -0.2536 0.9279 0.2734
vn -0.3198 0.7208 0.6150
vn 0.1461 -0.1380 0.9796
vn -0.1702 0.2502 0.9531
vn -0.0854 0.2432 0.9662
vn -0.6533 -0.1610 0.7398
vn -0.7349 -0.6539 0.1800
vn -0.1576 -0.4083 0.8991
vn -0.5732 -0.6814 0.4550
vn 0.6857 -0.1587 0.7104
vn -0.6418 -0.4861 0.5932
vn -0.2811 -0.9531 0.1123
vn -0.8492 0.5174 0.1057
vn 0.1880 0.3703 0.9097
vn -0.4278 -0.1591 -0.8897
vn -0.4244 -0.2159 -0.8793
vn -0.4244 -0.2159 -0.8794
vn -0.7451 0.6148 0.2585
vn -0.9033 -0.0297 -0.4279
vn -0.9133 -0.0892 -0.3973
vn -0.9133 -0.0892 -0.3974
vn -0.8789 -0.0997 -0.4665
vn -0.9339 -0.0278 0.3565
vn -0.9137 0.2075 -0.3493
vn -0.4629 -0.5044 -0.7290
vn -0.9220 0.2540 -0.2921
vn -0.6043 0.0343 0.7960
vn -0.9893 -0.0103 -0.1459
vn -0.9437 0.1753 0.2805
vn -0.8373 0.5460 0.0277
vn -0.9519 0.0256 0.3055
vn -0.9470 0.2731 0.1690
vn -0.8266 0.2170 -0.5193
vn -0.8244 0.2204 -0.5213
vn -0.8248 0.2198 -0.5210
vn -0.8269 0.2164 -0.5190
vn 0.3723 -0.0336 0.9275
vn 0.3442 -0.0456 0.9378
vn -0.6537 0.6693 0.3530
vn -0.3035 -0.1735 0.9369
vn -0.7251 0.5948 -0.3470
vn -0.9191 0.2859 0.2709
vn -0.2593 -0.7408 -0.6197
vn -0.2879 -0.7265 -0.6239
vn -0.2889 -0.7721 -0.5661
vn -0.2592 -0.7408 -0.6197
vn -0.8250 -0.0040 0.5651
vn -0.8558 0.4380 0.2754
vn -0.8724 0.4560 0.1762
vn -0.8522 0.4987 0.1587
vn -0.8521 0.4987 0.1586
vn -0.9684 0.1415 -0.2054
vn 0.8395 0.5433 0.0079
vn -0.3185 0.4083 0.8555
vn -0.9922 0.1138 -0.0502
vn -0.9641 0.1706 -0.2033
vn -0.9816 0.1138 -0.1536
vn -0.9426 0.0769 -0.3250
vn -0.2881 0.8407 0.4585
vn -0.2880 0.8407 0.4586
vn -0.2690 0.8317 0.4856
vn -0.2690 0.8317 0.4857
vn -0.9581 0.2396 -0.1568
vn -0.6823 -0.2393 0.6908
vn -0.2367 -0.8878 0.3948
vn 0.7303 0.5373 0.4219
vn -0.8501 0.0143 0.5265
vn -0.8501 0.0144 0.5265
vn -0.8525 0.0517 0.5201
vn -0.8744 0.0707 0.4801
vn -0.7493 -0.3734 -0.5469
vn -0.9167 0.3470 0.1979
vn -0.8651 -0.4520 0.2174
vn -0.8633 -0.4514 0.2258
vn -0.8628 -0.4532 0.2239
vn -0.2501 -0.7476 0.6153
vn -0.9161 -0.2365 0.3237
vn -0.8810 -0.3783 -0.2843
vn -0.7423 -0.2373 -0.6266
vn -0.6892 -0.2686 0.6730
vn -0.9915 0.0725 -0.1083
vn -0.8122 0.3401 0.4740
vn -0.2419 -0.8550 0.4588
vn -0.4137 -0.6186 0.6680
vn 0.6900 0.7164 0.1028
vn 0.6491 0.7453 0.1527
vn -0.5706 -0.3092 0.7608
vn -0.3824 -0.1407 0.9132
vn -0.3845 -0.1390 0.9126
vn -0.3845 -0.1384 0.9127
vn -0.3822 -0.1403 0.9134
vn -0.7648 -0.5463 0.3415
vn -0.9133 0.2688 -0.3061
vn -0.9671 0.0229 -0.2533
vn -0.6990 0.2776 0.6590
vn -0.1519 -0.2531 0.9554
vn -0.9491 0.1689 -0.2659
vn -0.9122 0.3382 -0.2312
vn -0.8461 0.3942 -0.3588
vn 0.1936 0.2588 0.9463
vn 0.1326 0.2188 0.9667
vn -0.7054 -0.4156 0.5742
vn -0.9667 0.2510 0.0495
vn -0.9549 0.0752 0.2874
vn -0.0945 0.9479 -0.3041
vn -0.0929 0.9513 -0.2939
vn -0.0939 0.9507 -0.2955
vn -0.0944 0.9474 -0.3058
vn -0.9203 0.1199 -0.3724
vn -0.9522 -0.2846 -0.1112
vn -0.4618 -0.5077 0.7273
vn -0.8754 0.3631 -0.3191
vn -0.5392 -0.6856 0.4890
vn -0.9163 -0.2503 0.3126
vn -0.5950 -0.4174 0.6868
vn -0.8305 0.0488 -0.5549
vn -0.6908 -0.5726 -0.4414
vn -0.8721 -0.1818 0.4542
vn -0.6920 -0.4858 0.5340
vn 0.5694 0.6285 -0.5299
vn 0.5411 0.6525 -0.5306
vn -0.9735 -0.1081 -0.2017
vn -0.5571 -0.7560 -0.3435
vn -0.7822 -0.3171 0.5363
vn -0.9358 0.3491 -0.0493
vn -0.7759 0.6305 -0.0207
vn -0.7499 0.6194 0.2323
vn -0.8968 0.1078 0.4291
vn -0.9689 0.1997 -0.1464
vn -0.9130 -0.4036 -0.0591
vn -0.4249 -0.4114 0.8064
vn -0.9724 0.2267 0.0560
vn -0.9528 0.0153 0.3033
vn -0.1958 0.3888 -0.9003
vn -0.2216 0.3244 -0.9196
vn -0.9750 0.1556 -0.1587
vn -0.9241 -0.3329 -0.1875
vn -0.8422 0.0784 -0.5334
vn -0.8199 0.2675 -0.5061
vn -0.7085 -0.4501 0.5436
vn -0.4728 -0.4210 0.7741
vn -0.7895 -0.1559 0.5936
vn -0.7313 0.6446 -0.2229
vn -0.6563 0.1514 0.7392
vn -0.8499 0.5268 0.0158
vn -0.7332 0.3761 0.5666
vn 0.3223 0.7253 -0.6084
vn 0.3198 0.7376 -0.5946
vn 0.3198 0.7376 -0.5947
vn 0.3606 0.7285 -0.5825
vn -0.8600 -0.0022 -0.5102
vn -0.7173 0.5883 0.3734
vn -0.7981 -0.3565 0.4857
vn -0.8642 0.0183 -0.5028
vn -0.9856 0.0490 0.1616
vn -0.4706 0.8547 -0.2190
vn -0.8957 0.4391 -0.0703
vn -0.8228 -0.2442 -0.5131
vn -0.9412 0.3373 -0.0203
vn -0.9180 -0.0103 0.3963
vn -0.8103 0.5852 -0.0308
vn -0.9546 -0.2305 -0.1886
vn -0.9683 -0.0600 0.2423
vn -0.7071 0.6272 -0.3267
vn -0.8657 0.3954 0.3070
vn -0.7085 0.0742 -0.7018
vn -0.2820 -0.8425 0.4590
vn -0.0540 0.5486 -0.8344
vn -0.5288 -0.7287 -0.4353
vn -0.4893 -0.6742 -0.5532
vn -0.9197 0.1539 -0.3611
vn -0.6619 -0.1693 -0.7302
vn -0.9088 -0.2308 -0.3475
vn -0.9769 0.1638 -0.1371
vn -0.8604 -0.3041 -0.4089
vn -0.6221 -0.7311 0.2803
vn 0.5628 0.1944 -0.8034
vn 0.5181 0.2468 -0.8189
vn 0.5271 0.2435 -0.8142
vn 0.5107 0.1982 -0.8366
vn -0.4156 0.7716 0.4815
vn 0.1376 0.2941 0.9458
vn -0.3174 0.8039 0.5030
vn -0.4361 0.3925 -0.8098
vn -0.3865 0.4296 0.8161
vn -0.9907 0.1312 -0.0371
vn 0.3041 0.9131 -0.2718
vn 0.3041 0.9130 -0.2718
vn 0.3420 0.9064 -0.2479
vn -0.6942 0.3700 0.6174
vn -0.1875 0.2536 -0.9490
vn -0.9899 0.0244 -0.1400
vn -0.9655 -0.2345 -0.1135
vn -0.3639 0.8684 0.3369
vn -0.2367 0.4984 -0.8340
vn -0.6524 0.1732 -0.7378
vn -0.9530 0.2135 0.2150
vn -0.9592 0.1800 0.2180
vn -0.9739 0.1806 0.1377
vn -0.6280 0.7704 0.1102
vn -0.5005 0.8616 -0.0843
vn -0.8966 0.4424 0.0215
vn -0.4488 0.5875 -0.6734
vn -0.3460 -0.0320 -0.9377
vn -0.3285 -0.0719 -0.9418
vn -0.1326 0.0724 -0.9885
vn -0.9819 0.1797 -0.0602
vn -0.9777 0.1672 -0.1269
vn -0.9466 -0.2271 -0.2289
vn 0.8205 -0.3625 0.4419
vn 0.8640 -0.3447 0.3670
vn 0.8640 -0.3446 0.3669
vn 0.8248 -0.4075 0.3919
vn 0.8126 -0.3714 0.4492
vn -0.6400 0.3728 0.6719
vn -0.8377 0.3996 -0.3723
vn 0.1577 0.8690 0.4691
vn -0.9863 -0.1487 -0.0710
vn -0.8178 0.2346 0.5256
vn 0.4518 0.6127 -0.6484
vn -0.8886 0.4145 -0.1963
vn -0.6827 -0.1344 -0.7182
vn -0.2166 0.8095 -0.5458
vn -0.5493 0.7379 0.3920
vn -0.7804 0.4933 -0.3842
vn 0.1658 -0.0880 0.9822
vn 0.1242 -0.1078 0.9864
vn 0.1241 -0.1079 0.9864
vn 0.1657 -0.0880 0.9822
vn 0.4128 0.5843 0.6987
vn -0.2871 0.4092 0.8661
vn -0.7164 0.2509 -0.6510
vn -0.7093 0.2324 -0.6656
vn -0.7093 0.2324 -0.6655
vn -0.5781 0.1147 0.8078
vn -0.4758 0.8750 0.0892
vn -0.9002 -0.3197 -0.2958
vn -0.7193 0.2753 0.6379
vn -0.7363 0.2654 0.6224
vn -0.7412 0.2044 0.6394
vn -0.7391 0.2134 0.6389
vn -0.9957 -0.0891 0.0265
vn -0.9920 -0.1057 0.0687
vn -0.9920 -0.1057 0.0686
vn -0.1611 0.7430 0.6496
vn -0.1775 0.7446 0.6435
vn -0.6875 0.6557 0.3119
vn -0.1032 0.8128 -0.5733
vn -0.5035 0.6974 -0.5100
vn 0.4731 0.4447 0.7605
vn -0.9302 0.0676 0.3607
vn -0.4514 0.8921 -0.0187
vn -0.4487 0.8934 -0.0208
vn -0.4493 0.8931 -0.0221
vn -0.4523 0.8916 -0.0190
vn -0.4725 0.7680 0.4324
vn -0.4230 0.7646 0.4864
vn -0.7694 0.6336 0.0812
vn -0.1852 0.2070 0.9607
vn -0.2995 0.7651 0.5700
vn -0.3978 0.4573 0.7954
vn -0.3979 0.4573 0.7953
vn -0.3977 0.4573 0.7954
vn -0.6644 0.7045 0.2496
vn -0.3367 0.1057 -0.9357
vn -0.5670 0.6049 -0.5591
vn -0.1305 0.8404 -0.5260
vn -0.1863 0.7664 -0.6148
vn 0.0180 0.9981 -0.0596
vn -0.0333 0.9979 -0.0547
vn 0.0183 0.9959 -0.0888
vn -0.6381 0.7376 0.2207
vn 0.0111 0.0605 0.9981
vn -0.7561 0.6545 0.0004
vn -0.6509 0.1646 -0.7411
vn -0.3088 0.9390 -0.1514
vn -0.5861 -0.4967 0.6401
vn -0.5967 -0.5331 0.5998
vn -0.5843 -0.4880 0.6484
vn -0.5803 -0.4935 0.6478
vn -0.9833 0.1605 -0.0857
vn -0.0388 0.7747 -0.6311
vn -0.0195 0.3545 -0.9349
vn -0.8124 0.1134 0.5719
vn 0.2482 0.6652 -0.7042
vn 0.2813 0.6507 -0.7053
vn 0.2448 0.6833 -0.6879
vn 0.1827 0.6864 -0.7039
vn 0.1821 0.6869 -0.7036
vn 0.1817 0.6872 -0.7034
vn 0.2412 0.6117 -0.7534
vn 0.2413 0.6117 -0.7534
vn -0.2866 0.8630 -0.4161
vn -0.3022 0.8663 -0.3977
vn -0.7853 0.1853 0.5907
vn 0.1598 0.6382 0.7531
vn -0.5703 0.3046 0.7629
vn -0.9491 0.3131 0.0331
vn -0.8509 0.2369 -0.4689
vn -0.9237 0.1298 -0.3605
vn -0.6385 0.4644 -0.6137
vn -0.4107 0.7475 0.5221
vn 0.7529 0.5450 -0.3691
vn 0.7513 0.5609 -0.3478
vn -0.5894 0.2460 0.7695
vn -0.7230 0.3692 -0.5840
vn -0.0394 0.6602 0.7500
vn -0.6856 0.0442 0.7267
vn -0.7434 0.3672 -0.5590
vn -0.7434 0.3671 -0.5591
vn -0.8325 0.1552 -0.5319
vn -0.8281 0.1503 -0.5401
vn -0.8274 0.1496 -0.5414
vn -0.8316 0.1546 -0.5334
vn -0.5055 0.6378 0.5811
vn -0.9535 0.3004 0.0260
vn -0.6198 0.7834 0.0464
vn -0.6262 0.7188 0.3019
vn -0.9298 0.0241 -0.3672
vn -0.8724 0.4724 -0.1255
vn -0.5160 0.2680 0.8136
vn -0.8142 0.4627 0.3508
vn -0.5194 0.6724 -0.5274
vn -0.6613 0.6447 0.3834
vn -0.2547 0.1255 0.9588
vn -0.8651 -0.3652 -0.3440
vn -0.4973 0.8132 -0.3024
vn -0.1418 0.6276 0.7655
vn -0.5892 0.7258 -0.3550
vn -0.9227 0.0779 -0.3776
vn 0.6076 0.1368 0.7824
vn 0.6101 0.1247 0.7825
vn 0.6128 0.1245 0.7804
vn 0.6102 0.1364 0.7804
vn -0.3465 0.4543 -0.8207
vn -0.3993 0.6086 -0.6857
vn -0.5042 0.6531 0.5649
vn -0.7547 -0.2253 -0.6162
vn 0.1481 0.9881 0.0411
vn 0.1611 0.9865 0.0309
vn -0.5378 0.8423 0.0353
vn -0.8694 0.4831 -0.1041
vn -0.9820 0.0872 0.1674
vn -0.9721 0.1610 0.1704
vn -0.6809 0.3661 0.6343
vn -0.3197 0.4756 -0.8195
vn -0.0666 0.9046 -0.4210
vn -0.5563 0.8288 -0.0598
vn -0.6368 0.6984 -0.3267
vn -0.3123 0.6308 0.7103
vn -0.3623 0.7741 0.5192
vn -0.5092 0.6528 0.5609
vn 0.0032 0.9706 -0.2406
vn -0.5734 -0.0587 -0.8172
vn -0.8027 0.2753 0.5290
vn -0.3005 0.2074 -0.9310
vn -0.2261 0.0537 0.9726
vn -0.5917 0.7905 -0.1583
vn 0.9929 -0.0215 -0.1166
vn 0.9891 -0.0339 -0.1430
vn -0.1480 -0.4309 -0.8902
vn -0.3209 0.8187 0.4761
vn -0.6814 0.6123 -0.4010
vn -0.9875 0.1010 -0.1208
vn -0.7579 0.2969 0.5810
vn -0.8728 0.4539 0.1795
vn -0.7664 0.6396 -0.0603
vn -0.6841 0.6118 0.3971
vn -0.6357 0.2001 -0.7456
vn -0.0762 0.9968 0.0224
vn -0.9884 0.1316 0.0759
vn 0.1681 0.8658 -0.4713
vn -0.4951 0.7260 0.4773
vn -0.2830 0.8177 0.5013
vn -0.6244 -0.1658 0.7633
vn -0.7856 0.4895 -0.3784
vn -0.0062 0.6079 0.7940
vn -0.0203 0.5724 0.8198
vn -0.0203 0.5723 0.8198
vn -0.9095 -0.0469 0.4130
vn -0.6337 0.4768 -0.6091
vn -0.8085 0.5733 -0.1328
vn -0.8910 0.0725 0.4483
vn -0.6547 0.5035 -0.5638
vn -0.9929 0.0433 -0.1107
vn -0.8747 -0.1087 0.4722
vn -0.7306 -0.0113 0.6827
vn -0.8772 -0.4773 0.0515
vn -0.9732 0.2256 0.0444
vn -0.9574 0.2887 -0.0073
vn -0.8052 0.5807 -0.1199
vn -0.9958 -0.0278 -0.0868
vn -0.7977 0.5557 -0.2344
vn -0.9670 0.2521 -0.0357
vn -0.9353 0.1484 0.3211
vn -0.8516 0.0838 0.5175
vn -0.3550 0.9146 0.1937
vn -0.3492 0.9174 0.1910
vn -0.3465 0.9164 0.2001
vn -0.3517 0.9135 0.2043
vn -0.6777 -0.1579 0.7182
vn -0.3173 0.4290 -0.8458
vn -0.1847 0.2998 -0.9360
vn -0.8724 0.3160 -0.3729
vn -0.7845 0.4877 -0.3831
vn -0.0693 0.9795 0.1892
vn -0.6338 0.7684 -0.0890
vn -0.3615 0.8438 0.3966
vn -0.0217 0.5655 0.8245
vn -0.9286 0.3560 0.1047
vn -0.9397 -0.3325 -0.0802
vn -0.9229 0.3692 -0.1096
vn -0.3594 0.8913 -0.2764
vn -0.2921 0.3582 -0.8868
vn -0.5771 -0.5026 0.6437
vn -0.4724 0.6128 0.6335
vn -0.8553 -0.5165 0.0402
vn -0.9499 0.3095 -0.0424
vn -0.6891 0.1344 0.7121
vn -0.7992 0.4124 0.4373
vn 0.9999 0.0105 -0.0004
vn 1.0000 -0.0048 -0.0045
vn 1.0000 -0.0048 -0.0046
vn 0.0265 0.7458 -0.6656
vn -0.7447 0.4395 -0.5023
vn -0.1967 0.6569 -0.7279
vn -0.4855 0.7818 -0.3912
vn -0.9349 0.3212 -0.1509
vn -0.0145 0.9723 -0.2331
vn -0.8735 0.1314 0.4688
vn -0.1184 0.9568 -0.2656
vn -0.1312 0.1881 0.9733
vn -0.4152 -0.5398 -0.7323
vn -0.3934 0.2804 -0.8756
vn -0.0258 0.3323 -0.9428
vn -0.1540 0.9257 -0.3455
vn -0.9554 0.0247 -0.2942
vn -0.6757 0.7370 -0.0173
vn -0.6878 0.6748 0.2677
vn -0.3887 0.0686 0.9188
vn -0.5957 0.6081 0.5247
vn -0.5657 0.6715 -0.4786
vn 0.2214 0.2916 0.9306
vn -0.4943 0.8686 0.0349
vn -0.3667 -0.4243 -0.8280
vn -0.9036 -0.2690 -0.3334
vn -0.1285 0.8545 -0.5033
vn -0.2742 0.8050 -0.5261
vn -0.7970 0.3751 -0.4733
vn -0.6097 0.7879 0.0870
vn -0.9337 0.0410 -0.3556
vn -0.4261 0.8626 -0.2726
vn -0.3321 0.8566 0.3949
vn -0.7561 0.0975 -0.6472
vn -0.1634 0.9823 -0.0916
vn -0.5056 -0.1490 -0.8498
vn -0.5927 0.2304 -0.7718
vn -0.5685 0.6993 -0.4334
vn -0.7984 0.3048 0.5193
vn -0.7519 0.4466 0.4850
vn 0.9863 0.0601 0.1537
vn 0.9875 0.0831 0.1338
vn 0.9875 0.0831 0.1337
vn -0.9212 -0.3252 0.2138
vn -0.8244 0.5622 0.0657
vn -0.1613 0.8212 0.5473
vn -0.8492 0.5099 -0.1374
vn 0.6199 0.7784 -0.0996
vn 0.8101 -0.3797 0.4466
vn 0.8098 -0.4168 0.4128
vn -0.6429 0.1836 0.7436
vn -0.3663 0.8162 0.4468
vn 0.8142 -0.5782 0.0526
vn 0.8399 -0.5413 0.0397
vn 0.8196 -0.5707 0.0509
vn 0.8195 -0.5703 0.0559
vn -0.8760 -0.4462 -0.1829
vn -0.4828 0.5144 0.7088
vn -0.2984 0.4692 0.8311
vn -0.4342 0.1408 0.8898
vn -0.6680 -0.6586 0.3464
vn -0.9376 0.3055 -0.1661
vn -0.6574 0.6504 0.3806
vn -0.6689 0.2226 -0.7092
vn -0.0566 0.6405 0.7659
vn -0.7564 -0.0566 -0.6517
vn -0.9900 0.1379 0.0280
vn -0.9807 0.1499 0.1252
vn -0.9939 0.0877 0.0671
vn -0.9854 0.1590 0.0606
vn -0.0472 0.7573 0.6513
vn -0.4682 0.3163 0.8251
vn -0.5443 0.2636 0.7964
vn -0.8270 0.4490 0.3383
vn -0.9613 0.2456 -0.1248
vn -0.2175 0.0012 0.9761
vn 0.6199 -0.7831 0.0497
vn 0.6797 -0.7318 0.0498
vn -0.6920 0.3504 0.6311
vn -0.8181 -0.5536 -0.1554
vn -0.7064 0.7068 0.0386
vn -0.7472 0.5964 -0.2934
vn -0.9082 0.4183 0.0117
vn -0.0848 0.3827 0.9200
vn -0.0811 0.4466 0.8910
vn -0.4173 0.7937 0.4427
vn -0.8485 -0.2286 -0.4774
vn -0.9196 0.3928 -0.0046
vn -0.9026 0.4304 0.0042
vn -0.8109 -0.5694 0.1351
vn -0.9835 0.1713 0.0586
vn -0.6985 0.6622 0.2714
vn -0.6995 0.6496 0.2979
vn -0.7624 0.6461 -0.0358
vn -0.7161 0.4887 -0.4985
vn -0.9847 0.1620 -0.0641
vn -0.7183 0.6819 -0.1377
vn -0.5863 0.8085 -0.0509
vn -0.7862 0.3791 0.4880
vn -0.6007 0.7411 0.3000
vn -0.9879 0.0623 -0.1422
vn -0.3429 0.9390 0.0269
vn -0.8376 0.3232 0.4404
vn -0.1356 0.5466 0.8264
vn 0.9351 0.2325 -0.2673
vn 0.8962 0.4353 0.0860
vn -0.5999 0.5990 -0.5304
vn -0.6104 0.6039 -0.5125
vn 0.9724 -0.2134 0.0943
vn -0.4015 -0.2075 0.8920
vn 0.8112 0.0138 0.5847
vn 0.1459 -0.8607 0.4877
vn 0.9861 0.0062 0.1659
vn 0.0101 0.0155 0.9998
vn -0.9026 0.4116 -0.1261
vn -0.9026 0.4117 -0.1261
vn -0.9221 0.3616 -0.1375
vn -0.9221 0.3617 -0.1375
vn 0.7833 0.3156 -0.5356
vn 0.1757 -0.1047 0.9789
vn 0.6733 -0.6308 0.3858
vn 0.6205 0.1157 0.7756
vn 0.8210 -0.0056 0.5708
vn 0.0465 -0.5123 0.8576
vn 0.0857 0.0943 0.9919
vn 0.5515 0.2214 0.8043
vn 0.9163 -0.0808 0.3924
vn 0.7862 -0.1604 -0.5968
vn 0.9431 0.2214 0.2482
vn -0.0443 0.9807 -0.1902
vn -0.0427 0.9809 -0.1895
vn -0.0430 0.9809 -0.1895
vn -0.0439 0.9808 -0.1900
vn 0.5603 0.3481 0.7516
vn 0.5812 0.3396 0.7395
vn 0.5465 0.3669 0.7528
vn 0.7450 0.1941 0.6382
vn 0.6250 -0.7223 -0.2961
vn 0.6481 0.3387 0.6821
vn 0.9963 -0.0832 0.0215
vn 0.8916 0.4484 -0.0633
vn 0.8992 -0.3791 -0.2185
vn 0.6489 -0.3949 0.6504
vn 0.9182 -0.3960 -0.0111
vn 0.5039 0.0800 0.8600
vn 0.1923 0.0826 0.9779
vn 0.7641 -0.1563 0.6259
vn 0.8727 -0.4542 -0.1793
vn 0.8835 0.3966 0.2491
vn 0.2036 -0.2693 0.9413
vn 0.3418 -0.2654 0.9015
vn -0.9072 0.1629 0.3879
vn 0.6538 0.5217 0.5480
vn 0.6538 0.5218 0.5480
vn 0.6972 0.4596 0.5501
vn -0.7012 -0.7115 -0.0450
vn -0.9048 0.3043 -0.2978
vn -0.9871 -0.0996 0.1252
vn -0.9153 0.3659 0.1682
vn -0.8724 0.2535 0.4179
vn -0.9429 0.1427 0.3011
vn -0.8691 0.4894 0.0717
vn -0.9799 0.1108 0.1658
vn -0.8902 -0.1176 0.4400
vn -0.6236 0.1491 -0.7674
vn -0.7645 -0.2885 0.5765
vn -0.5138 0.2576 0.8183
vn -0.7117 0.3704 0.5969
vn -0.9922 0.1213 0.0290
vn -0.3879 0.5539 -0.7367
vn -0.6271 0.6995 0.3428
vn 0.3038 0.3363 -0.8914
vn 0.6888 0.2397 -0.6842
vn -0.7768 0.6269 0.0601
vn -0.0436 0.5836 0.8108
vn -0.0254 0.6035 0.7970
vn -0.5854 0.3116 -0.7485
vn -0.2642 0.4525 0.8518
vn -0.2594 0.4551 0.8518
vn -0.2454 0.4621 0.8522
vn -0.2504 0.4601 0.8518
vn -0.6986 0.5721 -0.4298
vn -0.6519 0.7064 -0.2759
vn -0.0726 0.4928 -0.8671
vn -0.4426 0.6017 -0.6649
vn -0.8199 -0.0524 -0.5701
vn 0.5713 0.4743 -0.6698
vn -0.6280 0.6634 -0.4068
vn -0.5606 0.5672 -0.6034
vn 0.1804 0.7932 -0.5817
vn -0.9457 0.1810 -0.2700
vn -0.1211 0.3935 -0.9113
vn -0.8922 0.3398 0.2974
vn -0.5179 0.5581 -0.6484
vn -0.3868 0.9221 0.0027
vn -0.7384 0.1522 -0.6570
vn -0.4660 -0.1229 -0.8762
vn -0.5810 0.8121 -0.0540
vn -0.4145 0.0761 -0.9068
vn -0.7918 0.4809 -0.3766
vn -0.8962 -0.3294 -0.2972
vn -0.4542 0.8736 -0.1745
vn 0.1158 0.9043 -0.4108
vn -0.8037 0.5392 -0.2516
vn -0.9459 0.3245 -0.0035
vn -0.0759 0.8980 0.4335
vn -0.7794 -0.2325 0.5818
vn -0.9039 0.3520 0.2428
vn -0.6708 0.7377 0.0765
vn -0.8321 0.5493 -0.0763
vn -0.4877 0.7463 -0.4530
vn 0.3656 0.4760 -0.7999
vn -0.5275 0.6852 -0.5022
vn -0.4234 0.8872 0.1832
vn -0.5059 0.0481 0.8612
vn -0.5060 0.0481 0.8612
vn -0.9043 0.4195 -0.0791
vn -0.6964 0.6995 -0.1602
vn -0.3016 0.4124 -0.8596
vn -0.5750 0.7448 0.3386
vn 0.7640 0.4726 0.4392
vn 0.9733 0.1334 -0.1866
vn 0.4968 0.5619 -0.6614
vn -0.1597 0.9771 -0.1409
vn 0.4505 0.8199 -0.3533
vn 0.4322 0.5408 -0.7216
vn 0.9909 0.1202 0.0599
vn 0.0826 0.6183 0.7816
vn -0.3012 0.8830 0.3601
vn 0.3768 0.5107 0.7728
vn 0.4864 0.3883 -0.7827
vn 0.5044 0.0354 -0.8628
vn 0.4270 -0.1085 -0.8977
vn 0.2042 0.0656 0.9767
vn 0.1376 0.6909 0.7098
vn 0.1258 0.9124 0.3896
vn 0.1400 0.9135 0.3820
vn -0.2779 0.8899 0.3617
vn -0.3519 0.7611 0.5449
vn -0.9878 -0.1039 -0.1164
vn -0.3684 -0.2888 0.8837
vn -0.9885 -0.1509 -0.0143
vn -0.8220 -0.4487 0.3508
vn -0.8916 0.3867 0.2357
vn -0.8553 0.4284 0.2915
vn -0.1774 0.7222 0.6686
vn -0.1965 0.5631 0.8026
vn -0.5668 0.4904 0.6620
vn -0.9047 0.0544 0.4226
vn -0.2231 0.7018 0.6766
vn -0.2101 0.6706 -0.7114
vn -0.2761 0.6296 -0.7263
vn -0.2103 0.6707 -0.7113
vn -0.0310 0.9483 -0.3158
vn 0.0271 0.9458 -0.3237
vn -0.5773 0.2920 0.7625
vn -0.3075 -0.3524 0.8839
vn 0.2176 -0.3905 0.8945
vn -0.2096 -0.2853 0.9352
vn -0.1693 -0.1212 0.9781
vn -0.1704 -0.0873 0.9815
vn -0.1204 -0.1683 0.9784
vn -0.1201 -0.1681 0.9784
vn -0.3389 -0.6858 0.6440
vn 0.3352 0.1472 0.9306
vn 0.3913 0.1031 0.9145
vn 0.3913 0.1030 0.9145
vn 0.3351 0.1472 0.9306
vn -0.7649 -0.5624 -0.3142
vn -0.4736 0.1336 0.8705
vn -0.5984 -0.7499 0.2821
vn -0.7520 -0.3567 -0.5543
vn -0.4025 -0.6194 -0.6741
vn -0.7899 -0.0910 0.6065
vn -0.8556 0.5084 0.0970
vn -0.8472 0.4367 0.3025
vn -0.6366 0.3494 -0.6875
vn -0.9052 -0.3167 -0.2835
vn -0.8539 -0.2934 0.4299
vn -0.6656 0.4791 0.5723
vn -0.9878 0.0995 -0.1196
vn -0.5465 -0.3495 0.7610
vn -0.6891 0.5972 -0.4105
vn -0.9351 -0.1012 0.3396
vn -0.8043 -0.0088 0.5942
vn -0.7440 -0.1118 -0.6587
vn -0.9515 0.3073 0.0159
vn -0.9964 0.0710 0.0458
vn -0.9292 -0.2099 0.3043
vn -0.4438 0.7777 -0.4452
vn -0.4442 0.7775 -0.4452
vn -0.4447 0.7773 -0.4452
vn -0.3025 0.2299 0.9250
vn -0.4656 0.5948 -0.6553
vn -0.7143 0.3012 0.6317
vn -0.8844 -0.4643 0.0466
vn 0.3626 0.9310 0.0423
vn -0.5290 0.3563 0.7702
vn 0.5034 0.6479 0.5717
vn -0.7545 0.5674 -0.3299
vn -0.8807 0.4503 0.1469
vn -0.9780 0.1499 0.1452
vn -0.9781 0.1505 0.1441
vn -0.9779 0.1494 0.1460
vn 0.0920 0.9533 0.2878
vn -0.3150 0.8552 0.4116
vn 0.1333 0.4459 0.8851
vn -0.5564 0.3126 -0.7698
vn -0.5564 0.3129 -0.7698
vn -0.6154 0.3121 -0.7238
vn -0.3013 0.6032 0.7385
vn -0.9448 0.0875 0.3159
vn -0.4000 0.6685 0.6270
vn -0.8316 0.4886 0.2638
vn -0.3417 0.7874 0.5130
vn -0.1281 0.4574 0.8800
vn 0.4208 0.3822 0.8227
vn 0.4183 0.3903 0.8202
vn 0.4226 0.3931 0.8166
vn 0.4460 0.3949 0.8032
vn 0.0212 0.9881 0.1526
vn -0.1156 0.5739 0.8107
vn -0.1434 -0.2215 0.9646
vn -0.0339 0.8219 0.5686
vn -0.3727 0.2762 0.8859
vn -0.8564 0.0256 0.5157
vn -0.9899 -0.0423 0.1350
vn -0.9627 -0.0353 0.2681
vn -0.9621 -0.0382 0.2699
vn -0.9601 -0.0341 0.2776
vn -0.9607 -0.0315 0.2757
vn -0.5140 0.7095 -0.4821
vn -0.4978 0.7183 -0.4861
vn -0.8007 0.3416 0.4922
vn -0.9447 0.3102 -0.1062
vn 0.2619 0.5618 0.7848
vn 0.2273 0.5362 0.8129
vn 0.2619 0.5617 0.7848
vn 0.3156 0.8178 0.4813
vn -0.9578 0.2803 0.0633
vn 0.1304 0.1084 0.9855
vn -0.7619 -0.5754 0.2973
vn -0.2572 0.9597 0.1130
vn 0.3662 0.9206 0.1360
vn 0.3583 0.9189 0.1649
vn 0.3662 0.9206 0.1359
vn -0.7106 0.4777 0.5166
vn 0.2570 0.2283 0.9391
vn 0.2126 0.3978 0.8925
vn 0.6339 0.7634 0.1239
vn 0.2437 0.7437 0.6225
vn -0.4670 0.8835 0.0375
vn 0.2703 0.9608 -0.0623
vn -0.3345 0.4350 0.8360
vn -0.5875 0.1323 0.7984
vn -0.5658 0.1748 0.8058
vn -0.5659 0.1748 0.8058
vn -0.0379 -0.9989 0.0262
vn -0.0351 -0.9990 0.0285
vn -0.0346 -0.9990 0.0291
vn -0.0392 -0.9989 0.0268
vn 0.5339 0.1744 0.8273
vn 0.2482 0.9674 -0.0510
vn -0.7775 -0.4639 0.4246
vn 0.4811 0.8144 0.3245
vn -0.0532 -0.2395 0.9695
vn -0.8154 0.5719 -0.0898
vn 0.2543 -0.1685 0.9523
vn -0.4040 -0.4360 0.8042
vn 0.2298 0.9545 -0.1899
vn 0.4854 -0.1792 0.8557
vn 0.1720 0.6523 0.7382
vn -0.9036 0.4169 -0.0991
vn 0.3755 -0.2423 0.8946
vn -0.9608 -0.1682 0.2205
vn -0.9087 0.3145 0.2746
vn -0.1109 0.9829 -0.1470
vn -0.0714 0.9747 -0.2118
vn -0.0673 0.9881 -0.1382
vn -0.0673 0.9881 -0.1383
vn -0.1952 0.8917 0.4083
vn 0.2897 0.8628 -0.4144
vn -0.6186 -0.2549 0.7432
vn 0.2341 -0.8161 0.5284
vn 0.2120 0.9018 0.3767
vn 0.3953 -0.7030 -0.5912
vn 0.3953 -0.7030 -0.5913
vn 0.3890 -0.6579 -0.6449
vn 0.3891 -0.6579 -0.6448
vn 0.8209 0.3004 0.4858
vn -0.1876 0.9283 -0.3209
vn -0.1963 0.9189 -0.3422
vn -0.9890 -0.1358 0.0585
vn 0.3070 0.1661 0.9371
vn 0.3938 0.7190 0.5726
vn -0.4794 0.3244 0.8154
vn 0.2193 -0.3016 0.9279
vn 0.7099 -0.6935 0.1227
vn 0.7271 -0.6797 0.0971
vn -0.9421 -0.2554 0.2173
vn -0.7040 0.4836 -0.5201
vn -0.4818 0.1475 0.8638
vn -0.5848 0.4096 0.7002
vn -0.7971 0.1283 0.5901
vn -0.6445 0.4667 0.6056
vn 0.2959 -0.1834 0.9375
vn -0.6895 0.0036 0.7243
vn -0.8483 0.5136 0.1288
vn -0.8828 0.1841 0.4321
vn 0.5757 0.7718 0.2700
vn 0.0489 0.2096 0.9766
vn 0.2089 0.6950 0.6880
vn -0.0618 0.8084 0.5854
vn 0.3189 0.9457 0.0626
vn 0.3733 0.6733 0.6382
vn -0.1516 0.1837 -0.9712
vn -0.1515 0.1838 -0.9712
vn -0.0967 0.1798 -0.9789
vn 0.4804 0.7356 0.4776
vn 0.2958 0.7525 0.5884
vn 0.9551 0.2657 0.1314
vn -0.9424 0.1987 -0.2690
vn -0.9393 0.2146 -0.2676
vn -0.9393 0.2145 -0.2676
vn 0.1368 0.9857 -0.0987
vn -0.2895 -0.2741 0.9171
vn 0.4245 0.9018 0.0817
vn -0.6845 0.7270 -0.0546
vn -0.5105 0.7437 -0.4316
vn -0.5106 0.7437 -0.4316
vn -0.4822 0.7825 -0.3940
vn -0.4822 0.7825 -0.3939
vn 0.5751 0.7491 0.3289
vn -0.1973 0.6602 0.7247
vn 0.1453 0.9849 0.0947
vn 0.3426 0.8479 0.4044
vn -0.0336 0.9654 0.2586
vn -0.0561 0.9951 0.0814
vn 0.2490 0.4761 0.8434
vn -0.6569 0.0132 0.7539
vn -0.5260 0.4241 0.7372
vn -0.5836 0.8078 -0.0828
vn 0.0076 0.8824 0.4705
vn 0.1518 0.9618 0.2278
vn 0.1342 0.9734 0.1859
vn -0.3735 0.9255 -0.0630
vn -0.3735 0.9255 -0.0629
vn -0.3795 0.9244 -0.0389
vn -0.3794 0.9244 -0.0389
vn -0.7821 0.3897 0.4862
vn -0.7822 0.3899 0.4860
vn 0.8566 0.5121 0.0623
vn 0.8566 0.5121 0.0624
vn 0.8793 0.4698 0.0782
vn -0.8206 0.0599 0.5684
vn -0.6495 0.3735 0.6623
vn 0.4826 0.7355 -0.4756
vn -0.2407 -0.8161 0.5253
vn -0.2407 -0.8162 0.5253
vn -0.2142 -0.7951 0.5674
vn -0.6636 0.6847 -0.3012
vn -0.7068 0.3968 0.5856
vn -0.6788 0.6455 0.3500
vn 0.2675 -0.2971 0.9166
vn 0.5169 0.4271 0.7419
vn -0.5800 0.6490 -0.4924
vn -0.5817 0.6473 -0.4925
vn -0.5781 0.6508 -0.4922
vn 0.6685 -0.6980 0.2567
vn 0.1189 -0.2131 0.9698
vn -0.6911 -0.1544 0.7061
vn -0.7332 0.1740 0.6574
vn -0.5189 0.5621 -0.6441
vn -0.8221 -0.3229 0.4689
vn -0.3075 0.2245 0.9247
vn 0.0918 0.5506 0.8297
vn -0.9595 -0.2729 0.0702
vn -0.1215 0.8697 0.4784
vn -0.7718 -0.2636 0.5787
vn 0.1918 0.6776 0.7100
vn -0.3641 0.5327 0.7640
vn -0.3245 0.9370 0.1294
vn -0.7345 0.4144 0.5374
vn 0.1269 0.2380 0.9629
vn 0.2972 0.1729 0.9390
vn -0.3538 0.3644 0.8614
vn -0.9123 0.3828 -0.1455
vn 0.0602 0.9936 0.0953
vn -0.2857 0.4974 0.8191
vn 0.3827 0.2441 0.8911
vn -0.1955 0.2358 0.9519
vn -0.9107 0.2747 0.3086
vn -0.1823 0.8323 -0.5234
vn -0.6905 -0.2972 0.6594
vn -0.7675 0.0317 0.6402
vn -0.9303 0.3668 0.0007
vn -0.6191 0.5672 0.5431
vn -0.0778 0.7240 0.6854
vn -0.4685 0.5919 0.6559
vn -0.1339 0.4645 0.8754
vn 0.0644 0.5183 0.8528
vn 0.6505 0.6076 0.4556
vn -0.1593 0.3118 0.9367
vn 0.3776 0.3230 0.8678
vn -0.6900 -0.2673 0.6726
vn -0.2347 0.7620 0.6036
vn -0.6859 0.5226 -0.5064
vn -0.6948 0.4561 -0.5561
vn -0.6859 0.5226 -0.5065
vn -0.0507 0.8828 -0.4669
vn -0.0931 0.8701 -0.4841
vn -0.0931 0.8700 -0.4841
vn 0.5711 0.5690 0.5917
vn 0.0042 0.5002 0.8659
vn -0.4587 0.8879 0.0346
vn -0.3221 0.3560 0.8772
vn -0.4595 0.4881 0.7421
vn -0.3429 0.4230 0.8388
vn 0.1853 0.6572 0.7306
vn -0.5686 0.6284 0.5308
vn -0.4745 -0.2104 0.8547
vn -0.8549 0.4547 0.2498
vn -0.8674 0.4684 -0.1679
vn 0.0740 0.0464 0.9962
vn -0.3716 0.6139 0.6964
vn 0.8657 -0.4908 -0.0980
vn 0.8491 -0.4986 -0.1745
vn 0.8613 -0.4861 -0.1479
vn 0.8860 -0.4608 -0.0524
vn -0.7982 0.0698 0.5984
vn 0.0021 0.9940 0.1092
vn -0.1424 -0.3097 0.9401
vn -0.8468 -0.4888 0.2097
vn 0.1087 0.9159 0.3864
vn -0.2871 0.8005 0.5261
vn 0.0761 0.7369 0.6717
vn -0.8912 0.0284 0.4527
vn -0.3471 -0.4450 0.8256
vn -0.5833 0.8116 0.0325
vn -0.4038 -0.0227 0.9146
vn 0.6634 0.1494 0.7332
vn -0.4118 0.2962 0.8618
vn 0.2221 0.9724 0.0710
vn -0.3032 0.8505 0.4299
vn 0.5296 0.8444 0.0805
vn 0.5357 0.8374 0.1089
vn 0.5357 0.8373 0.1089
vn -0.3194 0.2800 0.9053
vn 0.5026 -0.0699 0.8617
vn -0.9248 -0.1138 0.3629
vn -0.5599 0.2313 0.7956
vn -0.3126 0.5110 0.8007
vn -0.3119 0.5122 0.8002
vn -0.3135 0.5123 0.7995
vn -0.3103 0.4936 0.8124
vn 0.5106 0.6820 -0.5237
vn 0.4864 -0.1048 0.8674
vn -0.5923 0.5034 0.6291
vn -0.0254 -0.0009 0.9997
vn -0.6289 0.7630 -0.1493
vn 0.9188 -0.3939 0.0260
vn 0.9187 -0.3941 0.0260
vn 0.9186 -0.3943 0.0257
vn 0.8955 -0.4444 0.0268
vn 0.8953 -0.4445 0.0275
vn 0.8953 -0.4445 0.0277
vn 0.9352 -0.3539 0.0125
vn 0.9019 -0.4263 0.0697
vn 0.8763 -0.4811 0.0263
vn 0.8909 -0.4534 -0.0274
vn 0.8907 -0.4536 -0.0288
vn 0.8908 -0.4536 -0.0290
vn 0.9021 -0.4282 -0.0536
vn 0.9381 -0.3447 0.0327
vn 0.9124 -0.4041 -0.0648
vn -0.6536 0.5899 0.4741
vn -0.6983 0.5776 0.4228
vn -0.6982 0.5776 0.4228
vn -0.8824 0.2565 0.3943
vn -0.0233 0.4319 0.9016
vn 0.1629 0.9265 -0.3393
vn 0.2166 0.1958 0.9564
vn -0.9604 0.1848 0.2083
vn -0.2313 -0.3679 0.9006
vn 0.4003 0.6966 0.5954
vn -0.8926 0.0910 0.4415
vn -0.7109 0.3531 0.6083
vn -0.7106 0.3531 0.6085
vn -0.5655 -0.0490 0.8233
vn 0.2387 0.0560 0.9695
vn -0.7190 0.6950 0.0098
vn -0.0768 0.5070 0.8585
vn -0.4280 0.7235 0.5416
vn -0.6545 0.1125 0.7477
vn -0.6594 0.0787 0.7476
vn 0.5843 0.7296 0.3554
vn 0.1713 0.9352 -0.3101
vn 0.1664 0.3436 0.9242
vn -0.5715 0.7735 0.2740
vn 0.0756 0.4778 0.8752
vn -0.7449 0.6262 0.2305
vn 0.1637 0.9638 0.2107
vn 0.1639 0.9637 0.2109
vn -0.9854 0.1699 -0.0145
vn -0.0352 0.8568 0.5144
vn -0.0355 0.8567 0.5145
vn -0.7164 -0.4248 0.5535
vn -0.0138 0.2895 0.9571
vn -0.3173 0.3364 0.8867
vn -0.6479 -0.6360 0.4192
vn -0.2878 0.7270 0.6234
vn -0.2528 0.6715 0.6965
vn 0.6286 0.0556 0.7757
vn -0.6151 0.2927 0.7321
vn 0.0659 0.2276 0.9715
vn 0.4141 0.7383 0.5323
vn -0.3585 0.1146 0.9265
vn -0.5397 -0.2264 0.8108
vn -0.3291 -0.2328 0.9151
vn -0.6313 0.5482 0.5486
vn -0.9129 0.3826 0.1426
vn -0.6995 -0.5479 0.4587
vn -0.0459 0.9725 0.2282
vn -0.9934 -0.0511 0.1028
vn -0.5800 0.3698 0.7258
vn -0.9731 0.2089 0.0970
vn 0.5069 0.7182 0.4766
vn 0.5085 0.7167 0.4773
vn 0.5116 0.7181 0.4718
vn 0.5099 0.7195 0.4715
vn -0.6148 0.4191 0.6681
vn -0.7701 0.5276 0.3585
vn -0.7194 0.5496 0.4248
vn -0.7194 0.5496 0.4249
vn -0.6186 -0.1560 0.7701
vn -0.1905 0.1325 0.9727
vn 0.3412 0.8142 0.4698
vn 0.2566 0.9125 0.3185
vn -0.5447 0.0100 0.8386
vn -0.0711 0.1538 0.9856
vn -0.9052 -0.0829 0.4168
vn -0.1491 0.0907 0.9847
vn -0.4469 0.0831 0.8907
vn 0.1856 0.8542 0.4857
vn 0.0128 -0.1621 -0.9867
vn 0.0149 -0.1627 -0.9866
vn 0.0276 -0.1616 -0.9865
vn 0.0252 -0.1603 -0.9867
vn -0.1068 -0.0067 0.9943
vn 0.3685 -0.4440 0.8167
vn 0.1501 0.3593 -0.9211
vn 0.1195 0.3537 -0.9277
vn -0.5932 0.7771 -0.2104
vn -0.5985 0.7691 -0.2241
vn -0.8530 -0.1230 0.5072
vn -0.0692 0.9107 -0.4072
vn -0.0911 0.8958 -0.4349
vn 0.1495 0.7457 0.6493
vn 0.4719 0.5533 0.6864
vn -0.4192 0.2746 0.8654
vn -0.3816 0.9027 -0.1986
vn -0.4484 0.8775 -0.1700
vn -0.3799 0.9020 -0.2052
vn -0.3834 0.9018 -0.1996
vn -0.6744 0.2627 0.6900
vn 0.2435 -0.1270 0.9616
vn 0.1503 0.6296 0.7623
vn -0.7786 0.6271 -0.0221
vn -0.8012 0.5848 -0.1267
vn 0.2615 -0.2657 -0.9279
vn -0.9597 0.2805 -0.0173
vn 0.4632 -0.3357 0.8202
vn 0.0962 0.4035 0.9099
vn -0.7690 0.4876 0.4133
vn 0.1539 0.9046 0.3975
vn -0.5612 -0.0655 0.8251
vn 0.0959 0.9521 0.2903
vn -0.9505 0.1617 0.2653
vn -0.9293 0.3625 0.0707
vn -0.4029 0.1371 0.9049
vn 0.1850 0.1320 0.9738
vn -0.9395 0.2035 -0.2756
vn -0.9247 0.2660 -0.2724
vn -0.3461 0.5411 0.7664
vn -0.1985 -0.1825 0.9630
vn 0.0492 0.6022 0.7969
vn -0.2694 -0.0607 0.9611
vn -0.3485 -0.7543 0.5564
vn -0.9467 -0.3049 0.1041
vn -0.6186 0.0229 0.7853
vn -0.1513 -0.2476 0.9570
vn 0.2392 0.6640 0.7084
vn 0.2629 0.9602 0.0941
vn 0.5572 -0.0035 0.8304
vn 0.3117 0.6389 0.7033
vn 0.0911 0.5076 0.8567
vn 0.0519 0.9536 0.2964
vn -0.7543 -0.4698 0.4587
vn -0.4150 0.2678 0.8695
vn 0.2712 -0.2792 0.9211
vn 0.0692 0.9749 0.2115
vn -0.3568 0.4392 0.8245
vn -0.8560 -0.0794 0.5109
vn 0.9378 0.3173 0.1408
vn 0.9383 0.3171 0.1379
vn 0.9361 0.3244 0.1359
vn 0.9510 0.2897 0.1082
vn 0.1315 0.3309 0.9345
vn -0.8653 -0.4955 0.0759
vn 0.5858 0.6543 0.4782
vn 0.7634 0.6160 0.1943
vn -0.8430 -0.4068 0.3519
vn 0.3815 0.8272 0.4125
vn -0.9144 0.1911 0.3569
vn 0.0927 0.3559 0.9299
vn 0.3594 0.4556 0.8144
vn 0.5224 0.0996 0.8468
vn -0.7929 -0.0268 0.6088
vn -0.6887 0.1224 -0.7146
vn -0.1942 -0.4388 -0.8773
vn -0.6297 0.7699 -0.1037
vn -0.6527 0.7568 -0.0353
vn -0.6293 0.7702 -0.1035
vn -0.5993 0.3105 -0.7378
vn -0.6011 0.3098 -0.7367
vn -0.6008 0.3117 -0.7362
vn -0.6060 0.3026 -0.7357
vn -0.6253 0.2051 -0.7530
vn -0.6901 0.3463 -0.6354
vn -0.6281 0.3472 -0.6964
vn -0.2632 0.2457 -0.9329
vn -0.5436 -0.1229 -0.8303
vn -0.5614 -0.0960 -0.8219
vn -0.5615 -0.0960 -0.8219
vn -0.6197 0.7318 -0.2837
vn 0.1560 0.7302 -0.6652
vn 0.1170 0.7488 -0.6524
vn 0.0838 0.7189 -0.6900
vn 0.0837 0.7189 -0.6900
vn -0.7421 0.1699 -0.6484
vn -0.4880 0.6917 -0.5323
vn -0.3958 0.6448 -0.6539
vn -0.6133 -0.2672 -0.7433
vn -0.3850 0.6239 -0.6801
vn -0.5257 -0.5225 -0.6713
vn -0.1892 -0.1014 0.9767
vn -0.1267 -0.1671 0.9778
vn -0.2033 -0.1420 0.9688
vn -0.4291 0.3275 -0.8418
vn 0.4973 0.8530 0.1581
vn 0.4974 0.8530 0.1581
vn 0.4571 0.8695 0.1870
vn -0.7981 0.2689 -0.5392
vn 0.8424 -0.5330 0.0797
vn 0.8424 -0.5330 0.0796
vn 0.8200 -0.5694 0.0585
vn -0.6177 0.5822 -0.5286
vn -0.2053 0.8226 -0.5302
vn -0.8873 0.4611 -0.0136
vn -0.3046 0.8165 -0.4905
vn -0.5630 0.3509 -0.7482
vn -0.8593 -0.4953 -0.1276
vn -0.8737 -0.4603 -0.1578
vn -0.8736 -0.4603 -0.1578
vn -0.5825 0.5179 -0.6265
vn -0.5551 0.0515 -0.8302
vn -0.6150 0.2215 -0.7568
vn -0.4117 0.5379 0.7356
vn -0.4349 0.4987 0.7498
vn -0.4348 0.4988 0.7498
vn -0.5084 0.6943 -0.5094
vn -0.5303 0.4688 -0.7064
vn -0.6687 0.1347 -0.7312
vn 0.7644 -0.0875 -0.6387
vn 0.8611 0.0616 -0.5047
vn -0.1686 0.8286 0.5339
vn -0.1694 0.8188 0.5485
vn -0.1683 0.8222 0.5437
vn -0.1675 0.8319 0.5290
vn 0.8637 0.5038 0.0152
vn -0.3507 -0.2401 0.9052
vn 0.0347 0.1126 -0.9930
vn -0.0346 0.0806 -0.9961
vn 0.9485 0.1878 -0.2552
vn 0.9352 0.0200 -0.3536
vn 0.1775 -0.3455 0.9215
vn 0.6364 0.0408 0.7702
vn -0.6189 0.7575 0.2079
vn -0.6189 0.7574 0.2079
vn -0.6299 0.7358 0.2486
vn -0.6299 0.7358 0.2485
vn -0.6411 0.7371 0.2140
vn 0.9600 0.2615 0.1000
vn -0.9137 0.3049 -0.2686
vn -0.8885 0.3228 -0.3261
vn -0.9135 0.2824 -0.2929
vn 0.9431 -0.3215 0.0850
vn -0.5886 0.5435 0.5985
vn 0.6634 0.3668 0.6522
vn 0.4971 0.4439 0.7456
vn 0.8481 0.5238 -0.0793
vn 0.3170 0.8132 0.4880
vn 0.3910 0.5485 0.7391
vn -0.6339 0.3058 0.7103
vn -0.7953 -0.5929 0.1263
vn -0.8159 -0.5495 0.1799
vn 0.8104 0.0584 -0.5830
vn 0.8227 0.5483 0.1499
vn 0.7833 0.5515 0.2870
vn 0.0834 0.7855 0.6132
vn 0.3157 -0.1986 -0.9279
vn 0.6502 0.0185 0.7596
vn -0.9195 0.3756 -0.1161
vn -0.8936 0.4125 -0.1772
vn -0.8935 0.4125 -0.1772
vn 0.3970 0.3148 0.8621
vn 0.4115 0.3744 0.8310
vn 0.4110 0.3746 0.8311
vn 0.8458 0.4265 0.3205
vn 0.7215 0.4734 -0.5053
vn -0.1467 0.9528 0.2659
vn -0.1850 0.9474 0.2611
vn 0.8583 0.4707 -0.2045
vn 0.6293 -0.4832 0.6086
vn 0.6593 -0.5162 0.5467
vn -0.2154 0.9760 -0.0322
vn 0.3674 0.8550 0.3661
vn 0.8728 0.2474 -0.4207
vn 0.5399 -0.5693 0.6200
vn 0.8764 -0.2761 0.3947
vn 0.6818 -0.7098 0.1769
vn 0.7987 -0.5933 0.1007
vn 0.9027 -0.3020 -0.3066
vn -0.0136 0.2945 -0.9555
vn -0.9252 0.0968 0.3670
vn -0.9178 0.0688 0.3911
vn 0.9842 -0.1243 0.1263
vn 0.7439 0.6624 0.0884
vn 0.8905 0.3132 0.3300
vn 0.5627 0.6673 0.4879
vn 0.6729 -0.5374 -0.5084
vn -0.5920 -0.3372 -0.7320
vn -0.5921 -0.2968 -0.7492
vn 0.8789 0.1358 -0.4573
vn -0.3141 0.2533 -0.9150
vn -0.3251 0.5420 -0.7750
vn -0.4686 0.3002 -0.8309
vn -0.3915 0.3694 -0.8428
vn -0.3070 0.3088 -0.9002
vn 0.6469 0.6693 0.3655
vn 0.5497 0.8042 0.2262
vn 0.6236 0.6586 -0.4210
vn 0.9846 0.1552 -0.0808
vn -0.8412 0.4953 0.2171
vn -0.8676 0.4595 0.1900
vn -0.8232 0.5277 0.2097
vn -0.8231 0.5277 0.2097
vn 0.2379 0.9105 0.3381
vn 0.8787 0.4352 0.1961
vn -0.8232 0.5128 -0.2438
vn -0.8364 0.4746 -0.2741
vn 0.6795 -0.4732 -0.5607
vn 0.6274 0.7779 -0.0357
vn -0.7933 0.5150 0.3247
vn 0.8342 0.5510 -0.0219
vn 0.6519 0.7329 0.1945
vn 0.8289 0.3707 -0.4189
vn 0.9093 -0.3419 0.2373
vn -0.1009 -0.7464 0.6578
vn -0.1004 -0.7444 0.6602
vn -0.1084 -0.7428 0.6607
vn -0.1100 -0.7428 0.6604
vn 0.9624 0.2554 0.0923
vn 0.9722 0.2326 0.0260
vn 0.9722 0.2326 0.0259
vn 0.9072 0.4173 0.0538
vn 0.5478 0.7463 0.3781
vn 0.9716 0.1539 0.1796
vn 0.2922 0.8799 0.3748
vn 0.8823 0.4344 0.1815
vn 0.8575 0.4828 0.1780
vn 0.6239 0.4321 -0.6511
vn 0.4857 -0.2983 -0.8217
vn 0.9415 -0.2804 -0.1871
vn 0.9193 0.3930 -0.0227
vn -0.4345 0.8880 0.1507
vn -0.4121 0.8890 0.1997
vn -0.4125 0.8887 0.1998
vn -0.0253 0.5503 -0.8346
vn -0.0564 0.5742 -0.8167
vn 0.7683 -0.2026 -0.6071
vn 0.0994 0.3717 -0.9230
vn 0.9465 -0.3067 -0.1006
vn 0.9255 -0.3577 -0.1242
vn 0.9444 -0.3195 -0.0784
vn 0.8557 -0.0367 -0.5162
vn 0.7781 -0.5969 0.1956
vn 0.1970 0.8137 0.5469
vn 0.5717 0.7849 0.2388
vn 0.7343 -0.6373 0.2337
vn 0.7300 -0.1822 -0.6587
vn 0.6267 0.7766 0.0640
vn 0.9947 -0.0911 -0.0485
vn 0.9945 -0.0395 -0.0974
vn 0.7595 0.1112 0.6409
vn 0.8832 -0.4543 0.1161
vn 0.8700 -0.4415 0.2194
vn 0.8583 -0.4987 0.1214
vn 0.8535 -0.4934 0.1675
vn 0.8785 -0.4373 0.1922
vn 0.8597 -0.4711 -0.1974
vn 0.1677 -0.2045 -0.9644
vn 0.1774 -0.2152 -0.9603
vn 0.1758 -0.2134 -0.9610
vn 0.1663 -0.2027 -0.9650
vn 0.5918 -0.6381 -0.4925
vn 0.8292 -0.4811 -0.2846
vn 0.6283 -0.7545 -0.1897
vn 0.9190 -0.2856 0.2717
vn 0.8761 0.4713 0.1015
vn 0.9788 -0.1970 -0.0551
vn 0.6324 -0.7646 0.1244
vn 0.8656 0.0908 -0.4925
vn 0.7677 -0.6397 0.0384
vn -0.9985 0.0501 0.0225
vn -0.9995 0.0159 -0.0289
vn 0.8939 -0.3532 0.2761
vn -0.1412 0.9898 -0.0185
vn -0.1428 0.9895 -0.0217
vn -0.1740 0.9843 -0.0290
vn -0.1836 0.9796 -0.0810
vn -0.9323 0.3549 -0.0698
vn -0.9340 0.3553 -0.0367
vn -0.9482 0.3071 -0.0814
vn 0.7851 -0.5019 -0.3629
vn 0.8698 -0.4654 -0.1637
vn 0.8945 -0.4318 0.1160
vn 0.8900 -0.4448 0.0999
vn 0.7063 -0.1039 -0.7003
vn 0.9421 -0.2392 0.2351
vn 0.9516 -0.2657 0.1541
vn 0.9517 -0.2658 0.1541
vn -0.8825 0.4680 -0.0455
vn -0.8767 0.4755 -0.0727
vn 0.8390 -0.2551 0.4807
vn 0.8128 -0.2913 0.5045
vn 0.8263 -0.2401 0.5095
vn 0.9852 0.1699 0.0221
vn 0.4448 0.7818 0.4369
vn 0.7568 -0.5767 0.3075
vn 0.9677 0.2064 0.1446
vn 0.9066 0.1701 0.3863
vn 0.7214 0.5573 0.4110
vn 0.4406 0.8546 -0.2747
vn -0.2080 0.8831 0.4205
vn -0.2754 0.8738 0.4008
vn 0.8124 0.1193 0.5707
vn 0.7663 0.6415 -0.0349
vn 0.7560 0.6535 0.0370
vn 0.6848 -0.6690 0.2888
vn 0.9822 0.1042 -0.1564
vn 0.9819 0.0684 -0.1766
vn 0.9822 0.1041 -0.1564
vn 0.6187 -0.7453 0.2485
vn 0.6605 0.1610 -0.7334
vn 0.6477 0.3694 -0.6663
vn 0.9322 0.1909 -0.3076
vn 0.6751 0.2725 -0.6855
vn -0.4294 0.7755 -0.4629
vn 0.9642 -0.2641 -0.0216
vn 0.9762 0.1808 0.1200
vn 0.8394 0.5121 -0.1822
vn 0.9354 -0.3114 -0.1674
vn -0.7292 0.6622 0.1725
vn 0.5082 0.5489 0.6637
vn -0.2530 0.5796 -0.7747
vn -0.2657 0.5704 -0.7772
vn -0.2458 0.5683 -0.7852
vn -0.2459 0.5683 -0.7852
vn -0.5929 0.1289 0.7949
vn -0.2453 0.7107 0.6593
vn 0.0127 0.6192 0.7851
vn 0.0135 0.9441 -0.3293
vn 0.0127 0.9433 -0.3317
vn 0.0031 0.9411 -0.3381
vn 0.0013 0.9423 -0.3348
vn 0.0757 0.3044 0.9495
vn -0.1628 0.4834 0.8601
vn -0.7945 0.5897 0.1447
vn -0.8025 0.5808 0.1364
vn -0.8012 0.5824 0.1373
vn -0.7978 0.5861 0.1411
vn 0.4065 0.7228 -0.5589
vn 0.4488 0.7083 -0.5448
vn -0.6614 0.0120 0.7499
vn -0.6632 0.0250 0.7480
vn -0.6659 0.0242 0.7456
vn -0.6635 0.0131 0.7480
vn -0.5147 0.5169 0.6840
vn -0.3775 0.5020 0.7781
vn -0.4389 0.6546 0.6156
vn -0.3773 0.5303 0.7592
vn -0.3672 0.6332 0.6814
vn -0.9321 0.3623 0.0037
vn -0.9320 0.3623 0.0037
vn -0.9536 0.3009 0.0132
vn -0.1160 0.2589 0.9589
vn -0.1177 0.1911 0.9745
vn -0.1045 0.2596 0.9601
vn -0.1065 0.2578 0.9603
vn -0.9511 0.2461 0.1868
vn 0.6904 -0.6276 -0.3597
vn 0.3292 0.6225 0.7100
vn -0.0308 0.4334 0.9007
vn -0.0805 0.8488 0.5226
vn -0.6880 0.5499 0.4735
vn 0.0049 0.8364 0.5481
vn -0.5308 0.3094 0.7890
vn -0.5593 0.5766 0.5956
vn -0.3170 0.2373 0.9183
vn 0.9854 0.1402 0.0964
vn 0.9866 0.1090 0.1210
vn 0.9866 0.1090 0.1211
vn 0.1206 0.7247 0.6784
vn 0.2586 0.3367 -0.9054
vn 0.8259 -0.4005 0.3968
vn -0.7308 0.2066 0.6506
vn -0.7244 0.1917 0.6622
vn 0.7226 0.0223 0.6909
vn 0.8126 -0.4827 0.3267
vn 0.8490 -0.4595 0.2607
vn 0.8491 -0.4595 0.2606
vn -0.5710 0.7322 0.3713
vn -0.6018 0.7057 0.3739
vn -0.6019 0.7057 0.3739
vn -0.5624 0.7178 0.4106
vn 0.9893 -0.0426 -0.1397
vn 0.0311 0.9065 0.4210
vn 0.7931 -0.5933 -0.1375
vn 0.5426 0.5591 0.6269
vn -0.8256 0.5099 -0.2416
vn -0.7984 0.5647 -0.2091
vn -0.8048 0.5402 -0.2460
vn -0.3133 0.5624 -0.7652
vn -0.3449 0.5568 -0.7556
vn 0.5140 0.6579 0.5504
vn 0.9077 0.2487 0.3380
vn 0.9014 0.3410 -0.2669
vn 0.7886 0.1191 0.6033
vn 0.8347 0.4305 -0.3434
vn 0.6280 0.5724 -0.5272
vn 0.1457 0.5962 0.7895
vn 0.7734 0.6288 -0.0809
vn -0.8308 -0.3901 -0.3970
vn -0.8573 -0.4064 -0.3160
vn 0.9056 0.2504 0.3423
vn -0.4353 -0.0368 -0.8995
vn -0.4327 0.1936 -0.8805
vn -0.3970 -0.0026 -0.9178
vn 0.7620 0.2700 -0.5886
vn 0.6226 0.4314 0.6529
vn 0.8152 0.5723 0.0892
vn 0.6706 -0.6652 0.3284
vn 0.8610 -0.3697 -0.3493
vn 0.9025 -0.4248 0.0706
vn 0.9435 0.2867 0.1660
vn -0.0251 0.9376 -0.3467
vn -0.0529 0.9540 -0.2950
vn -0.0529 0.9540 -0.2951
vn 0.6836 -0.3650 -0.6321
vn 0.4027 0.1666 0.9000
vn 0.3645 0.0769 -0.9280
vn 0.4318 0.0636 -0.8997
vn 0.2079 0.9765 -0.0568
vn 0.2297 0.9732 0.0113
vn 0.9559 0.2911 0.0382
vn 0.6404 0.7680 -0.0092
vn 0.7304 0.6740 0.1105
vn 0.3412 0.8963 0.2833
vn 0.4434 0.8455 -0.2975
vn -0.0800 0.9720 -0.2208
vn -0.3917 0.8967 -0.2063
vn -0.7887 -0.4990 0.3590
vn -0.8990 0.0363 0.4365
vn -0.9560 -0.2838 -0.0743
vn -0.9575 -0.2715 -0.0969
vn -0.9481 -0.2959 -0.1165
vn -0.9482 -0.2957 -0.1164
vn -0.9482 -0.2961 -0.1152
vn -0.9560 -0.2839 -0.0743
vn -0.0881 0.5416 0.8360
vn -0.8387 0.2078 -0.5034
vn -0.0123 0.9948 -0.1010
vn -0.2477 0.9677 -0.0460
vn -0.0817 0.8890 0.4505
vn -0.1709 0.9852 -0.0121
vn 0.3807 0.5904 0.7117
vn 0.5890 0.7080 0.3897
vn -0.2818 0.9467 0.1560
vn -0.4920 0.6413 0.5887
vn 0.1385 0.3122 0.9399
vn -0.7304 0.3261 -0.6001
vn -0.7581 0.3534 -0.5480
vn -0.5391 0.8418 -0.0272
vn -0.4062 0.9060 0.1195
vn 0.2916 0.9095 0.2964
vn 0.1438 0.9740 0.1751
vn -0.0140 0.9698 0.2435
vn -0.9084 0.1116 0.4030
vn -0.2629 0.1923 -0.9455
vn -0.5177 0.2306 0.8239
vn -0.3603 -0.0372 0.9321
vn -0.7030 0.6760 0.2211
vn -0.5938 -0.1703 0.7864
vn 0.7787 0.6181 0.1077
vn -0.7369 0.1709 0.6541
vn -0.9910 -0.0148 0.1330
vn -0.8930 -0.3663 0.2614
vn -0.9365 -0.1980 -0.2894
vn -0.9443 0.3013 -0.1326
vn -0.2715 0.8997 0.3418
vn 0.6426 0.7302 0.2322
vn 0.2062 0.9370 0.2819
vn -0.7767 0.1505 0.6117
vn 0.9039 0.3599 0.2313
vn 0.0758 0.8644 -0.4971
vn 0.3467 0.9365 -0.0520
vn -0.6654 0.3852 -0.6394
vn -0.8852 0.3316 -0.3263
vn 0.5168 0.8341 -0.1930
vn -0.0692 0.8041 0.5905
vn -0.6712 0.6406 -0.3730
vn -0.9937 0.0864 0.0710
vn -0.7260 -0.6133 -0.3111
vn -0.2585 0.5378 -0.8025
vn 0.5094 0.3348 0.7927
vn -0.6655 0.3898 0.6365
vn -0.5564 -0.0728 0.8277
vn 0.9409 0.2823 0.1873
vn -0.3637 0.8606 0.3563
vn -0.3637 0.8607 0.3563
vn -0.3777 0.8324 0.4055
vn -0.9845 0.1390 0.1068
vn 0.2642 0.9579 -0.1123
vn -0.4406 -0.1287 0.8884
vn -0.7638 0.4378 -0.4743
vn -0.9018 0.4293 0.0505
vn -0.6849 0.5836 -0.4363
vn -0.5172 -0.2352 0.8229
vn 0.9139 0.2964 -0.2775
vn -0.9897 0.1410 -0.0247
vn -0.7815 0.5114 0.3574
vn 0.0686 0.3979 -0.9149
vn -0.8239 0.5085 -0.2502
vn 0.9243 0.2890 0.2494
vn -0.3848 0.9107 0.1500
vn -0.4790 0.4709 -0.7408
vn 0.8224 0.0515 0.5666
vn -0.3928 0.5674 -0.7237
vn -0.7051 0.2640 0.6582
vn -0.9212 -0.3835 -0.0661
vn 0.9572 -0.1832 0.2242
vn 0.9613 -0.1581 0.2256
vn -0.9645 0.0491 0.2593
vn -0.0528 0.5543 -0.8306
vn -0.0169 -0.9891 0.1460
vn -0.7943 0.6075 -0.0030
vn -0.9127 0.2358 0.3338
vn -0.8445 -0.5292 0.0818
vn 0.2550 0.2704 0.9284
vn 0.8101 0.5511 -0.2001
vn -0.1816 0.0263 -0.9830
vn 0.8512 -0.0382 0.5234
vn -0.0522 0.0683 0.9963
vn -0.0380 0.1568 0.9869
vn -0.8252 0.5536 0.1123
vn -0.8251 0.5537 0.1123
vn -0.8599 0.4995 0.1051
vn 0.6397 -0.0788 -0.7646
vn -0.5466 -0.4446 0.7096
vn -0.7160 -0.2597 0.6480
vn 0.9665 -0.2563 0.0160
vn 0.5623 -0.6888 0.4576
vn -0.3588 -0.0816 0.9299
vn -0.8202 0.2729 -0.5028
vn -0.9006 0.1092 -0.4207
vn -0.8836 0.1897 -0.4280
vn -0.7973 0.5884 -0.1346
vn -0.9843 -0.0941 0.1495
vn 0.1999 -0.1534 0.9677
vn -0.9455 0.0750 -0.3170
vn 0.1054 -0.1748 0.9789
vn -0.8499 -0.4802 0.2168
vn 0.7524 0.2548 0.6075
vn -0.3991 -0.0855 0.9129
vn -0.7765 -0.5555 0.2974
vn 0.4140 0.1322 0.9006
vn 0.8274 0.3539 0.4361
vn 0.0342 -0.8656 0.4995
vn 0.9113 0.4100 0.0378
vn -0.4167 0.6876 -0.5946
vn -0.4301 0.6861 -0.5867
vn -0.3741 0.7057 -0.6017
vn -0.4168 0.6876 -0.5946
vn -0.5960 -0.6884 0.4134
vn 0.1562 0.2599 0.9529
vn -0.6362 0.6343 0.4393
vn -0.6362 0.6343 0.4392
vn -0.6464 0.6088 0.4599
vn -0.9924 0.1064 0.0616
vn -0.9989 -0.0343 -0.0317
vn 0.9218 -0.0258 0.3867
vn 0.9066 0.0491 0.4191
vn -0.8695 0.0433 0.4920
vn -0.8533 -0.2920 0.4320
vn 0.3956 -0.7002 0.5944
vn 0.9133 0.3549 0.1998
vn -0.9814 0.0390 0.1878
vn -0.7852 0.6006 0.1510
vn -0.7728 0.6089 0.1787
vn -0.7863 0.6001 0.1467
vn -0.7855 0.6007 0.1491
vn -0.7136 -0.0019 0.7005
vn -0.6963 0.4310 0.5739
vn 0.8238 -0.1719 0.5402
vn -0.5675 0.3416 0.7491
vn -0.5828 0.3035 0.7538
vn 0.2872 -0.1992 0.9369
vn -0.0546 -0.0463 0.9974
vn -0.1081 0.1450 0.9835
vn 0.1210 -0.0364 0.9920
vn -0.3666 0.2791 -0.8875
vn -0.0980 0.4008 -0.9109
vn -0.1389 0.4097 -0.9016
vn -0.4501 -0.3259 -0.8314
vn -0.1801 -0.3361 -0.9244
vn -0.7208 -0.2217 -0.6567
vn -0.0108 -0.0901 -0.9959
vn -0.0417 0.1314 -0.9905
vn -0.8876 0.4004 0.2278
vn -0.8501 0.4383 0.2918
vn -0.8730 0.4252 0.2391
vn -0.7775 0.1090 -0.6193
vn -0.7434 0.6213 0.2477
vn -0.8834 0.3994 0.2452
vn -0.0884 -0.1970 -0.9764
vn -0.1260 -0.2257 -0.9660
vn -0.9042 0.1860 -0.3844
vn -0.5187 0.8109 -0.2707
vn -0.8474 0.2794 0.4515
vn -0.6250 0.7754 0.0905
vn -0.6679 0.3732 0.6440
vn -0.6119 0.3894 0.6884
vn -0.6173 -0.6423 -0.4543
vn -0.4808 0.1554 -0.8629
vn -0.4870 0.8362 0.2524
vn -0.6038 0.7722 0.1976
vn -0.3082 0.7899 -0.5301
vn -0.4514 -0.7149 -0.5340
vn -0.4958 -0.3597 -0.7905
vn -0.7731 -0.4763 -0.4188
vn -0.9716 0.2128 -0.1030
vn -0.9850 0.1547 -0.0765
vn -0.3006 0.9535 0.0232
vn -0.4964 0.0131 0.8680
vn 0.4627 0.4723 -0.7502
vn 0.3820 0.4757 -0.7923
vn 0.4242 0.5238 -0.7387
vn -0.9126 -0.1190 -0.3911
vn -0.9129 -0.1290 -0.3873
vn -0.9118 -0.1197 -0.3927
vn -0.9126 -0.1208 -0.3907
vn -0.9315 0.3554 0.0768
vn -0.9378 0.3171 0.1413
vn 0.5139 -0.3762 0.7710
vn 0.1593 -0.7865 0.5967
vn -0.8145 -0.1629 0.5568
vn -0.2352 -0.5849 0.7763
vn -0.5186 -0.3247 0.7910
vn -0.7996 0.3475 0.4898
vn -0.8208 -0.5227 0.2303
vn -0.8678 0.4813 0.1235
vn -0.8649 0.4873 0.1207
vn -0.8694 0.4794 0.1197
vn -0.8688 0.4801 0.1211
vn -0.9842 -0.1598 -0.0766
vn -0.9540 -0.2698 0.1306
vn 0.3233 -0.4258 0.8451
vn -0.6383 0.3958 0.6603
vn -0.8710 -0.3775 0.3145
vn -0.2240 -0.4654 0.8563
vn -0.2067 -0.5945 0.7771
vn -0.9677 -0.1873 -0.1687
vn 0.0788 -0.3323 0.9399
vn -0.8224 -0.4594 0.3356
vn -0.7451 0.0362 0.6660
vn -0.7656 -0.5269 0.3692
vn -0.3289 0.2625 0.9072
vn 0.4475 -0.7152 0.5368
vn -0.0371 -0.6834 0.7291
vn -0.9807 -0.0940 -0.1714
vn 0.0119 0.4071 0.9133
vn -0.9737 -0.1199 0.1936
vn -0.6542 0.6716 0.3479
vn 0.6233 -0.4754 0.6209
vn 0.1547 -0.3960 0.9051
vn -0.6055 -0.0218 0.7955
vn -0.5457 -0.6795 0.4905
vn -0.7703 -0.4090 0.4892
vn -0.7175 -0.0992 0.6894
vn -0.7192 -0.0966 0.6881
vn -0.7191 -0.0973 0.6880
vn -0.7194 -0.0979 0.6876
vn -0.6566 -0.6181 0.4323
vn 0.2552 -0.7461 0.6150
vn -0.3612 -0.3819 0.8507
vn -0.7772 -0.4314 0.4581
vn -0.0331 -0.1965 0.9799
vn -0.4199 0.3246 0.8475
vn -0.4198 0.3246 0.8476
vn -0.6029 0.7050 0.3735
vn -0.5986 0.7097 0.3715
vn -0.5967 0.7115 0.3710
vn -0.6072 0.7002 0.3755
vn -0.2558 0.3560 0.8988
vn -0.2832 0.3326 0.8995
vn -0.9361 0.2451 0.2524
vn -0.2197 0.5791 0.7851
vn -0.3506 0.4584 0.8167
vn -0.9098 -0.2219 0.3507
vn -0.4275 0.4878 0.7611
vn -0.8200 0.4690 -0.3281
vn 0.0700 0.0086 0.9975
vn -0.3845 0.3109 0.8692
vn -0.6579 0.5140 0.5504
vn -0.9523 0.2037 0.2270
vn 0.0298 0.1096 0.9935
vn -0.8781 0.0600 0.4746
vn -0.6476 0.2043 0.7341
vn -0.5408 -0.0024 0.8411
vn -0.9069 0.1198 0.4039
vn -0.0865 -0.4381 0.8947
vn -0.8139 -0.2377 0.5302
vn 0.2269 0.3732 -0.8996
vn -0.6272 0.4822 0.6116
vn -0.4321 -0.4393 0.7876
vn -0.4105 -0.8802 0.2383
vn -0.3881 0.4991 0.7748
vn -0.3940 0.4809 0.7833
vn -0.3940 0.4810 0.7833
vn 0.1396 -0.6782 0.7215
vn 0.2115 0.7886 0.5773
vn 0.2117 0.7888 0.5771
vn -0.4516 -0.2371 0.8601
vn 0.9797 -0.0985 -0.1746
vn -0.9043 0.1596 0.3959
vn -0.3863 0.8341 0.3939
vn -0.7861 0.5610 0.2594
vn 0.9623 0.1266 -0.2406
vn -0.0588 -0.7123 0.6994
vn -0.5344 -0.2840 0.7961
vn -0.9073 0.2632 0.3279
vn -0.3749 0.1764 0.9101
vn 0.2247 0.0052 0.9744
vn -0.3912 0.6860 -0.6135
vn 0.3030 0.8733 -0.3816
vn -0.3382 0.9236 -0.1803
vn -0.3417 0.9134 -0.2213
vn -0.1949 0.2427 -0.9503
vn -0.9991 -0.0043 0.0428
vn -0.9951 -0.0576 0.0802
vn -0.9999 -0.0007 0.0166
vn 0.1829 -0.1285 0.9747
vn -0.7347 -0.6042 0.3086
vn 0.3344 -0.2915 0.8962
vn -0.2808 0.7525 0.5957
vn -0.2943 0.7909 0.5365
vn -0.2810 0.7556 0.5917
vn -0.2827 0.7551 0.5915
vn -0.8460 0.4909 -0.2082
vn -0.8679 0.4586 -0.1909
vn -0.7782 0.5745 -0.2537
vn 0.1356 0.2728 0.9525
vn -0.0323 0.3222 0.9461
vn -0.8858 0.4110 -0.2154
vn 0.6168 -0.2507 -0.7461
vn 0.2792 0.9600 0.0229
vn 0.2721 0.9578 0.0925
vn 0.3057 0.9519 0.0200
vn -0.2636 0.6455 0.7168
vn -0.9813 -0.0178 0.1915
vn 0.4412 0.8947 -0.0689
vn -0.0598 -0.0599 -0.9964
vn -0.8459 -0.2856 0.4504
vn -0.6876 0.3416 -0.6407
vn 0.7187 -0.5710 0.3968
vn -0.5040 0.0848 0.8596
vn 0.1153 -0.5553 0.8236
vn 0.5343 0.7697 0.3495
vn -0.3489 0.6322 -0.6918
vn 0.0364 -0.6041 0.7961
vn -0.7297 0.6455 0.2256
vn -0.4896 -0.3655 0.7917
vn 0.9999 -0.0137 -0.0080
vn 0.9899 -0.1260 -0.0651
vn 0.5156 -0.3169 0.7961
vn 0.3610 0.8252 0.4344
vn 0.3258 0.0963 0.9405
vn -0.6029 0.6769 0.4223
vn -0.1990 0.2554 0.9461
vn 0.0515 0.4931 -0.8684
vn 0.0989 -0.0910 -0.9909
vn -0.1767 -0.3675 0.9131
vn -0.9240 -0.3554 -0.1411
vn -0.8682 0.4860 -0.0999
vn -0.8891 0.4374 -0.1349
vn 0.9219 -0.3289 0.2047
vn 0.6545 -0.5283 0.5409
vn 0.8610 0.2692 0.4315
vn 0.8032 0.2817 0.5249
vn 0.7001 0.2666 -0.6624
vn 0.7349 0.3012 -0.6076
vn 0.4524 -0.1682 0.8758
vn 0.7694 -0.4974 0.4008
vn 0.8031 -0.3373 0.4913
vn 0.8031 -0.3372 0.4913
vn 0.8470 -0.2956 0.4418
vn 0.8983 0.2212 0.3796
vn 0.6219 0.5475 0.5599
vn -0.6495 0.6836 0.3328
vn -0.9917 -0.1148 0.0579
vn 0.8065 0.3877 0.4463
vn 0.4596 0.5949 -0.6594
vn 0.1221 0.1865 0.9748
vn 0.3046 -0.4585 0.8349
vn 0.6146 -0.2735 -0.7399
vn 0.0866 0.0979 0.9914
vn 0.8704 -0.3076 -0.3844
vn 0.7229 0.5111 0.4649
vn -0.9194 -0.0220 0.3928
vn 0.0246 0.5766 0.8167
vn 0.2506 0.8844 0.3937
vn -0.2435 0.5984 0.7633
vn -0.9839 0.0920 -0.1531
vn 0.8953 -0.2173 -0.3889
vn 0.9090 -0.4085 -0.0826
vn -0.1852 0.8698 -0.4573
vn -0.9291 -0.2883 -0.2315
vn -0.6316 -0.3883 0.6710
vn -0.6308 -0.3868 0.6726
vn -0.6288 -0.3877 0.6740
vn -0.6324 -0.3901 0.6693
vn 0.3719 0.7363 0.5652
vn -0.4903 0.0381 0.8707
vn -0.6592 -0.3762 0.6510
vn -0.4205 0.4465 0.7898
vn 0.0135 0.5399 0.8416
vn -0.2136 -0.6730 -0.7082
vn -0.2506 -0.6467 -0.7204
vn -0.6868 0.7208 -0.0936
vn -0.7117 -0.3850 0.5876
vn -0.9460 -0.1067 0.3060
vn 0.7458 -0.3678 0.5554
vn 0.9166 0.3681 0.1562
vn -0.6676 0.5176 0.5352
vn 0.9963 -0.0468 0.0721
vn 0.9914 -0.0066 0.1307
vn 0.9873 -0.0761 0.1397
vn 0.1313 0.4714 0.8721
vn 0.0759 0.4974 0.8642
vn 0.4558 0.6387 -0.6199
vn 0.0720 0.9968 -0.0353
vn 0.0719 0.9968 -0.0353
vn 0.0217 0.9994 -0.0287
vn 0.0062 0.9992 -0.0397
vn 0.0552 0.9968 -0.0573
vn 0.8459 -0.1068 -0.5226
vn 0.3292 0.9420 0.0658
vn 0.2514 0.9635 0.0923
vn 0.3226 0.9455 0.0440
vn 0.9844 -0.1412 -0.1051
vn 0.9952 -0.0907 -0.0356
vn 0.9844 -0.1412 -0.1052
vn -0.3426 0.0353 -0.9388
vn 0.7663 0.5304 -0.3626
vn -0.4696 -0.2471 0.8476
vn -0.4825 -0.2206 0.8476
vn -0.2616 0.3277 0.9079
vn -0.2460 0.3427 0.9067
vn 0.7599 0.2840 -0.5847
vn 0.8938 -0.2964 0.3364
vn 0.8469 0.1225 -0.5174
vn -0.1278 0.6914 -0.7111
vn 0.4743 0.8495 0.2311
vn -0.8352 0.4463 0.3214
vn -0.8350 0.4467 0.3214
vn -0.8344 0.4477 0.3216
vn -0.8339 0.4484 0.3217
vn 0.0187 0.0503 -0.9986
vn -0.7951 0.5937 0.1235
vn -0.7939 0.5943 0.1285
vn -0.7929 0.5958 0.1280
vn -0.7952 0.5939 0.1224
vn 0.4399 0.6748 -0.5926
vn 0.6191 0.6443 -0.4489
vn -0.6863 -0.1327 -0.7151
vn -0.6544 -0.1266 -0.7455
vn -0.6544 -0.1266 -0.7454
vn 0.8489 -0.4155 0.3268
vn -0.9561 -0.2848 -0.0691
vn -0.9450 -0.3240 -0.0458
vn 0.9592 0.0861 -0.2691
vn 0.9687 -0.1097 0.2226
vn 0.9367 -0.3064 0.1696
vn -0.1948 0.8132 0.5483
vn -0.1805 0.8078 0.5612
vn 0.0285 0.8783 -0.4772
vn 0.9095 -0.4128 -0.0500
vn 0.8280 0.5585 0.0488
vn 0.8266 0.5611 0.0435
vn 0.8256 0.5625 0.0439
vn 0.8270 0.5600 0.0501
vn 0.9597 0.2345 -0.1551
vn 0.4674 0.4556 -0.7576
vn 0.1849 0.8771 -0.4433
vn 0.3223 0.6449 -0.6930
vn -0.9064 0.4019 0.1301
vn -0.9066 0.4017 0.1294
vn -0.9068 0.4006 0.1313
vn -0.9066 0.4010 0.1316
vn 0.6777 0.5400 -0.4991
vn 0.6630 0.5015 -0.5558
vn -0.8878 -0.3256 -0.3251
vn -0.8761 -0.3258 -0.3554
vn -0.8868 -0.3116 -0.3414
vn -0.9013 -0.2989 -0.3134
vn 0.2698 0.1741 -0.9470
vn -0.5317 0.0829 -0.8428
vn 0.2109 0.3587 -0.9093
vn 0.9911 0.0621 0.1181
vn 0.9917 0.0114 0.1283
vn 0.2558 0.6924 -0.6746
vn -0.1333 0.8897 0.4366
vn -0.1534 0.8918 0.4257
vn -0.1308 0.9161 0.3789
vn -0.1326 0.9156 0.3797
vn -0.1428 0.9141 0.3795
vn -0.1714 0.9121 -0.3725
vn -0.5897 0.7248 -0.3563
vn -0.4761 0.7769 -0.4120
vn 0.0858 0.9236 -0.3736
vn -0.0899 0.9287 -0.3598
vn 0.9190 -0.1716 -0.3549
vn 0.9165 -0.3869 0.1016
vn 0.7406 0.2880 -0.6072
vn 0.7407 0.2219 -0.6341
vn 0.9888 -0.1233 -0.0835
vn 0.9802 -0.1891 -0.0591
vn 0.9837 -0.0190 0.1788
vn 0.9763 -0.0429 0.2121
vn 0.5294 0.7529 0.3911
vn -0.9804 0.1540 0.1225
vn -0.9740 0.1973 0.1109
vn 0.4039 0.8741 0.2699
vn 0.1361 0.9906 0.0111
vn 0.5564 0.7964 0.2370
vn 0.7811 0.6045 0.1561
vn 0.3984 0.8974 0.1893
vn 0.2560 0.9427 -0.2141
vn 0.9779 -0.0239 0.2077
vn 0.8708 0.4916 -0.0087
vn -0.4718 0.2484 0.8460
vn -0.4718 0.2485 0.8460
vn -0.4790 0.2997 0.8251
vn 0.9904 0.0179 0.1372
vn 0.9910 0.0190 0.1327
vn 0.9889 0.0432 0.1420
vn 0.9889 0.0432 0.1425
vn 0.9848 -0.0478 0.1672
vn 0.9867 -0.0357 0.1583
vn -0.9067 0.4162 0.0687
vn -0.8919 0.4479 0.0631
vn 0.8775 0.4749 -0.0662
vn 0.4608 0.8870 -0.0309
vn -0.8140 0.5658 0.1315
vn -0.8140 0.5657 0.1315
vn -0.8188 0.5536 0.1516
vn -0.8189 0.5536 0.1516
vn 0.7726 0.3784 0.5098
vn 0.4780 -0.8781 0.0229
vn 0.9538 -0.2643 0.1433
vn 0.5028 0.8312 -0.2374
vn 0.9367 0.3442 0.0635
vn -0.2076 0.1139 0.9716
vn -0.1780 0.1278 0.9757
vn 0.0466 0.1444 -0.9884
vn 0.1007 0.1419 -0.9848
vn 0.1006 0.1419 -0.9848
vn 0.0465 0.1444 -0.9884
vn 0.8930 0.4435 -0.0762
vn 0.2356 -0.2550 -0.9378
vn 0.2351 -0.2462 -0.9403
vn 0.2347 -0.2448 -0.9407
vn 0.2335 -0.2533 -0.9388
vn 0.6673 0.7207 0.1879
vn 0.9504 0.3094 -0.0312
vn 0.9001 0.3123 0.3038
vn 0.8396 -0.4517 0.3018
vn 0.1259 0.9916 0.0303
vn 0.9937 0.0682 -0.0888
vn 0.8600 0.2350 0.4530
vn 0.9414 0.2100 0.2640
vn 0.9840 0.1440 0.1046
vn 0.2603 0.9214 0.2885
vn 0.8896 0.4426 0.1125
vn 0.5624 0.8263 -0.0305
vn -0.7198 0.5013 -0.4803
vn -0.7314 0.4727 -0.4914
vn 0.3005 0.8629 0.4063
vn 0.3901 0.9136 0.1143
vn -0.1352 -0.6935 -0.7077
vn -0.0963 -0.6933 -0.7142
vn -0.7859 0.3004 -0.5404
vn -0.8291 0.3055 -0.4682
vn -0.8292 0.3055 -0.4682
vn 0.8651 0.1991 0.4603
vn 0.9763 -0.0698 0.2050
vn 0.7724 -0.4764 0.4200
vn 0.8071 -0.5782 0.1195
vn 0.8390 -0.4828 0.2510
vn 0.7206 0.6871 0.0928
vn 0.9957 -0.0635 0.0673
vn 0.8623 -0.3893 0.3239
vn 0.2381 0.9661 -0.0998
vn 0.2337 0.9678 -0.0938
vn 0.1683 0.9771 -0.1304
vn 0.2389 0.9661 -0.0983
vn 0.7675 -0.0443 0.6395
vn 0.7934 -0.4580 0.4009
vn 0.7991 -0.6012 -0.0072
vn 0.8330 0.0005 0.5533
vn 0.7965 -0.4559 0.3970
vn 0.8412 0.4869 0.2352
vn -0.6176 0.0674 -0.7836
vn -0.6375 0.0538 -0.7686
vn -0.6828 0.0724 -0.7270
vn -0.6608 0.1478 -0.7358
vn 0.9338 -0.2431 0.2625
vn 0.8138 -0.4874 -0.3164
vn 0.5726 -0.6109 0.5468
vn 0.9640 0.2376 -0.1192
vn -0.1303 0.9009 -0.4140
vn -0.0873 0.9334 -0.3481
vn -0.5263 0.7848 0.3271
vn -0.4960 0.8182 0.2908
vn 0.3611 0.9243 -0.1232
vn 0.9551 -0.2944 0.0341
vn 0.7208 -0.0690 -0.6897
vn 0.4936 0.8692 -0.0296
vn 0.9864 -0.1630 0.0226
vn -0.7709 -0.0607 0.6340
vn -0.7894 -0.0746 0.6093
vn 0.9746 -0.1901 -0.1183
vn 0.9002 0.4312 0.0613
vn 0.7185 -0.6952 -0.0195
vn 0.8460 -0.3709 0.3831
vn 0.0967 -0.0622 -0.9934
vn 0.1271 -0.0713 -0.9893
vn -0.8338 0.5413 -0.1084
vn -0.8457 0.5121 -0.1502
vn -0.8457 0.5120 -0.1502
vn 0.9071 -0.4205 0.0189
vn -0.2358 -0.3527 -0.9055
vn -0.2368 -0.2902 -0.9272
vn 0.9532 -0.3003 0.0343
vn 0.5489 0.7946 0.2592
vn 0.8473 0.3168 0.4262
vn 0.9093 -0.3318 0.2513
vn 0.9336 -0.3415 0.1079
vn 0.9175 0.0038 0.3976
vn 0.4980 0.4165 -0.7606
vn 0.4831 0.4578 -0.7464
vn 0.4016 0.9129 0.0729
vn 0.9943 -0.0242 0.1039
vn 0.3759 0.8946 0.2417
vn 0.9618 0.2736 0.0082
vn 0.9486 0.1993 -0.2458
vn 0.2904 0.9391 0.1839
vn 0.1283 0.9915 -0.0208
vn 0.1387 0.9893 -0.0446
vn 0.8396 -0.5067 0.1959
vn 0.9790 0.0754 0.1892
vn 0.9422 0.2289 0.2447
vn -0.9724 0.0432 0.2291
vn -0.9792 0.0705 0.1904
vn 0.9298 0.2139 -0.2995
vn -0.8603 0.0125 0.5097
vn -0.8435 -0.0672 0.5329
vn 0.8205 -0.4563 -0.3445
vn 0.8243 -0.4529 -0.3398
vn 0.8228 -0.4538 -0.3420
vn 0.8214 -0.4548 -0.3443
vn 0.8964 0.4273 -0.1183
vn 0.2658 0.9576 -0.1110
vn 0.5010 0.0757 -0.8621
vn 0.5146 0.0636 -0.8551
vn 0.9427 0.0534 -0.3293
vn -0.0611 0.9826 -0.1752
vn -0.0409 0.9839 -0.1742
vn -0.0612 0.9826 -0.1752
vn 0.9574 -0.1043 -0.2694
vn 0.7021 0.7006 0.1272
vn 0.9167 0.3363 0.2160
vn 0.1777 0.0847 0.9804
vn 0.1569 0.0276 0.9872
vn -0.6747 -0.3241 0.6631
vn 0.7879 -0.3826 0.4826
vn 0.8368 -0.2419 0.4912
vn 0.3054 -0.3271 -0.8943
vn 0.2781 -0.3036 -0.9113
vn 0.8863 0.3450 -0.3091
vn 0.4371 0.8989 0.0295
vn 0.7692 -0.3598 -0.5281
vn 0.5584 0.7674 0.3150
vn 0.9513 -0.2965 -0.0848
vn -0.8442 0.1170 0.5231
vn -0.8482 0.1173 0.5165
vn -0.8430 0.0998 0.5286
vn -0.8548 0.1417 0.4992
vn -0.8548 0.1417 0.4993
vn -0.7151 -0.3334 -0.6144
vn -0.7106 -0.3339 -0.6194
vn -0.7101 -0.3332 -0.6203
vn -0.7145 -0.3334 -0.6151
vn -0.6932 0.3793 0.6129
vn -0.6808 0.4130 0.6049
vn 0.8832 -0.1575 0.4417
vn 0.7360 -0.1589 0.6581
vn 0.8244 -0.1358 0.5495
vn 0.9431 0.2394 0.2306
vn 0.8606 -0.0703 0.5044
vn 0.9859 0.1129 0.1234
vn 0.9449 0.2088 -0.2520
vn 0.8664 -0.1882 0.4625
vn 0.4650 0.5294 0.7095
vn 0.9713 0.0944 0.2182
vn 0.9509 0.0932 0.2952
vn 0.6776 -0.6504 0.3433
vn 0.9720 0.2260 0.0647
vn 0.7027 -0.5846 0.4055
vn 0.2093 0.9747 0.0781
vn 0.9052 -0.1639 -0.3920
vn 0.7922 0.5487 0.2673
vn 0.9603 0.2351 0.1499
vn 0.6181 0.7459 -0.2482
vn 0.7371 -0.5464 0.3978
vn 0.8005 -0.4891 0.3465
vn 0.6171 0.2495 0.7463
vn 0.5713 0.4909 -0.6578
vn 0.9755 -0.2201 0.0054
vn 0.8500 -0.4776 -0.2222
vn 0.9308 0.2297 0.2844
vn 0.6576 0.7044 -0.2672
vn 0.2351 0.9707 -0.0504
vn 0.7103 0.6068 0.3566
vn 0.7471 -0.6413 0.1750
vn 0.6608 0.7494 0.0416
vn -0.8053 0.3938 0.4431
vn -0.7765 0.4455 0.4457
vn 0.9774 0.0769 -0.1969
vn 0.3362 0.9225 0.1895
vn 0.9447 0.3189 0.0766
vn 0.8841 0.4510 -0.1222
vn 0.7502 0.2714 0.6029
vn 0.8221 0.5518 0.1403
vn 0.9733 -0.2073 -0.0986
vn 0.7652 -0.5981 0.2381
vn 0.8036 -0.4425 0.3981
vn 0.8411 0.5409 0.0041
vn 0.9043 -0.3893 0.1752
vn 0.9892 -0.1332 -0.0610
vn 0.7353 -0.3109 0.6022
vn 0.2710 0.9603 0.0657
vn 0.5030 0.8554 0.1238
vn 0.4580 0.8888 -0.0169
vn 0.6962 0.6890 0.2014
vn -0.1015 0.0312 0.9943
vn -0.0554 0.0554 0.9969
vn -0.0555 0.0554 0.9969
vn 0.9911 0.1128 -0.0702
vn 0.6952 0.7157 -0.0664
vn 0.9921 0.1254 0.0078
vn 0.8252 -0.0549 0.5622
vn 0.8789 -0.2641 0.3972
vn 0.8797 -0.4624 0.1111
vn 0.9379 0.3073 -0.1608
vn 0.3963 0.8843 -0.2468
vn 0.4697 0.6794 -0.5636
vn 0.9359 0.2809 -0.2126
vn 0.5620 0.6350 -0.5300
vn 0.9504 -0.3049 -0.0616
vn 0.9106 0.4030 0.0912
vn 0.7879 0.6157 0.0096
vn 0.8297 0.3296 0.4504
vn 0.6778 0.4855 -0.5522
vn -0.7454 0.1851 -0.6404
vn -0.7463 0.1597 -0.6462
vn 0.7458 0.5756 -0.3354
vn 0.3965 0.8279 -0.3966
vn 0.8863 0.4565 -0.0785
vn 0.6008 0.7785 -0.1817
vn -0.7116 0.3218 -0.6246
vn -0.7193 0.3627 -0.5925
vn 0.7814 0.4572 -0.4247
vn 0.9698 0.0922 -0.2257
vn 0.9958 0.0267 0.0880
vn 0.2808 -0.4210 -0.8625
vn 0.2639 -0.4279 -0.8644
vn -0.5956 0.7157 -0.3646
vn -0.5619 0.7421 -0.3655
vn -0.6259 0.7126 -0.3169
vn -0.7041 0.4466 0.5522
vn -0.7076 0.4933 0.5059
vn 0.9383 0.1224 0.3235
vn 0.6242 0.7712 0.1249
vn 0.9020 0.3253 -0.2839
vn 0.7551 -0.6547 0.0337
vn 0.7538 -0.6560 0.0370
vn 0.7344 -0.6775 -0.0395
vn 0.7148 0.4679 -0.5198
vn 0.7942 0.4882 -0.3618
vn -0.6541 0.2385 0.7178
vn -0.6324 0.2498 0.7333
vn -0.9640 -0.0738 0.2554
vn -0.9427 -0.1163 0.3127
vn -0.9427 -0.1163 0.3128
vn 0.6410 0.6711 -0.3726
vn 0.8962 0.4402 -0.0549
vn -0.0148 0.3034 -0.9528
vn -0.0128 0.2889 -0.9573
vn -0.0293 0.2784 -0.9600
vn -0.1130 0.9713 -0.2094
vn -0.1401 0.9665 -0.2151
vn -0.0915 0.9744 -0.2056
vn -0.0973 0.9730 -0.2093
vn 0.8768 0.4279 -0.2196
vn -0.7407 0.3254 0.5878
vn -0.7397 0.3190 0.5925
vn -0.7396 0.3203 0.5920
vn -0.7404 0.3267 0.5874
vn 0.9911 0.1220 0.0540
vn 0.8917 0.4387 0.1111
vn 0.5085 0.6928 -0.5114
vn 0.6747 -0.6733 0.3025
vn 0.9056 -0.2031 0.3723
vn 0.9317 -0.1679 0.3220
vn 0.6131 -0.1281 0.7795
vn 0.7705 0.3196 -0.5515
vn 0.8143 -0.2693 0.5142
vn 0.9512 0.1305 -0.2795
vn 0.9660 0.0439 0.2548
vn 0.2563 0.4712 0.8439
vn 0.2518 0.4856 0.8371
vn 0.2518 0.4855 0.8372
vn 0.7605 0.6490 0.0216
vn 0.7195 0.6684 0.1889
vn 0.9636 0.2547 0.0807
vn 0.7874 -0.2649 0.5566
vn 0.9511 0.2880 -0.1112
vn 0.9261 0.3773 0.0093
vn 0.6077 0.0502 0.7925
vn 0.0286 0.9919 0.1240
vn 0.0257 0.9957 0.0889
vn -0.6590 0.2505 0.7092
vn -0.6069 0.2867 0.7413
vn -0.6068 0.2867 0.7413
vn -0.6591 0.2504 0.7092
vn 0.5950 0.7886 -0.1552
vn 0.9132 0.3742 0.1615
vn 0.9251 -0.2087 0.3173
vn 0.9317 -0.1465 0.3324
vn 0.9359 -0.1731 0.3068
vn 0.9386 -0.1504 0.3104
vn 0.9383 -0.1515 0.3108
vn 0.9343 -0.1568 0.3201
vn 0.8505 0.5182 -0.0900
vn 0.2960 0.4755 0.8285
vn 0.3523 0.4825 0.8020
vn 0.3523 0.4825 0.8019
vn -0.6062 0.2967 -0.7379
vn -0.6242 0.2737 -0.7318
vn -0.6241 0.2738 -0.7318
vn 0.9238 0.3645 0.1172
vn -0.7590 0.3570 0.5445
vn -0.7202 0.3776 0.5821
vn -0.7560 0.3126 0.5750
vn 0.6819 0.7068 -0.1882
vn 0.6377 0.7551 0.1523
vn 0.8887 -0.4547 0.0584
vn 0.9624 0.0821 0.2589
vn 0.9690 -0.1804 0.1691
vn 0.9056 0.1932 0.3776
vn 0.6379 0.0293 0.7695
vn 0.6379 0.0292 0.7696
vn 0.9404 0.3392 -0.0257
vn 0.8399 -0.3360 0.4262
vn 0.7749 0.6260 -0.0877
vn 0.9806 0.1962 -0.0006
vn 0.3846 0.9207 -0.0665
vn 0.8696 -0.0945 0.4847
vn 0.4502 0.8221 -0.3484
vn 0.7362 0.6758 -0.0351
vn 0.9619 -0.0975 -0.2555
vn -0.9158 -0.3942 -0.0771
vn -0.8903 -0.4538 -0.0369
vn 0.9186 0.3869 -0.0803
vn 0.9418 0.3233 -0.0925
vn 0.9265 -0.1341 0.3517
vn 0.6413 0.7670 -0.0231
vn 0.7774 -0.3713 0.5077
vn 0.9291 0.1012 0.3557
vn 0.1390 -0.0202 -0.9901
vn 0.0707 -0.0282 -0.9971
vn 0.0706 -0.0283 -0.9971
vn 0.1390 -0.0201 -0.9901
vn 0.9445 0.3260 -0.0409
vn 0.8725 -0.3670 0.3225
vn 0.9395 0.2077 0.2725
vn 0.7677 -0.2328 0.5971
vn 0.9597 -0.2689 -0.0816
vn 0.9605 -0.2665 -0.0802
vn 0.9579 -0.2577 -0.1269
vn 0.3496 0.9327 0.0889
vn 0.6362 -0.5776 0.5114
vn 0.6363 -0.5776 0.5114
vn 0.5687 -0.6147 0.5465
vn 0.5684 -0.6145 0.5470
vn 0.6333 -0.5295 0.5644
vn -0.1040 -0.3145 -0.9435
vn -0.1039 -0.3145 -0.9435
vn -0.1269 -0.3099 -0.9423
vn 0.5925 0.6260 -0.5070
vn 0.9141 0.3437 0.2151
vn 0.6828 -0.1851 0.7068
vn 0.6536 -0.1650 0.7386
vn 0.3013 0.9395 -0.1627
vn 0.2210 0.6912 0.6880
vn 0.2780 0.6796 0.6789
vn 0.9875 0.1440 0.0636
vn 0.9480 0.2805 -0.1507
vn 0.9634 0.2640 0.0476
vn 0.8908 0.4195 0.1745
vn 0.9818 0.1073 0.1566
vn 0.8586 0.5064 -0.0796
vn 0.7023 -0.2645 0.6609
vn 0.1448 0.7617 0.6315
vn 0.1446 0.7627 0.6304
vn 0.1443 0.7627 0.6304
vn 0.1446 0.7622 0.6310
vn 0.9721 -0.0040 0.2344
vn 0.6685 -0.4448 -0.5961
vn 0.7534 -0.5267 -0.3937
vn 0.9160 -0.3596 -0.1779
vn -0.7645 0.5254 -0.3736
vn -0.7644 0.5254 -0.3736
vn -0.8011 0.4515 -0.3929
vn 0.7966 0.0845 0.5986
vn 0.6128 0.0932 -0.7847
vn 0.5811 0.0710 -0.8107
vn 0.7356 -0.6655 -0.1265
vn 0.8860 -0.3412 -0.3140
vn 0.8910 0.4530 -0.0288
vn 0.8716 0.4901 -0.0143
vn 0.8324 -0.4581 -0.3118
vn 0.8266 -0.2851 -0.4853
vn 0.8842 -0.2501 -0.3944
vn 0.4835 0.8707 -0.0904
vn 0.0412 0.7275 0.6849
vn 0.0316 0.7261 0.6868
vn 0.0289 0.7276 0.6854
vn 0.0388 0.7284 0.6841
vn 0.9564 -0.2433 -0.1615
vn 0.7545 -0.5913 0.2848
vn 0.6209 0.6924 -0.3675
vn 0.8606 0.2320 -0.4534
vn 0.7916 0.4467 -0.4168
vn 0.6138 0.6692 -0.4187
vn -0.4929 0.5866 -0.6426
vn -0.5007 0.6126 -0.6116
vn 0.9076 -0.1593 -0.3885
vn 0.9046 -0.4186 0.0800
vn 0.6372 -0.7252 0.2607
vn 0.9528 0.1817 -0.2434
vn 0.8087 -0.5879 -0.0188
vn 0.9613 0.0506 -0.2708
vn 0.2316 0.9727 0.0121
vn 0.6351 -0.6068 0.4780
vn 0.5870 -0.5986 0.5451
vn 0.8608 0.4745 -0.1839
vn 0.8668 0.4555 -0.2030
vn 0.8388 0.5136 -0.1808
vn 0.8785 0.4425 -0.1801
vn 0.8440 0.5174 -0.1416
vn 0.8608 0.4746 -0.1839
vn 0.9711 0.1851 -0.1508
vn 0.4975 0.7959 0.3449
vn 0.4936 0.7950 0.3526
vn 0.4934 0.7960 0.3508
vn 0.4971 0.7971 0.3429
vn 0.7440 -0.6670 0.0397
vn 0.6703 0.2236 0.7076
vn 0.6948 0.2847 0.6605
vn 0.9235 -0.1911 -0.3327
vn 0.8883 0.2663 -0.3743
vn -0.1887 0.8321 -0.5215
vn -0.1909 0.8182 -0.5424
vn -0.1909 0.8181 -0.5424
vn -0.1644 0.8204 -0.5477
vn -0.1665 0.8201 -0.5475
vn -0.1640 0.8239 -0.5424
vn 0.8229 -0.0849 0.5618
vn 0.3208 0.9416 -0.1023
vn 0.9930 -0.0575 0.1029
vn 0.8539 0.5071 0.1167
vn 0.9971 0.0254 0.0714
vn 0.9730 -0.0977 0.2090
vn 0.4555 0.8328 0.3146
vn 0.9554 0.2477 0.1610
vn 0.3898 0.9130 0.1207
vn 0.9058 -0.2456 0.3453
vn 0.9058 -0.2456 0.3452
vn 0.9186 -0.2420 0.3124
vn 0.1890 0.7751 0.6029
vn 0.1889 0.7751 0.6029
vn 0.2082 0.7781 0.5926
vn -0.6577 0.7397 0.1423
vn -0.6916 0.7111 0.1265
vn -0.6916 0.7111 0.1266
vn -0.4186 0.5766 0.7016
vn -0.4201 0.5968 0.6836
vn 0.7896 0.2925 0.5395
vn 0.7696 0.4045 0.4941
vn 0.9924 0.0536 0.1111
vn -0.8899 -0.4280 0.1577
vn -0.8991 -0.4187 0.1275
vn -0.7346 0.5757 -0.3591
vn -0.7084 0.6060 -0.3619
vn -0.7084 0.6059 -0.3619
vn -0.5594 0.5611 0.6102
vn -0.6042 0.5800 0.5463
vn -0.6043 0.5800 0.5463
vn 0.2989 0.8249 -0.4799
vn 0.2989 0.8249 -0.4798
vn 0.3452 0.8375 -0.4235
vn 0.2749 0.8756 -0.3973
vn 0.1256 0.9814 0.1452
vn 0.5878 0.8090 0.0043
vn -0.8797 0.3538 0.3179
vn -0.8812 0.3483 0.3195
vn -0.8829 0.3426 0.3213
vn -0.8840 0.3401 0.3207
vn 0.5515 0.8318 0.0630
vn 0.5264 0.8463 0.0823
vn 0.6361 0.7704 -0.0430
vn -0.4426 -0.2544 -0.8599
vn -0.4068 -0.3177 -0.8565
vn 0.9656 0.0899 0.2438
vn 0.4572 0.8410 -0.2894
vn 0.8397 0.4440 -0.3126
vn 0.8140 -0.2653 0.5168
vn 0.9801 -0.1064 0.1675
vn -0.8266 -0.4728 -0.3054
vn -0.8259 -0.4728 -0.3072
vn -0.8236 -0.4769 -0.3070
vn -0.8419 -0.4597 -0.2825
vn 0.7021 -0.3639 -0.6121
vn -0.9552 -0.2039 0.2147
vn -0.9561 -0.2348 0.1754
vn -0.9561 -0.2348 0.1755
vn 0.7392 0.4287 0.5194
vn 0.9768 0.1185 -0.1781
vn 0.9951 0.0244 -0.0963
vn 0.9492 0.3058 -0.0741
vn 0.3584 0.9171 0.1748
vn 0.5415 -0.4200 0.7283
vn -0.0725 0.9790 -0.1906
vn 0.9709 0.2382 0.0234
vn 0.6513 0.1205 0.7492
vn 0.0616 0.1164 0.9913
vn 0.0256 0.0954 0.9951
vn 0.0362 0.1531 0.9876
vn 0.9636 0.2612 -0.0568
vn 0.9636 0.2611 -0.0568
vn 0.9636 0.2612 -0.0567
vn 0.9635 0.2620 -0.0555
vn 0.5319 -0.0175 0.8466
vn 0.4542 0.8717 0.1840
vn 0.5701 0.5759 0.5859
vn 0.1458 0.9893 0.0048
vn 0.1883 0.9821 0.0057
vn 0.1294 0.9907 0.0418
vn 0.1343 0.9908 -0.0161
vn 0.3559 0.9345 -0.0074
vn 0.5895 -0.2447 0.7698
vn 0.9751 -0.0934 0.2009
vn 0.9689 -0.1944 0.1533
vn 0.7897 0.0397 0.6122
vn -0.2724 0.7153 0.6435
vn -0.2619 0.7333 0.6274
vn -0.0941 -0.6468 -0.7568
vn -0.0814 -0.6540 -0.7521
vn 0.9314 0.2410 0.2727
vn -0.7409 0.0547 0.6694
vn -0.7376 0.0799 0.6705
vn -0.4068 0.8946 -0.1852
vn -0.3992 0.9043 -0.1511
vn 0.8458 0.4356 0.3080
vn -0.2366 0.9713 0.0221
vn -0.9591 0.2832 0.0061
vn -0.9590 0.2832 0.0061
vn -0.9517 0.3061 -0.0240
vn -0.9517 0.3061 -0.0241
vn 0.2127 0.9760 0.0468
vn 0.3123 0.9500 0.0059
vn 0.7118 0.1462 0.6870
vn 0.3464 0.9224 0.1710
vn 0.7202 0.5553 0.4158
vn 0.3985 0.8866 0.2348
vn 0.0960 0.8891 0.4476
vn 0.0218 0.8834 0.4680
vn 0.2656 0.9636 0.0303
vn 0.4464 -0.2702 -0.8531
vn 0.4287 -0.2199 -0.8763
vn 0.1635 0.9846 -0.0619
vn -0.2769 0.3225 -0.9052
vn -0.2798 0.2491 -0.9272
vn 0.5154 0.7836 0.3469
vn 0.9839 0.1284 0.1241
vn 0.5402 0.6018 0.5882
vn 0.9787 0.1585 0.1301
vn 0.6328 0.7740 0.0193
vn 0.9895 -0.1443 -0.0014
vn 0.8658 0.4313 0.2538
vn 0.6955 0.7026 0.1508
vn 0.7566 0.5033 0.4174
vn 0.7493 0.5410 0.3820
vn 0.9985 0.0533 0.0111
vn 0.4344 0.8924 -0.1221
vn 0.8513 0.5089 0.1275
vn 0.8572 -0.0327 -0.5140
vn 0.8205 0.4723 0.3222
vn 0.5881 0.1901 0.7861
vn 0.6352 0.6945 0.3378
vn 0.7385 -0.4323 -0.5174
vn 0.7558 0.4422 0.4830
vn 0.6667 -0.3617 0.6517
vn 0.6660 -0.3629 0.6517
vn 0.6652 -0.3600 0.6541
vn 0.6786 -0.3284 0.6570
vn 0.6786 -0.3285 0.6570
vn 0.6955 0.7184 -0.0125
vn 0.2687 0.9615 0.0570
vn 0.2832 0.9587 0.0255
vn 0.7955 0.1648 0.5831
vn -0.6493 0.3377 -0.6814
vn -0.6541 0.3336 -0.6788
vn -0.6547 0.3326 -0.6788
vn -0.6500 0.3366 -0.6813
vn 0.8102 0.0462 0.5843
vn 0.7232 0.6866 0.0745
vn 0.4403 0.8962 0.0543
vn 0.7843 -0.6150 0.0813
vn 0.9309 0.0428 -0.3628
vn 0.1837 0.9829 -0.0155
vn -0.7938 0.5024 -0.3428
vn -0.7884 0.5338 -0.3057
vn -0.7938 0.5023 -0.3428
vn 0.5292 0.7978 0.2890
vn 0.7328 0.4087 -0.5440
vn 0.9044 0.4155 0.0973
vn 0.6660 0.7244 0.1781
vn 0.3942 0.9182 0.0401
vn 0.9792 0.0115 0.2024
vn 0.4530 0.8508 0.2661
vn 0.1654 0.9809 0.1025
vn 0.4433 0.8786 -0.1775
vn 0.9254 0.3406 0.1664
vn 0.5708 0.7975 0.1952
vn 0.6368 0.1446 0.7574
vn 0.8723 -0.3955 -0.2875
vn 0.7358 -0.3804 0.5603
vn 0.8984 0.1083 0.4256
vn 0.8385 0.5196 0.1643
vn 0.8330 -0.5059 0.2239
vn 0.9090 -0.4109 -0.0695
vn 0.8153 -0.3757 -0.4407
vn 0.6311 0.6428 0.4342
vn 0.8735 0.4542 -0.1752
vn -0.4583 0.8850 0.0819
vn 0.6050 0.7776 -0.1710
vn 0.9375 -0.0031 0.3480
vn 0.9386 0.2633 0.2229
vn 0.6612 0.3143 -0.6811
vn 0.9358 0.3210 0.1457
vn 0.9860 0.1307 0.1031
vn 0.8057 -0.5809 0.1154
vn 0.8102 -0.5762 0.1078
vn 0.8133 -0.5675 0.1286
vn 0.8132 -0.5675 0.1286
vn 0.9704 -0.1474 0.1915
vn 0.9745 0.1992 0.1035
vn 0.1181 0.4570 -0.8816
vn 0.1227 0.4605 -0.8791
vn 0.1244 0.4590 -0.8797
vn 0.1181 0.4556 -0.8823
vn 0.8953 0.4418 0.0562
vn 0.7846 0.1248 -0.6074
vn 0.9522 0.3016 0.0495
vn 0.8201 0.5411 0.1863
vn 0.8154 0.5577 0.1555
vn 0.9038 -0.3436 0.2552
vn 0.7163 -0.6354 -0.2885
vn 0.9983 0.0523 -0.0251
vn 0.3088 0.9404 -0.1425
vn 0.7099 -0.7041 -0.0187
vn 0.4865 0.8418 0.2340
vn 0.5484 0.8043 0.2287
vn 0.9404 -0.2958 0.1675
vn 0.7388 0.6207 -0.2626
vn 0.8919 0.3007 -0.3378
vn 0.8502 0.1194 -0.5128
vn 0.5033 0.8222 -0.2659
vn 0.9292 -0.3640 -0.0638
vn 0.9100 0.1410 -0.3899
vn 0.9457 -0.2522 -0.2050
vn 0.7658 -0.6095 -0.2051
vn 0.8917 -0.4387 0.1115
vn 0.9194 -0.3250 -0.2218
vn 0.6899 -0.2803 0.6674
vn 0.9028 -0.2368 -0.3590
vn 0.8974 -0.2796 0.3413
vn 0.9054 0.0764 0.4175
vn 0.5298 0.5234 0.6674
vn 0.6743 0.7149 0.1851
vn 0.8269 -0.5566 -0.0808
vn 0.4061 0.3401 -0.8482
vn -0.8997 0.4034 0.1667
vn -0.8993 0.4044 0.1663
vn -0.8973 0.4082 0.1682
vn -0.8977 0.4073 0.1682
vn 0.1102 -0.6493 -0.7525
vn -0.6906 0.5485 -0.4714
vn -0.2091 0.1876 -0.9597
vn 0.0779 0.9519 -0.2962
vn -0.1173 0.7757 -0.6201
vn -0.1366 0.5401 -0.8305
vn -0.1366 0.5401 -0.8304
vn -0.1906 0.4837 -0.8542
vn -0.1907 0.4837 -0.8542
vn 0.3914 0.9200 -0.0185
vn 0.3152 0.9490 -0.0098
vn -0.3295 0.9153 0.2316
vn 0.2479 0.8022 -0.5432
vn -0.6176 0.2397 0.7491
vn -0.6031 0.2670 0.7517
vn -0.5794 0.2345 0.7806
vn 0.9952 0.0684 0.0703
vn 0.9952 0.0684 0.0702
vn 0.9956 0.0825 0.0442
vn 0.6403 0.0239 -0.7678
vn -0.5482 0.2763 0.7894
vn -0.4874 0.3240 0.8109
vn 0.2669 0.9205 -0.2854
vn 0.2638 0.9180 -0.2960
vn 0.2627 0.9189 -0.2943
vn 0.2657 0.9214 -0.2835
vn -0.5607 0.6965 -0.4478
vn -0.5574 0.7064 -0.4362
vn -0.4934 0.2153 -0.8427
vn -0.5025 0.2435 -0.8296
vn 0.0109 0.2517 -0.9677
vn -0.1310 0.8026 -0.5819
vn -0.0431 -0.4346 -0.8996
vn 0.3106 0.4515 -0.8365
vn 0.4386 0.7955 -0.4181
vn 0.0032 0.5036 -0.8639
vn -0.0117 0.5136 -0.8579
vn -0.0013 0.4986 -0.8668
vn 0.2957 0.7674 -0.5689
vn 0.1565 0.5541 -0.8176
vn 0.9539 0.1936 -0.2294
vn -0.7318 -0.1087 -0.6728
vn -0.7063 -0.1561 -0.6905
vn 0.4226 0.3480 -0.8368
vn -0.2877 -0.1243 -0.9496
vn 0.4876 0.2243 -0.8438
vn -0.0124 -0.0557 -0.9984
vn -0.0781 0.3805 -0.9215
vn 0.1790 0.2857 -0.9415
vn -0.2898 0.7921 0.5372
vn -0.2668 0.7649 0.5863
vn 0.0295 0.9685 -0.2471
vn -0.3666 -0.4045 -0.8378
vn -0.0666 -0.2450 -0.9672
vn 0.2643 0.2805 -0.9227
vn -0.3223 -0.1152 -0.9396
vn -0.9474 -0.2714 -0.1697
vn -0.9266 -0.3125 -0.2090
vn 0.1756 0.3034 -0.9366
vn -0.2351 0.1698 -0.9570
vn 0.5518 0.6429 -0.5312
vn -0.5956 0.4356 -0.6749
vn -0.6148 0.4249 -0.6644
vn -0.6149 0.4248 -0.6644
vn -0.5254 0.1967 -0.8278
vn 0.1917 0.5003 -0.8444
vn -0.7494 0.1734 -0.6389
vn -0.1964 0.1697 -0.9657
vn -0.2297 -0.1728 0.9578
vn -0.2077 -0.1316 0.9693
vn -0.2077 -0.1317 0.9693
vn -0.2296 -0.1728 0.9578
vn -0.6262 0.3425 -0.7004
vn 0.1583 0.8040 -0.5731
vn 0.2827 0.3876 -0.8774
vn -0.8241 0.5582 0.0963
vn 0.2083 0.3721 -0.9045
vn 0.5505 -0.1251 -0.8254
vn 0.4005 -0.2250 -0.8883
vn -0.2019 0.5464 -0.8128
vn 0.1147 -0.2599 -0.9588
vn 0.2494 0.3616 -0.8984
vn 0.8649 0.0333 -0.5009
vn 0.8813 0.0107 -0.4724
vn -0.3177 0.2353 -0.9185
vn -0.0664 -0.3407 -0.9378
vn -0.0336 0.7788 0.6263
vn -0.0442 0.7741 0.6316
vn -0.0429 0.7754 0.6300
vn -0.0284 0.7640 0.6446
vn 0.2064 -0.1201 -0.9711
vn -0.0383 0.9393 -0.3409
vn -0.0958 0.9481 -0.3032
vn 0.2817 -0.2434 -0.9281
vn 0.4394 0.2248 -0.8697
vn -0.8386 0.2899 -0.4612
vn -0.3569 0.2734 -0.8933
vn 0.4977 0.5507 -0.6701
vn 0.4977 0.5744 -0.6499
vn 0.4977 0.5745 -0.6499
vn 0.2504 -0.2523 -0.9347
vn 0.1834 0.9183 -0.3508
vn 0.9561 -0.1499 0.2518
vn 0.9561 -0.1556 0.2483
vn 0.9560 -0.1534 0.2500
vn 0.9560 -0.1512 0.2516
vn -0.7443 0.3161 -0.5883
vn 0.8790 0.2328 -0.4162
vn -0.9587 0.1061 0.2639
vn -0.9656 0.1458 0.2153
vn -0.9656 0.1458 0.2152
vn -0.9565 0.1127 0.2691
vn -0.9570 0.1126 0.2673
vn 0.7485 -0.4876 0.4495
vn 0.7692 -0.4751 0.4273
vn -0.1037 0.7608 -0.6406
vn -0.1276 0.2580 -0.9577
vn 0.0324 0.1313 -0.9908
vn -0.2996 0.0016 -0.9540
vn 0.0164 0.2425 -0.9700
vn 0.0093 0.2720 -0.9623
vn 0.0089 0.9750 -0.2220
vn -0.3145 -0.5515 -0.7726
vn 0.9368 -0.3387 0.0873
vn 0.9421 -0.2975 0.1547
vn 0.9421 -0.2975 0.1548
vn -0.9750 0.1278 0.1817
vn -0.9706 0.1352 0.1990
vn 0.3055 0.1027 -0.9466
vn 0.0156 0.6401 -0.7682
vn 0.0147 0.6164 -0.7873
vn 0.5417 0.2962 -0.7866
vn 0.2263 0.0374 -0.9733
vn 0.6579 0.4225 -0.6234
vn 0.6688 0.4473 -0.5938
vn -0.0525 0.7752 0.6295
vn -0.0481 0.7721 0.6337
vn -0.0332 0.7648 0.6434
vn -0.0973 0.7266 0.6801
vn -0.0973 0.7266 0.6802
vn -0.7170 -0.0811 0.6924
vn -0.7565 -0.0306 0.6533
vn 0.0529 0.8630 -0.5025
vn 0.0080 0.2528 -0.9675
vn -0.2300 0.8566 -0.4619
vn 0.1899 -0.4340 -0.8807
vn 0.4165 -0.0085 -0.9091
vn 0.2269 -0.0044 -0.9739
vn -0.6445 -0.3523 -0.6786
vn -0.1983 0.7861 -0.5855
vn -0.1872 0.8072 -0.5598
vn 0.0395 -0.0759 -0.9963
vn -0.0825 0.7342 -0.6739
vn -0.4948 0.8677 -0.0480
vn -0.5484 0.8360 -0.0185
vn 0.7953 0.3541 -0.4920
vn -0.3688 0.6535 -0.6610
vn -0.2894 0.1973 0.9366
vn -0.2340 0.2113 0.9490
vn -0.2895 0.1973 0.9366
vn 0.1326 0.0059 0.9912
vn 0.1366 0.0508 0.9893
vn -0.3540 0.5822 -0.7319
vn -0.0541 0.7511 -0.6580
vn 0.0239 0.5537 -0.8323
vn -0.5474 0.8339 -0.0697
vn 0.1791 0.8001 -0.5725
vn 0.7840 -0.3076 -0.5391
vn 0.8088 0.5379 -0.2377
vn -0.2292 0.5484 -0.8042
vn 0.9949 0.0660 0.0763
vn 0.9945 0.0767 0.0710
vn 0.9946 0.0750 0.0716
vn 0.9950 0.0642 0.0770
vn -0.0520 0.2486 -0.9672
vn 0.9525 -0.2534 0.1690
vn 0.9526 -0.2535 0.1681
vn 0.9529 -0.2518 0.1688
vn 0.9526 -0.2891 0.0945
vn 0.9335 -0.3045 0.1892
vn -0.1276 0.2958 -0.9467
vn 0.9129 0.3990 0.0864
vn -0.3066 0.8343 -0.4583
vn 0.2338 0.9643 0.1242
vn 0.2703 0.9580 0.0953
vn 0.2781 0.9598 0.0391
vn 0.1951 0.9788 0.0623
vn 0.2653 0.9638 0.0258
vn -0.9898 -0.0365 -0.1376
vn -0.9862 -0.0255 -0.1633
vn -0.9863 -0.0255 -0.1633
vn -0.2587 0.3510 -0.8999
vn 0.1735 0.0052 -0.9848
vn 0.2615 0.3933 -0.8815
vn 0.2799 0.2129 -0.9361
vn -0.1123 0.8422 -0.5274
vn 0.4426 0.3474 -0.8267
vn 0.4051 0.3924 -0.8258
vn 0.3885 0.3366 -0.8578
vn -0.0761 0.3216 -0.9438
vn -0.6858 0.1090 -0.7196
vn -0.4679 0.1605 -0.8691
vn -0.1403 0.0165 -0.9900
vn -0.0942 -0.1110 -0.9893
vn 0.1448 -0.6371 -0.7571
vn -0.2569 -0.0656 -0.9642
vn -0.1022 -0.3145 -0.9437
vn -0.1639 0.3262 -0.9310
vn 0.4675 0.5593 -0.6846
vn 0.1378 0.6624 -0.7364
vn -0.2786 0.8288 -0.4852
vn 0.2586 0.1075 -0.9600
vn -0.1934 0.8755 -0.4429
vn 0.9727 -0.2321 0.0077
vn 0.9755 -0.2173 -0.0347
vn -0.0218 0.5355 -0.8443
vn 0.0914 0.6994 -0.7088
vn -0.7724 0.5953 -0.2214
vn -0.7723 0.6191 -0.1425
vn -0.4131 0.8560 0.3109
vn -0.4050 0.8837 0.2345
vn -0.4131 0.8560 0.3108
vn -0.7844 -0.0797 -0.6152
vn -0.7929 -0.0072 -0.6093
vn 0.0893 0.1807 -0.9795
vn 0.3944 0.8613 -0.3204
vn -0.6841 0.7191 0.1220
vn -0.6907 0.6945 0.2015
vn -0.8298 0.3834 -0.4056
vn -0.8288 0.3859 -0.4051
vn -0.8259 0.3815 -0.4152
vn -0.8269 0.3789 -0.4156
vn -0.3613 -0.3618 -0.8594
vn -0.5135 0.6133 -0.6001
vn 0.2997 0.4798 -0.8246
vn 0.1344 0.3350 -0.9326
vn -0.2385 0.8656 -0.4402
vn -0.3457 0.4039 0.8470
vn -0.3219 0.4079 0.8544
vn -0.2883 -0.2401 -0.9269
vn -0.4966 0.3587 -0.7904
vn -0.1689 0.6744 -0.7188
vn -0.1692 0.6742 -0.7189
vn 0.0389 0.1645 -0.9856
vn -0.1573 -0.4391 -0.8846
vn 0.1905 -0.3143 -0.9300
vn 0.1556 -0.8881 -0.4324
vn 0.1453 0.0023 -0.9894
vn 0.0063 0.4563 -0.8898
vn 0.2762 0.4788 -0.8333
vn -0.2912 0.7522 -0.5911
vn 0.5573 0.0732 -0.8271
vn 0.5570 0.0733 -0.8273
vn -0.7566 0.4963 -0.4257
vn 0.4258 -0.3419 -0.8377
vn 0.3655 0.8148 0.4501
vn 0.3179 0.8443 0.4313
vn 0.3178 0.8444 0.4313
vn -0.3478 0.8356 0.4253
vn -0.3979 0.8154 0.4205
vn -0.3980 0.8154 0.4205
vn -0.2483 0.5495 0.7977
vn -0.2483 0.5496 0.7977
vn -0.2174 0.5838 0.7822
vn -0.2175 0.5838 0.7822
vn 0.0422 0.2727 -0.9612
vn -0.7346 0.1185 0.6680
vn -0.7209 0.0823 0.6881
vn 0.3518 0.9307 0.0998
vn 0.3070 0.9483 0.0806
vn 0.2864 0.9471 0.1447
vn 0.2863 0.9471 0.1447
vn 0.1276 0.3040 -0.9441
vn -0.1495 0.5690 -0.8087
vn 0.1493 0.8953 -0.4197
vn 0.1494 0.8953 -0.4197
vn 0.0544 0.9015 -0.4293
vn 0.1015 0.9262 -0.3630
vn 0.1336 -0.7545 -0.6425
vn -0.4003 0.2345 -0.8859
vn -0.9249 0.1938 0.3272
vn -0.9382 0.1849 0.2926
vn -0.8717 0.4375 -0.2209
vn -0.8701 0.4382 -0.2257
vn -0.8719 0.4373 -0.2202
vn -0.8731 0.4374 -0.2155
vn -0.3218 0.6759 -0.6631
vn -0.2139 0.9155 0.3408
vn -0.2632 0.8864 0.3809
vn -0.2301 -0.3138 -0.9212
vn -0.4058 0.1661 -0.8987
vn -0.1527 -0.3599 -0.9204
vn 0.3911 0.6648 -0.6365
vn -0.1698 0.3387 -0.9254
vn -0.3093 0.3903 -0.8672
vn -0.0576 -0.7760 -0.6281
vn 0.8660 -0.4625 0.1901
vn 0.8652 -0.4626 0.1933
vn 0.8645 -0.4627 0.1966
vn 0.8674 -0.4513 0.2097
vn 0.0803 0.0023 -0.9968
vn -0.1611 -0.1978 -0.9669
vn -0.8294 -0.3254 -0.4542
vn -0.8696 -0.2797 -0.4069
vn -0.1693 -0.5115 -0.8424
vn 0.4352 0.8332 -0.3411
vn -0.4529 0.0277 -0.8911
vn 0.3902 0.0232 -0.9204
vn -0.3625 -0.7141 -0.5988
vn 0.0300 0.4362 -0.8993
vn -0.0717 0.9421 -0.3277
vn 0.2411 0.2251 -0.9440
vn 0.0603 0.1509 -0.9867
vn -0.1448 -0.1701 -0.9747
vn -0.6744 0.1671 0.7192
vn -0.6331 0.1853 0.7515
vn -0.6332 0.1853 0.7515
vn -0.1122 0.3733 -0.9209
vn -0.3392 0.8942 0.2922
vn -0.2829 0.9008 0.3295
vn 0.4387 0.3378 -0.8327
vn 0.0528 0.6518 -0.7566
vn 0.5646 -0.2424 -0.7890
vn 0.2509 0.2629 -0.9316
vn -0.8193 0.3293 0.4694
vn -0.8195 0.3265 0.4709
vn -0.8147 0.3292 0.4773
vn -0.8144 0.3321 0.4758
vn -0.0034 0.7966 -0.6045
vn -0.3811 -0.6614 -0.6460
vn -0.3890 -0.6689 -0.6334
vn 0.1881 0.4358 -0.8802
vn -0.1804 0.8126 -0.5542
vn -0.9147 0.3978 0.0719
vn -0.9215 0.3698 0.1187
vn -0.9147 0.3978 0.0718
vn 0.1427 -0.4786 -0.8664
vn -0.0439 0.4383 -0.8978
vn 0.9468 -0.1974 -0.2543
vn 0.9468 -0.1974 -0.2542
vn 0.9572 -0.1367 -0.2551
vn 0.9211 -0.2229 -0.3193
vn 0.0177 0.1884 -0.9819
vn 0.1049 0.1826 -0.9776
vn 0.0599 0.2009 -0.9778
vn -0.1266 0.3798 -0.9164
vn 0.3003 0.9406 -0.1586
vn 0.0449 0.0372 -0.9983
vn -0.1276 0.9601 -0.2489
vn 0.2369 0.9302 -0.2803
vn 0.1920 0.2652 -0.9449
vn 0.2734 0.7579 -0.5923
vn -0.7618 0.5015 0.4101
vn -0.7618 0.5015 0.4100
vn -0.7619 0.5014 0.4101
vn -0.7553 0.5242 0.3933
vn 0.0828 0.9068 -0.4133
vn 0.2955 0.6971 -0.6533
vn 0.1821 0.9645 -0.1914
vn 0.1771 0.9689 -0.1727
vn 0.2338 0.9479 -0.2165
vn -0.2342 -0.0657 0.9700
vn -0.2314 -0.0087 0.9728
vn -0.2664 0.0129 0.9638
vn -0.2336 0.0045 0.9723
vn -0.2563 -0.1195 0.9592
vn -0.2563 -0.1194 0.9592
vn -0.1975 -0.0861 0.9765
vn -0.2870 -0.0908 0.9536
vn -0.1826 -0.0694 0.9807
vn 0.1476 -0.4094 -0.9003
vn 0.4350 -0.1523 -0.8875
vn 0.7885 0.4288 -0.4408
vn -0.0711 -0.3727 -0.9252
vn -0.1181 0.9054 -0.4078
vn -0.1253 0.7927 -0.5966
vn 0.3451 0.8866 -0.3078
vn 0.3216 0.3937 0.8611
vn 0.3020 0.3957 0.8673
vn -0.4889 0.2402 -0.8386
vn -0.0841 0.2740 -0.9580
vn -0.7686 0.5328 -0.3540
vn 0.0418 -0.1496 -0.9879
vn -0.9054 0.2177 -0.3645
vn -0.9054 0.2178 -0.3645
vn -0.9187 0.1642 -0.3592
vn 0.2317 0.5061 -0.8307
vn -0.0135 0.7774 -0.6289
vn -0.4177 0.0485 -0.9073
vn 0.0240 0.4519 -0.8918
vn 0.2217 0.7658 -0.6036
vn -0.3144 0.5644 -0.7633
vn -0.3757 -0.5964 -0.7093
vn 0.0230 -0.5671 -0.8233
vn -0.7168 -0.1971 -0.6689
vn 0.4980 0.2348 -0.8348
vn 0.0254 -0.3005 -0.9534
vn 0.2238 0.0309 -0.9741
vn 0.2288 0.0066 -0.9735
vn 0.2019 -0.0362 -0.9787
vn 0.2019 -0.0361 -0.9787
vn 0.1532 0.0202 -0.9880
vn 0.2212 -0.0525 -0.9738
vn 0.2212 -0.0524 -0.9738
vn -0.4728 0.7172 -0.5119
vn -0.2527 0.2805 -0.9260
vn 0.0312 0.2428 -0.9696
vn 0.2764 -0.5539 -0.7854
vn 0.0696 0.5723 -0.8171
vn 0.8378 -0.2177 -0.5007
vn 0.1964 -0.4456 -0.8734
vn -0.8381 -0.0357 0.5444
vn -0.8416 -0.0398 0.5386
vn -0.8413 -0.0381 0.5393
vn -0.8398 -0.0370 0.5417
vn -0.2552 0.3178 0.9132
vn -0.2372 0.3044 0.9225
vn 0.1943 0.3582 -0.9132
vn 0.2096 0.4209 -0.8826
vn -0.7359 0.4797 -0.4779
vn 0.2686 0.6302 -0.7285
vn -0.8668 0.0876 -0.4909
vn 0.1835 -0.2509 -0.9505
vn 0.6251 0.1596 -0.7641
vn -0.9556 -0.1896 0.2255
vn -0.9451 -0.1997 0.2586
vn 0.9690 0.0119 0.2469
vn -0.2301 0.3538 -0.9066
vn -0.0422 0.7942 0.6062
vn -0.0561 0.7452 0.6645
vn -0.1168 0.7974 0.5921
vn 0.2084 0.7790 -0.5914
vn 0.2053 0.8612 -0.4649
vn 0.1935 -0.5198 -0.8321
vn -0.2711 -0.4052 -0.8731
vn 0.0845 0.0090 -0.9964
vn 0.2036 -0.1285 -0.9706
vn -0.8242 0.4311 0.3673
vn -0.8651 0.3727 0.3358
vn 0.8717 -0.4767 -0.1133
vn 0.8379 -0.5392 -0.0841
vn 0.8379 -0.5393 -0.0841
vn 0.5301 0.5531 -0.6427
vn -0.2341 0.2824 -0.9303
vn 0.4045 0.7394 -0.5382
vn 0.2732 0.3102 -0.9106
vn 0.3567 0.7309 -0.5819
vn 0.9214 -0.3636 0.1374
vn 0.9176 -0.3886 0.0834
vn 0.9198 -0.3668 0.1394
vn 0.9263 -0.3599 0.1113
vn 0.9117 -0.3886 0.1332
vn 0.9101 -0.4083 0.0708
vn 0.9101 -0.4083 0.0709
vn 0.8929 -0.4422 0.0847
vn 0.9038 -0.4155 0.1025
vn -0.3033 0.6031 -0.7378
vn -0.6509 -0.3705 0.6626
vn -0.6625 -0.3485 0.6631
vn -0.6625 -0.3484 0.6631
vn -0.6674 -0.2111 -0.7142
vn -0.1512 0.2805 -0.9479
vn 0.6539 0.3430 -0.6743
vn -0.8975 0.4379 -0.0519
vn -0.9001 0.4356 -0.0102
vn -0.9001 0.4356 -0.0101
vn -0.8976 0.4366 -0.0606
vn -0.8801 0.4722 -0.0496
vn -0.8985 0.4360 -0.0517
vn -0.3932 0.1999 -0.8974
vn 0.0609 0.1975 -0.9784
vn -0.5864 0.2591 -0.7675
vn -0.0302 0.2477 -0.9684
vn 0.4195 0.9065 0.0473
vn 0.4027 0.9134 0.0599
vn 0.4026 0.9106 0.0929
vn 0.2438 -0.3768 -0.8936
vn -0.1837 -0.2261 -0.9566
vn -0.1837 -0.2262 -0.9566
vn -0.1839 -0.2703 -0.9450
vn -0.4477 0.7196 0.5308
vn -0.4477 0.7195 0.5308
vn -0.3839 0.7229 0.5745
vn -0.0076 0.9242 0.3818
vn -0.0448 0.9436 0.3280
vn 0.2208 0.4156 -0.8823
vn -0.1361 -0.4146 -0.8998
vn 0.4800 0.4905 -0.7273
vn 0.2706 0.2024 -0.9412
vn -0.8096 0.4770 -0.3421
vn -0.8401 0.4608 -0.2863
vn -0.1592 0.3886 -0.9075
vn 0.2541 0.4953 -0.8307
vn 0.8541 0.0380 -0.5187
vn 0.2202 0.5249 -0.8222
vn -0.1093 0.4589 -0.8817
vn -0.7747 0.1941 -0.6018
vn 0.7336 0.4742 -0.4867
vn -0.9244 0.2026 -0.3232
vn 0.4426 0.8963 -0.0254
vn 0.3531 0.3071 -0.8837
vn 0.5114 0.2874 -0.8099
vn -0.3835 -0.5560 -0.7374
vn 0.8200 -0.5608 -0.1148
vn 0.8372 -0.5368 -0.1044
vn 0.8372 -0.5369 -0.1043
vn -0.2281 0.9431 -0.2417
vn -0.4769 -0.1524 -0.8656
vn -0.3182 0.7679 -0.5559
vn -0.0000 0.0525 -0.9986
vn -0.2692 0.6579 0.7033
vn -0.3165 0.6583 0.6830
vn -0.2687 0.7030 0.6585
vn -0.2326 0.9713 -0.0496
vn -0.2757 0.9593 -0.0614
vn -0.2291 0.7192 -0.6560
vn -0.1926 0.9812 0.0129
vn -0.2953 0.3503 -0.8889
vn -0.1148 -0.6009 -0.7911
vn -0.2657 0.4487 -0.8533
vn -0.7610 0.1651 -0.6274
vn -0.3134 0.9383 -0.1461
vn -0.4119 0.8794 0.2388
vn -0.4380 0.8611 0.2581
vn -0.1074 0.8680 -0.4848
vn -0.0964 0.6442 -0.7587
vn -0.8958 0.3007 -0.3273
vn -0.6680 0.6443 -0.3724
vn 0.1360 0.8933 -0.4284
vn 0.5660 -0.0030 -0.8244
vn 0.0213 0.4828 0.8755
vn 0.0742 0.4620 0.8838
vn 0.4731 0.2616 -0.8412
vn 0.2603 -0.0609 -0.9636
vn 0.3164 -0.1248 -0.9404
vn -0.5892 0.2911 -0.7537
vn -0.2707 0.9509 -0.1502
vn 0.3444 0.3340 -0.8774
vn -0.9576 0.1478 -0.2473
vn 0.4801 -0.0591 -0.8752
vn 0.1583 0.9536 -0.2559
vn -0.8217 -0.0398 -0.5686
vn -0.4714 0.7450 -0.4720
vn 0.3462 0.9326 0.1021
vn 0.9313 0.2504 -0.2644
vn 0.9251 0.2563 -0.2802
vn 0.5433 0.0999 -0.8336
vn -0.2477 0.3136 -0.9167
vn -0.1756 0.7759 -0.6059
vn 0.0055 0.3729 -0.9279
vn -0.5175 0.8400 -0.1631
vn -0.3408 -0.2360 -0.9100
vn 0.4758 0.0609 -0.8774
vn -0.0056 0.7721 -0.6355
vn -0.9488 -0.0436 -0.3129
vn 0.1700 0.8961 -0.4099
vn -0.3549 -0.1441 -0.9237
vn -0.3253 0.1785 -0.9286
vn -0.7777 -0.1063 -0.6196
vn -0.4942 -0.3995 -0.7721
vn 0.4945 -0.1361 -0.8585
vn 0.5166 -0.1009 -0.8503
vn -0.0967 0.7370 -0.6689
vn -0.4702 0.8786 0.0834
vn 0.4074 0.7009 -0.5855
vn -0.0463 0.9739 -0.2224
vn -0.0432 -0.3594 -0.9322
vn -0.0262 -0.3629 -0.9315
vn -0.0407 -0.3747 -0.9262
vn -0.3063 0.3377 -0.8900
vn 0.0684 0.2814 -0.9572
vn 0.0946 0.6712 -0.7352
vn -0.3786 -0.0698 -0.9229
vn -0.4574 -0.5675 0.6847
vn -0.4508 -0.5272 0.7203
vn -0.4508 -0.5272 0.7202
vn -0.4574 -0.5675 0.6846
vn 0.4797 -0.6244 -0.6164
vn 0.7814 0.0452 -0.6224
vn -0.0070 0.0892 -0.9960
vn -0.1346 -0.1560 -0.9785
vn -0.9254 -0.0170 -0.3787
vn -0.0022 0.7113 -0.7028
vn -0.3204 -0.3366 -0.8854
vn -0.2648 0.1420 -0.9538
vn 0.4991 0.3883 -0.7746
vn -0.6557 0.3986 -0.6412
vn 0.4258 0.4412 -0.7900
vn -0.4606 -0.3833 -0.8006
vn 0.5384 0.2956 -0.7891
vn -0.6574 0.2015 -0.7261
vn -0.6575 0.2037 -0.7254
vn -0.6616 0.2147 -0.7184
vn -0.6310 0.2762 -0.7249
vn 0.1261 -0.1987 -0.9719
vn -0.3979 -0.0927 -0.9127
vn 0.0174 -0.8841 -0.4670
vn -0.8403 -0.0576 -0.5391
vn 0.7985 -0.1704 -0.5773
vn 0.7809 -0.1261 -0.6118
vn 0.5056 0.6497 -0.5676
vn 0.5054 0.6499 -0.5676
vn 0.4535 0.6311 -0.6292
vn 0.4535 0.6312 -0.6292
vn -0.6136 0.1691 -0.7713
vn -0.6136 0.1690 -0.7713
vn -0.6377 0.1253 -0.7601
vn -0.1860 0.9684 -0.1663
vn 0.3228 0.6461 -0.6916
vn -0.0358 -0.3207 -0.9465
vn 0.6478 0.1973 -0.7359
vn -0.3192 0.5137 -0.7964
vn 0.1675 0.2482 -0.9541
vn 0.1137 0.9921 0.0527
vn -0.3327 0.2749 -0.9021
vn -0.0108 0.5769 -0.8168
vn 0.1322 -0.9874 -0.0870
vn 0.7954 -0.5930 0.1253
vn -0.7841 -0.5779 0.2262
vn 0.8578 -0.5116 0.0498
vn -0.7661 -0.6414 -0.0416
vn -0.2606 -0.5307 -0.8065
vn 0.8824 -0.4600 0.0985
vn -0.4634 -0.7010 -0.5421
vn -0.4631 -0.7013 -0.5419
vn -0.4560 -0.6522 -0.6056
vn 0.7719 -0.6212 -0.1348
vn 0.1493 -0.7856 -0.6005
vn 0.1672 -0.7501 -0.6399
vn 0.1257 -0.7967 -0.5911
vn 0.1260 -0.7969 -0.5908
vn -0.2802 -0.7267 0.6273
vn -0.4060 -0.6278 0.6641
vn -0.7428 -0.6501 0.1601
vn -0.7095 -0.6414 -0.2920
vn -0.1092 -0.5941 0.7969
vn -0.7511 0.6325 0.1892
vn -0.7250 0.6549 0.2134
vn 0.5204 -0.8517 0.0618
vn 0.2659 -0.7590 -0.5944
vn 0.2659 -0.7589 -0.5945
vn -0.8492 -0.2870 0.4432
vn -0.3002 -0.6478 0.7002
vn -0.8727 -0.4344 0.2229
vn -0.7178 -0.4845 0.5001
vn 0.7671 -0.6310 0.1158
vn 0.8285 0.4862 -0.2779
vn 0.8289 0.4850 -0.2786
vn 0.8303 0.4789 -0.2851
vn 0.8300 0.4799 -0.2842
vn -0.6341 -0.7116 -0.3026
vn -0.4185 -0.3026 -0.8563
vn -0.4587 -0.7363 0.4975
vn -0.4171 0.1319 -0.8992
vn -0.7647 -0.3874 0.5150
vn -0.5736 -0.2484 0.7806
vn -0.7504 -0.5500 0.3666
vn -0.7148 -0.6405 -0.2806
vn 0.0341 -0.6316 -0.7745
vn -0.8696 -0.2793 -0.4071
vn -0.7805 0.5254 0.3386
vn -0.7709 0.5105 0.3809
vn -0.7668 0.5460 0.3375
vn -0.8346 -0.4750 0.2791
vn -0.8410 -0.5119 0.1749
vn 0.1380 -0.7821 0.6077
vn -0.8262 0.5075 0.2447
vn -0.1148 -0.9555 -0.2719
vn -0.1085 -0.8865 -0.4499
vn 0.1770 0.9798 0.0929
vn 0.9711 -0.0701 0.2280
vn 0.9711 -0.0705 0.2281
vn 0.9713 -0.0686 0.2276
vn 0.0310 -0.9622 -0.2707
vn 0.0397 -0.9832 -0.1780
vn -0.1923 0.5057 0.8410
vn -0.1920 0.4810 0.8555
vn -0.1920 0.4809 0.8555
vn 0.0813 -0.9956 -0.0474
vn -0.1237 -0.9871 0.1020
vn -0.1476 -0.9774 -0.1515
vn 0.1647 0.7840 -0.5985
vn 0.2295 0.7300 -0.6438
vn 0.2520 0.7378 -0.6263
vn 0.2114 0.7632 -0.6106
vn -0.3007 -0.9358 -0.1843
vn 0.2366 -0.9704 0.0486
vn 0.7297 0.0004 -0.6837
vn 0.7185 0.0139 -0.6954
vn 0.5388 -0.8295 0.1468
vn 0.1032 0.9801 0.1697
vn 0.1000 0.9813 0.1643
vn 0.1133 0.9848 0.1315
vn 0.1133 0.9848 0.1316
vn 0.1117 0.9796 0.1671
vn -0.7024 -0.6343 0.3229
vn -0.7183 -0.6125 0.3300
vn -0.3342 -0.9063 -0.2587
vn -0.3357 -0.8880 -0.3141
vn -0.3357 -0.8881 -0.3141
vn 0.5641 -0.5353 -0.6287
vn 0.5615 -0.5387 -0.6282
vn 0.5620 -0.5384 -0.6279
vn 0.5648 -0.5348 -0.6285
vn 0.5372 0.8387 0.0894
vn 0.5356 0.8397 0.0898
vn 0.5339 0.8404 0.0937
vn 0.5351 0.8395 0.0947
vn 0.5376 0.8382 0.0914
vn -0.2931 -0.9544 -0.0575
vn 0.1219 -0.9925 0.0012
vn -0.8520 -0.2360 -0.4674
vn -0.8526 -0.2351 -0.4668
vn -0.8532 -0.2344 -0.4659
vn -0.8527 -0.2310 -0.4685
vn 0.4292 0.7880 -0.4415
vn 0.4294 0.7881 -0.4410
vn 0.4275 0.7881 -0.4430
vn 0.4284 0.7880 -0.4422
vn -0.0519 -0.9982 -0.0285
vn 0.0358 -0.9793 0.1991
vn 0.1505 -0.8514 0.5024
vn 0.0884 -0.9898 0.1114
vn 0.0577 -0.9908 0.1227
vn -0.6520 0.4487 -0.6112
vn -0.6415 0.4704 -0.6059
vn -0.8192 -0.0159 0.5733
vn -0.8192 -0.0158 0.5733
vn -0.8228 0.0011 0.5683
vn -0.8477 -0.5141 -0.1308
vn -0.8445 -0.5210 -0.1238
vn -0.8456 -0.5193 -0.1236
vn -0.8486 -0.5133 -0.1280
vn -0.8985 0.4330 0.0721
vn -0.8840 0.4637 0.0597
vn -0.8851 0.2125 0.4141
vn -0.3162 -0.9140 0.2544
vn 0.8932 -0.4301 0.1310
vn -0.4151 -0.4254 0.8042
vn -0.2556 -0.2131 0.9430
vn -0.5346 0.1403 -0.8334
vn -0.9234 0.2563 -0.2859
vn -0.9329 0.2740 -0.2336
vn 0.8269 -0.5608 -0.0415
vn -0.6585 -0.6985 -0.2799
vn -0.0031 0.3849 -0.9229
vn -0.7214 -0.4925 0.4868
vn -0.0340 -0.7307 -0.6819
vn -0.6526 -0.6867 0.3201
vn -0.0454 -0.7159 0.6967
vn -0.9070 -0.3610 0.2166
vn -0.2500 -0.6946 -0.6746
vn -0.0556 -0.8973 0.4380
vn -0.7076 -0.5612 -0.4295
vn -0.0221 -0.4907 -0.8711
vn 0.5730 -0.8160 -0.0763
vn -0.6718 -0.6340 0.3829
vn 0.8059 -0.5900 0.0496
vn 0.0655 -0.6456 -0.7609
vn 0.8851 -0.4269 0.1852
vn -0.7040 -0.6368 0.3144
vn -0.9910 -0.0623 0.1187
vn 0.7660 -0.6396 0.0646
vn -0.1219 -0.7681 -0.6286
vn 0.9609 -0.2419 -0.1347
vn 0.9617 -0.2673 -0.0600
vn -0.7221 -0.2317 -0.6519
vn -0.4530 -0.7062 -0.5442
vn -0.5729 -0.6620 0.4833
vn -0.8360 -0.4525 0.3104
vn -0.9021 0.4090 0.1375
vn -0.8677 0.4653 0.1746
vn -0.8678 0.4653 0.1746
vn -0.6099 -0.1186 -0.7835
vn -0.6067 -0.1212 -0.7856
vn -0.6069 -0.1200 -0.7857
vn -0.6126 -0.2520 -0.7491
vn -0.5212 -0.0835 -0.8493
vn -0.6130 -0.2491 -0.7498
vn 0.5289 0.1199 0.8402
vn 0.5301 0.1218 0.8392
vn 0.5308 0.1231 0.8385
vn 0.5295 0.1186 0.8400
vn -0.6084 0.0828 -0.7893
vn -0.6900 0.1391 -0.7103
vn -0.5603 0.1164 -0.8201
vn -0.5617 0.3175 -0.7640
vn -0.5649 0.3180 -0.7614
vn -0.6516 0.2278 -0.7236
vn -0.4707 0.3200 -0.8222
vn -0.3321 0.3974 -0.8554
vn -0.3786 0.3425 -0.8598
vn -0.4319 0.2092 -0.8773
vn -0.3083 0.7568 -0.5764
vn -0.2459 0.8105 -0.5316
vn -0.3157 0.7854 -0.5323
vn -0.7088 0.0628 -0.7026
vn -0.7311 -0.0007 -0.6823
vn -0.7064 0.0605 -0.7052
vn -0.8780 0.4090 0.2485
vn -0.8791 0.4085 0.2457
vn -0.8791 0.4085 0.2456
vn -0.8780 0.4089 0.2489
vn 0.9100 0.4147 0.0058
vn 0.9160 0.4007 0.0160
vn 0.9160 0.4008 0.0160
vn 0.9251 0.3772 0.0431
vn 0.5613 0.3223 -0.7623
vn 0.5581 0.3405 -0.7566
vn 0.5581 0.3406 -0.7566
vn -0.7408 -0.1040 -0.6636
vn -0.7694 -0.0504 -0.6368
vn -0.7328 -0.0979 -0.6734
vn -0.7230 0.2801 -0.6316
vn -0.6792 0.3292 -0.6560
vn -0.6789 0.3168 -0.6624
vn -0.5019 0.1383 -0.8538
vn -0.5989 0.2068 -0.7737
vn -0.4358 0.2482 -0.8651
vn -0.7214 0.1619 -0.6733
vn -0.7035 0.1066 -0.7027
vn -0.7040 0.1072 -0.7021
vn -0.6215 0.1570 -0.7676
vn -0.5762 0.1284 -0.8071
vn -0.6480 0.1011 -0.7549
vn -0.6259 -0.0159 -0.7797
vn -0.6525 -0.0831 -0.7533
vn -0.7046 -0.0528 -0.7077
vn -0.4178 0.0250 -0.9082
vn -0.5112 0.0766 -0.8560
vn -0.4710 0.1398 -0.8710
vn -0.6055 0.0316 -0.7952
vn -0.6495 -0.0491 -0.7587
vn -0.6498 0.0826 -0.7556
vn -0.9000 -0.1525 0.4084
vn -0.8917 -0.1792 0.4157
vn -0.0314 0.9995 -0.0094
vn -0.0129 0.9999 -0.0034
vn -0.3775 0.7444 -0.5508
vn -0.4067 0.7155 -0.5681
vn -0.4067 0.7154 -0.5681
vn 0.0664 0.0200 -0.9976
vn 0.0663 0.0201 -0.9976
vn 0.1203 0.0656 -0.9906
vn 0.1203 0.0657 -0.9906
vn -0.6556 0.2187 0.7227
vn -0.7794 0.3134 0.5425
vn -0.7586 0.3116 0.5722
vn -0.7241 -0.1382 0.6757
vn -0.7491 0.3307 0.5740
vn -0.7298 0.3448 0.5903
vn 0.8115 0.4918 0.3156
vn 0.8255 0.4583 0.3294
vn 0.8255 0.4582 0.3294
vt 0.445415 0.118425
vt 0.443952 0.117738
vt 0.445798 0.116843
vt 0.447870 0.117674
vt 0.364821 0.111369
vt 0.365837 0.108442
vt 0.367965 0.109934
vt 0.367192 0.113561
vt 0.891374 0.406561
vt 0.902871 0.404136
vt 0.897468 0.409802
vt 0.755050 0.102125
vt 0.754546 0.083010
vt 0.764566 0.090997
vt 0.674655 0.146467
vt 0.664905 0.136818
vt 0.680565 0.121281
vt 0.684969 0.171206
vt 0.694456 0.171411
vt 0.693018 0.184280
vt 0.441177 0.086691
vt 0.443552 0.085295
vt 0.443051 0.087150
vt 0.440570 0.088000
vt 0.728970 0.147084
vt 0.707114 0.148140
vt 0.717988 0.129656
vt 0.451735 0.087382
vt 0.450600 0.086987
vt 0.451715 0.086203
vt 0.452732 0.086960
vt 0.462367 0.110495
vt 0.462339 0.110387
vt 0.462388 0.110370
vt 0.462420 0.110465
vt 0.688698 0.130454
vt 0.699635 0.123117
vt 0.701845 0.186777
vt 0.718867 0.157135
vt 0.441084 0.134360
vt 0.440439 0.136329
vt 0.438910 0.134326
vt 0.440977 0.132661
vt 0.713930 0.168024
vt 0.703646 0.165397
vt 0.701493 0.193730
vt 0.698241 0.200124
vt 0.438397 0.089221
vt 0.440118 0.091199
vt 0.438051 0.091123
vt 0.433592 0.091098
vt 0.460926 0.107028
vt 0.460883 0.106887
vt 0.460906 0.107018
vt 0.461015 0.107323
vt 0.460973 0.107273
vt 0.323276 0.111277
vt 0.321471 0.105685
vt 0.331774 0.102853
vt 0.331574 0.110506
vt 0.447978 0.063371
vt 0.449707 0.061411
vt 0.452281 0.065554
vt 0.449601 0.066489
vt 0.745196 0.106946
vt 0.731117 0.090461
vt 0.746748 0.119703
vt 0.738477 0.131730
vt 0.708991 0.174129
vt 0.675601 0.182802
vt 0.664108 0.154769
vt 0.696312 0.106569
vt 0.714104 0.101204
vt 0.947851 0.307181
vt 0.945323 0.309716
vt 0.943208 0.302988
vt 0.949164 0.296918
vt 0.430144 0.171565
vt 0.432482 0.170491
vt 0.430420 0.172077
vt 0.429583 0.171123
vt 0.428596 0.171967
vt 0.428680 0.171372
vt 0.479812 0.125308
vt 0.483075 0.124339
vt 0.486690 0.120487
vt 0.480068 0.124798
vt 0.478046 0.125738
vt 0.426973 0.173002
vt 0.426762 0.172984
vt 0.427041 0.172834
vt 0.426735 0.173167
vt 0.426958 0.173083
vt 0.460951 0.101344
vt 0.460104 0.100405
vt 0.461323 0.101145
vt 0.461027 0.102798
vt 0.427169 0.172938
vt 0.427184 0.173040
vt 0.427719 0.172935
vt 0.427218 0.173212
vt 0.437346 0.082472
vt 0.438887 0.081719
vt 0.439763 0.083448
vt 0.439113 0.085009
vt 0.446331 0.314892
vt 0.444137 0.293688
vt 0.425923 0.276590
vt 0.449667 0.270837
vt 0.457354 0.283602
vt 0.459752 0.299540
vt 0.417862 0.093817
vt 0.419974 0.092991
vt 0.420977 0.095244
vt 0.418212 0.095548
vt 0.460327 0.080343
vt 0.459486 0.080141
vt 0.458930 0.079246
vt 0.459757 0.079168
vt 0.440654 0.103323
vt 0.439061 0.102030
vt 0.441481 0.100700
vt 0.442809 0.102468
vt 0.428273 0.172934
vt 0.430097 0.171310
vt 0.431458 0.168784
vt 0.429045 0.172173
vt 0.456160 0.107364
vt 0.454535 0.108519
vt 0.453723 0.105863
vt 0.454275 0.105126
vt 0.429082 0.174759
vt 0.427020 0.174259
vt 0.431054 0.173415
vt 0.427476 0.173525
vt 0.426133 0.173881
vt 0.426436 0.173658
vt 0.434558 0.175798
vt 0.431329 0.175367
vt 0.434999 0.172202
vt 0.425620 0.174696
vt 0.428055 0.172724
vt 0.428689 0.172844
vt 0.494577 0.131475
vt 0.492993 0.127006
vt 0.496707 0.128781
vt 0.498078 0.138962
vt 0.427807 0.172440
vt 0.427903 0.172062
vt 0.427404 0.172677
vt 0.426857 0.173233
vt 0.426617 0.173333
vt 0.426325 0.173487
vt 0.426512 0.173219
vt 0.456455 0.085523
vt 0.456886 0.084119
vt 0.458460 0.083701
vt 0.457592 0.085122
vt 0.426500 0.173443
vt 0.426913 0.173293
vt 0.427258 0.172953
vt 0.427636 0.171562
vt 0.434763 0.168017
vt 0.439895 0.169330
vt 0.434461 0.170920
vt 0.399229 0.184490
vt 0.397647 0.184577
vt 0.398079 0.184168
vt 0.400993 0.183454
vt 0.448911 0.177193
vt 0.460309 0.172931
vt 0.458928 0.180811
vt 0.463548 0.167133
vt 0.467252 0.167111
vt 0.461986 0.158541
vt 0.464406 0.160591
vt 0.462333 0.160066
vt 0.367458 0.118748
vt 0.368268 0.117473
vt 0.370202 0.120496
vt 0.368042 0.120766
vt 0.469072 0.171331
vt 0.450530 0.163610
vt 0.455971 0.161449
vt 0.455884 0.165332
vt 0.468341 0.157064
vt 0.465762 0.159961
vt 0.465934 0.158570
vt 0.463167 0.180798
vt 0.456220 0.182245
vt 0.450196 0.182373
vt 0.452495 0.188281
vt 0.450836 0.192285
vt 0.442972 0.187708
vt 0.450610 0.184874
vt 0.461340 0.185094
vt 0.434608 0.186538
vt 0.428409 0.178151
vt 0.436081 0.179513
vt 0.456840 0.191009
vt 0.462446 0.161416
vt 0.460311 0.159882
vt 0.372516 0.227480
vt 0.377492 0.230247
vt 0.371693 0.240249
vt 0.364488 0.240642
vt 0.449239 0.195295
vt 0.440932 0.194235
vt 0.441766 0.175431
vt 0.459893 0.162392
vt 0.425388 0.186852
vt 0.429892 0.181573
vt 0.471115 0.186025
vt 0.464324 0.191226
vt 0.465887 0.184389
vt 0.464411 0.157946
vt 0.431917 0.192085
vt 0.426469 0.175976
vt 0.425578 0.175067
vt 0.428838 0.177694
vt 0.479405 0.128000
vt 0.478731 0.127279
vt 0.478600 0.127919
vt 0.479333 0.128704
vt 0.465519 0.162232
vt 0.461834 0.165203
vt 0.456149 0.169001
vt 0.452843 0.166661
vt 0.416267 0.106681
vt 0.417449 0.105111
vt 0.419473 0.105008
vt 0.418626 0.106048
vt 0.449467 0.171869
vt 0.446299 0.168118
vt 0.445462 0.182403
vt 0.422872 0.189168
vt 0.811879 0.450279
vt 0.798238 0.466570
vt 0.772126 0.464477
vt 0.773437 0.457404
vt 0.790968 0.455489
vt 0.460874 0.111302
vt 0.461196 0.111561
vt 0.460370 0.111745
vt 0.460196 0.111168
vt 0.462133 0.109945
vt 0.462228 0.110087
vt 0.462218 0.110102
vt 0.462177 0.110054
vt 0.424301 0.177889
vt 0.423592 0.180208
vt 0.295603 0.052604
vt 0.299713 0.071227
vt 0.296486 0.073625
vt 0.283873 0.048659
vt 0.508390 0.668881
vt 0.493084 0.647103
vt 0.541778 0.666316
vt 0.515152 0.682962
vt 0.458598 0.159745
vt 0.464529 0.143894
vt 0.462961 0.144862
vt 0.461693 0.143479
vt 0.463188 0.141918
vt 0.428312 0.177538
vt 0.419249 0.177320
vt 0.416282 0.178132
vt 0.415942 0.177976
vt 0.421899 0.175897
vt 0.422447 0.176026
vt 0.419880 0.176357
vt 0.420288 0.175876
vt 0.421829 0.175159
vt 0.421248 0.175140
vt 0.424255 0.175554
vt 0.420349 0.177924
vt 0.423742 0.175536
vt 0.421998 0.174815
vt 0.422304 0.174772
vt 0.425703 0.176563
vt 0.417027 0.179488
vt 0.461357 0.110710
vt 0.461683 0.110532
vt 0.461843 0.110712
vt 0.461742 0.110985
vt 0.877827 0.417509
vt 0.859974 0.423760
vt 0.866567 0.417471
vt 0.881639 0.408743
vt 0.886387 0.410335
vt 0.929105 0.387743
vt 0.941996 0.380369
vt 0.953425 0.378243
vt 0.942322 0.397036
vt 0.422926 0.175606
vt 0.422990 0.174945
vt 0.422667 0.174675
vt 0.437905 0.118891
vt 0.438525 0.121250
vt 0.437917 0.123522
vt 0.436989 0.121335
vt 0.426648 0.172895
vt 0.426451 0.173084
vt 0.425355 0.172883
vt 0.426765 0.172093
vt 0.426355 0.172509
vt 0.425631 0.173242
vt 0.426244 0.173378
vt 0.425407 0.173572
vt 0.426196 0.172959
vt 0.425995 0.173373
vt 0.424404 0.174146
vt 0.424475 0.173692
vt 0.427032 0.172511
vt 0.372452 0.115339
vt 0.372335 0.115675
vt 0.372189 0.115330
vt 0.372169 0.114793
vt 0.415608 0.066421
vt 0.419073 0.065838
vt 0.421407 0.069431
vt 0.416852 0.068595
vt 0.456170 0.135818
vt 0.455874 0.132767
vt 0.457716 0.132867
vt 0.458572 0.134186
vt 0.424661 0.174124
vt 0.425629 0.173621
vt 0.425558 0.173793
vt 0.414900 0.152314
vt 0.415193 0.146764
vt 0.419769 0.153831
vt 0.416356 0.159362
vt 0.427557 0.170494
vt 0.428605 0.170178
vt 0.787169 0.053242
vt 0.781839 0.047097
vt 0.780773 0.038940
vt 0.787384 0.045551
vt 0.428668 0.170210
vt 0.424992 0.173554
vt 0.424067 0.173153
vt 0.424254 0.172799
vt 0.466410 0.104354
vt 0.464255 0.106163
vt 0.463533 0.105897
vt 0.464617 0.104461
vt 0.472280 0.153453
vt 0.471396 0.155287
vt 0.469481 0.156722
vt 0.470024 0.153592
vt 0.471069 0.151745
vt 0.477471 0.148416
vt 0.475471 0.151762
vt 0.474957 0.154400
vt 0.423761 0.173915
vt 0.424336 0.173493
vt 0.423280 0.174196
vt 0.425201 0.172178
vt 0.423350 0.173300
vt 0.390222 0.189222
vt 0.395837 0.186368
vt 0.397997 0.186061
vt 0.393345 0.188715
vt 0.423224 0.174612
vt 0.423971 0.174403
vt 0.424334 0.174818
vt 0.425379 0.174147
vt 0.422501 0.174537
vt 0.422990 0.174444
vt 0.423592 0.174324
vt 0.471780 0.113646
vt 0.475174 0.112771
vt 0.478258 0.116270
vt 0.476996 0.116811
vt 0.475282 0.115617
vt 0.472824 0.159323
vt 0.471130 0.162635
vt 0.468643 0.161037
vt 0.474260 0.160544
vt 0.486831 0.149334
vt 0.492176 0.147831
vt 0.487120 0.151539
vt 0.460767 0.103407
vt 0.461337 0.103526
vt 0.460761 0.104173
vt 0.460587 0.104601
vt 0.479114 0.153954
vt 0.483077 0.151839
vt 0.479595 0.155505
vt 0.410533 0.107190
vt 0.407773 0.104794
vt 0.411612 0.103458
vt 0.413891 0.105432
vt 0.469920 0.157657
vt 0.455970 0.104915
vt 0.456921 0.104311
vt 0.459142 0.104996
vt 0.457310 0.106057
vt 0.457545 0.106942
vt 0.455124 0.104488
vt 0.498539 0.168580
vt 0.493836 0.166167
vt 0.504672 0.166252
vt 0.451306 0.071177
vt 0.453551 0.072494
vt 0.452228 0.073904
vt 0.450711 0.072171
vt 0.900112 0.107954
vt 0.894859 0.112560
vt 0.881262 0.099831
vt 0.891247 0.097483
vt 0.920146 0.354867
vt 0.915389 0.352421
vt 0.910285 0.348945
vt 0.915530 0.349158
vt 0.500506 0.173651
vt 0.285838 0.211987
vt 0.304061 0.204888
vt 0.290582 0.221661
vt 0.272616 0.213466
vt 0.461097 0.104443
vt 0.461317 0.104218
vt 0.461686 0.104469
vt 0.461315 0.104633
vt 0.468278 0.101499
vt 0.468824 0.101023
vt 0.469939 0.100946
vt 0.469788 0.102018
vt 0.483726 0.148952
vt 0.949906 0.116591
vt 0.955925 0.133639
vt 0.952587 0.135473
vt 0.948309 0.124877
vt 0.940372 0.111041
vt 0.940122 0.102761
vt 0.472434 0.155896
vt 0.474674 0.155913
vt 0.492269 0.464190
vt 0.497715 0.432583
vt 0.520644 0.421176
vt 0.515001 0.487680
vt 0.472714 0.158024
vt 0.475950 0.155621
vt 0.313789 0.052295
vt 0.316361 0.044777
vt 0.319981 0.048871
vt 0.316464 0.053552
vt 0.491007 0.110199
vt 0.488257 0.107737
vt 0.498110 0.113573
vt 0.417058 0.070824
vt 0.412984 0.069502
vt 0.499029 0.155259
vt 0.488719 0.155531
vt 0.498053 0.148829
vt 0.482943 0.154770
vt 0.477580 0.157805
vt 0.488274 0.145311
vt 0.492696 0.124490
vt 0.457955 0.146982
vt 0.458543 0.149758
vt 0.457711 0.151585
vt 0.454239 0.150159
vt 0.460841 0.097976
vt 0.458905 0.097808
vt 0.458175 0.097210
vt 0.460218 0.097103
vt 0.468156 0.155817
vt 0.467114 0.101145
vt 0.467661 0.102284
vt 0.466798 0.102617
vt 0.465772 0.101247
vt 0.433023 0.115362
vt 0.434716 0.116335
vt 0.435473 0.118159
vt 0.433856 0.117575
vt 0.432161 0.117341
vt 0.226548 0.089827
vt 0.234898 0.079924
vt 0.244036 0.093050
vt 0.237859 0.102658
vt 0.476196 0.159320
vt 0.382009 0.185983
vt 0.380341 0.187965
vt 0.378565 0.186845
vt 0.379866 0.185224
vt 0.381769 0.185270
vt 0.419069 0.130962
vt 0.419647 0.128906
vt 0.421400 0.133658
vt 0.419654 0.135112
vt 0.439483 0.066306
vt 0.440959 0.069655
vt 0.440641 0.072328
vt 0.438641 0.069858
vt 0.405047 0.036152
vt 0.409853 0.039439
vt 0.403079 0.040613
vt 0.400526 0.035830
vt 0.473821 0.166064
vt 0.474034 0.172304
vt 0.470857 0.164061
vt 0.470343 0.167083
vt 0.423401 0.158457
vt 0.425883 0.162841
vt 0.423818 0.163806
vt 0.421270 0.160056
vt 0.308544 0.117397
vt 0.312621 0.125585
vt 0.302962 0.128336
vt 0.300776 0.115806
vt 0.462079 0.109947
vt 0.462143 0.110082
vt 0.462341 0.110232
vt 0.462327 0.110259
vt 0.462324 0.110229
vt 0.462312 0.110193
vt 0.495292 0.136892
vt 0.491306 0.150434
vt 0.479452 0.159297
vt 0.479350 0.157981
vt 0.460924 0.109128
vt 0.460523 0.108085
vt 0.461380 0.107218
vt 0.461585 0.108148
vt 0.462195 0.108945
vt 0.469215 0.108636
vt 0.470710 0.107857
vt 0.471538 0.109117
vt 0.470708 0.108876
vt 0.493036 0.142107
vt 0.484423 0.156416
vt 0.486107 0.154568
vt 0.460061 0.105217
vt 0.460100 0.105180
vt 0.459616 0.105113
vt 0.459804 0.105150
vt 0.462826 0.087724
vt 0.464697 0.088312
vt 0.463421 0.091110
vt 0.461966 0.089085
vt 0.475260 0.160925
vt 0.419156 0.179608
vt 0.417299 0.175982
vt 0.430659 0.099443
vt 0.430902 0.096622
vt 0.433651 0.096384
vt 0.434232 0.099875
vt 0.451949 0.076148
vt 0.453361 0.074998
vt 0.452746 0.078230
vt 0.452185 0.081686
vt 0.450897 0.079067
vt 0.468463 0.108159
vt 0.467362 0.107613
vt 0.468875 0.106497
vt 0.467012 0.113818
vt 0.466886 0.112694
vt 0.468164 0.113088
vt 0.740028 0.045673
vt 0.748008 0.050319
vt 0.731948 0.062155
vt 0.709392 0.086465
vt 0.699466 0.080285
vt 0.732709 0.069027
vt 0.682401 0.436364
vt 0.667728 0.426344
vt 0.664394 0.410494
vt 0.670277 0.413777
vt 0.698178 0.444069
vt 0.691284 0.441588
vt 0.722682 0.057579
vt 0.464810 0.111639
vt 0.465155 0.111956
vt 0.464354 0.112300
vt 0.440099 0.056618
vt 0.433626 0.060638
vt 0.430977 0.060635
vt 0.436560 0.057363
vt 0.468130 0.111592
vt 0.468139 0.110984
vt 0.469540 0.109784
vt 0.468792 0.111170
vt 0.457268 0.111946
vt 0.456640 0.112318
vt 0.455666 0.112060
vt 0.456673 0.110909
vt 0.465915 0.111231
vt 0.466831 0.111642
vt 0.465917 0.112564
vt 0.466091 0.111873
vt 0.428394 0.064818
vt 0.427960 0.060839
vt 0.466075 0.110477
vt 0.465650 0.110989
vt 0.465545 0.110352
vt 0.707420 0.441864
vt 0.708711 0.431335
vt 0.717683 0.433810
vt 0.727804 0.454013
vt 0.762896 0.039439
vt 0.753309 0.037422
vt 0.770407 0.046398
vt 0.750907 0.028520
vt 0.468509 0.112039
vt 0.464916 0.110642
vt 0.468201 0.109072
vt 0.466752 0.110465
vt 0.466653 0.109785
vt 0.469878 0.189721
vt 0.473623 0.190319
vt 0.468707 0.195383
vt 0.463451 0.128994
vt 0.464989 0.128737
vt 0.464464 0.129767
vt 0.462918 0.129889
vt 0.471187 0.109967
vt 0.471812 0.106704
vt 0.465299 0.113542
vt 0.646872 0.185119
vt 0.648848 0.160748
vt 0.656995 0.164798
vt 0.465336 0.109736
vt 0.466415 0.109011
vt 0.682310 0.102593
vt 0.393153 0.530459
vt 0.358127 0.512919
vt 0.342923 0.478528
vt 0.380957 0.501890
vt 0.417167 0.514358
vt 0.407376 0.090360
vt 0.405225 0.095487
vt 0.398827 0.099747
vt 0.402307 0.091464
vt 0.404216 0.087782
vt 0.308304 0.109666
vt 0.306609 0.100995
vt 0.310240 0.098170
vt 0.309797 0.107077
vt 0.387203 0.054875
vt 0.384004 0.051833
vt 0.384504 0.048158
vt 0.388363 0.054540
vt 0.389720 0.058627
vt 0.922362 0.366262
vt 0.914773 0.364549
vt 0.917884 0.361507
vt 0.925623 0.360823
vt 0.598551 0.608950
vt 0.567354 0.595645
vt 0.604541 0.550150
vt 0.605596 0.658584
vt 0.553648 0.639133
vt 0.469777 0.111031
vt 0.657063 0.147641
vt 0.469755 0.107399
vt 0.464251 0.111457
vt 0.467753 0.110044
vt 0.470223 0.106440
vt 0.470798 0.107051
vt 0.471134 0.105995
vt 0.364617 0.201578
vt 0.349014 0.210548
vt 0.344512 0.202087
vt 0.365255 0.195328
vt 0.750596 0.059172
vt 0.730473 0.041824
vt 0.749145 0.016305
vt 0.467682 0.118015
vt 0.465752 0.119024
vt 0.466705 0.117850
vt 0.468716 0.116744
vt 0.788543 0.035068
vt 0.768053 0.031314
vt 0.787386 0.030308
vt 0.792500 0.022247
vt 0.795140 0.033380
vt 0.803325 0.035443
vt 0.807887 0.025554
vt 0.820621 0.016284
vt 0.810130 0.040127
vt 0.814278 0.044064
vt 0.798338 0.047407
vt 0.466358 0.094122
vt 0.468751 0.095008
vt 0.469803 0.094571
vt 0.469231 0.095694
vt 0.465676 0.095216
vt 0.478416 0.098051
vt 0.477263 0.097251
vt 0.479794 0.095684
vt 0.804600 0.039101
vt 0.407772 0.141869
vt 0.404130 0.141823
vt 0.405304 0.137955
vt 0.779752 0.027400
vt 0.781176 0.035171
vt 0.462948 0.101114
vt 0.465554 0.099112
vt 0.465104 0.101250
vt 0.464729 0.102574
vt 0.765445 0.024250
vt 0.472293 0.099228
vt 0.472722 0.101710
vt 0.471483 0.100726
vt 0.413241 0.123550
vt 0.407572 0.120943
vt 0.409887 0.120156
vt 0.414080 0.119807
vt 0.791873 0.050872
vt 0.804829 0.050970
vt 0.801294 0.055818
vt 0.792077 0.054752
vt 0.460347 0.113156
vt 0.460192 0.114299
vt 0.459646 0.116132
vt 0.459458 0.114588
vt 0.460052 0.112518
vt 0.460579 0.112337
vt 0.475799 0.098640
vt 0.476294 0.096969
vt 0.259767 0.144086
vt 0.246800 0.150802
vt 0.238963 0.151608
vt 0.244147 0.137080
vt 0.857846 0.440815
vt 0.856396 0.445531
vt 0.839376 0.451490
vt 0.847770 0.445594
vt 0.474611 0.102238
vt 0.473723 0.102745
vt 0.783227 0.000838
vt 0.803811 0.006788
vt 0.792362 0.042957
vt 0.805620 0.062554
vt 0.759849 0.033521
vt 0.857375 0.017312
vt 0.862498 0.011110
vt 0.877003 0.021058
vt 0.471144 0.105070
vt 0.472056 0.104865
vt 0.473378 0.104969
vt 0.476857 0.095622
vt 0.795067 0.056654
vt 0.394515 0.184678
vt 0.394134 0.185083
vt 0.396103 0.184692
vt 0.460249 0.088570
vt 0.460169 0.087347
vt 0.461663 0.109802
vt 0.461586 0.109393
vt 0.461706 0.109768
vt 0.461788 0.110060
vt 0.461745 0.110168
vt 0.461795 0.109641
vt 0.461721 0.109187
vt 0.461866 0.109509
vt 0.475173 0.097557
vt 0.810362 0.013663
vt 0.813814 0.016585
vt 0.809721 0.020537
vt 0.816880 0.000000
vt 0.844651 0.013551
vt 0.831400 0.012784
vt 0.842765 0.005930
vt 0.474688 0.098690
vt 0.478761 0.095005
vt 0.453760 0.079196
vt 0.454852 0.076749
vt 0.455797 0.079157
vt 0.454835 0.080507
vt 0.800656 0.016034
vt 0.324744 0.425319
vt 0.308866 0.392619
vt 0.328190 0.349970
vt 0.353171 0.385587
vt 0.793839 0.061818
vt 0.462433 0.105275
vt 0.461260 0.105965
vt 0.462466 0.104858
vt 0.463439 0.104324
vt 0.460346 0.117334
vt 0.458874 0.117462
vt 0.460434 0.116143
vt 0.461439 0.115626
vt 0.446493 0.060253
vt 0.448519 0.058979
vt 0.450331 0.059948
vt 0.451669 0.060059
vt 0.460672 0.149613
vt 0.461518 0.153973
vt 0.459246 0.155492
vt 0.455895 0.155467
vt 0.451901 0.153217
vt 0.823975 0.036333
vt 0.855032 0.023258
vt 0.421548 0.173500
vt 0.421943 0.173220
vt 0.420389 0.174364
vt 0.417912 0.174810
vt 0.332948 0.086001
vt 0.340714 0.094130
vt 0.340807 0.099216
vt 0.334865 0.092734
vt 0.854389 0.011127
vt 0.799572 0.028000
vt 0.801840 0.021428
vt 0.800117 0.060677
vt 0.796801 0.060136
vt 0.472725 0.104198
vt 0.474347 0.103611
vt 0.827734 0.025683
vt 0.477972 0.099140
vt 0.476699 0.100229
vt 0.475658 0.096493
vt 0.475968 0.094280
vt 0.462023 0.138924
vt 0.459482 0.138366
vt 0.459546 0.136632
vt 0.462637 0.137489
vt 0.467825 0.125963
vt 0.468022 0.126602
vt 0.467703 0.126343
vt 0.466891 0.125925
vt 0.810154 0.053646
vt 0.442559 0.111731
vt 0.442884 0.112113
vt 0.442098 0.112797
vt 0.442138 0.111182
vt 0.394951 0.152003
vt 0.398163 0.163107
vt 0.392855 0.155187
vt 0.403384 0.154003
vt 0.401727 0.157999
vt 0.397807 0.152266
vt 0.418702 0.165884
vt 0.422987 0.170025
vt 0.420068 0.170151
vt 0.420453 0.162736
vt 0.398077 0.157189
vt 0.398600 0.177139
vt 0.397883 0.169547
vt 0.379786 0.049962
vt 0.375976 0.047945
vt 0.372317 0.040674
vt 0.378529 0.044292
vt 0.409613 0.171861
vt 0.412380 0.164858
vt 0.415981 0.169163
vt 0.403444 0.185943
vt 0.408332 0.183059
vt 0.390592 0.158667
vt 0.408481 0.162783
vt 0.388672 0.151382
vt 0.398816 0.145093
vt 0.488801 0.135699
vt 0.490301 0.135959
vt 0.488876 0.142135
vt 0.488354 0.140673
vt 0.386063 0.167039
vt 0.385668 0.154514
vt 0.412918 0.158913
vt 0.394549 0.141916
vt 0.418209 0.099171
vt 0.416607 0.100277
vt 0.417633 0.097948
vt 0.402170 0.142705
vt 0.403572 0.147819
vt 0.406709 0.155069
vt 0.409127 0.152135
vt 0.421270 0.157338
vt 0.418366 0.160658
vt 0.854196 0.048378
vt 0.865756 0.062563
vt 0.855947 0.060925
vt 0.852011 0.052893
vt 0.413710 0.152412
vt 0.536118 0.277318
vt 0.551963 0.296502
vt 0.555330 0.324117
vt 0.553488 0.351775
vt 0.512026 0.296166
vt 0.430394 0.166954
vt 0.429819 0.166465
vt 0.431268 0.165651
vt 0.431746 0.165704
vt 0.449737 0.101072
vt 0.449735 0.100180
vt 0.451100 0.100995
vt 0.450533 0.102034
vt 0.454196 0.098965
vt 0.454465 0.096673
vt 0.455356 0.098750
vt 0.454753 0.101028
vt 0.416160 0.184317
vt 0.462302 0.110224
vt 0.462313 0.110236
vt 0.462306 0.110239
vt 0.423519 0.149735
vt 0.424809 0.152545
vt 0.422832 0.154392
vt 0.424604 0.167293
vt 0.487617 0.137552
vt 0.487129 0.134225
vt 0.457218 0.098067
vt 0.458488 0.098560
vt 0.458034 0.099365
vt 0.321056 0.166105
vt 0.322385 0.163002
vt 0.331637 0.160535
vt 0.340955 0.160831
vt 0.390919 0.125778
vt 0.387206 0.135154
vt 0.385083 0.129216
vt 0.383248 0.152418
vt 0.384648 0.145217
vt 0.387573 0.150432
vt 0.390299 0.096316
vt 0.384990 0.101101
vt 0.382472 0.096323
vt 0.213830 0.133788
vt 0.212643 0.146866
vt 0.194955 0.149762
vt 0.205145 0.128924
vt 0.382420 0.143071
vt 0.377654 0.140645
vt 0.379489 0.100500
vt 0.381148 0.090731
vt 0.380769 0.084566
vt 0.398958 0.138103
vt 0.401014 0.134783
vt 0.382461 0.193025
vt 0.383766 0.191468
vt 0.387780 0.191607
vt 0.384970 0.194353
vt 0.378588 0.092970
vt 0.379271 0.107055
vt 0.383870 0.105140
vt 0.386244 0.107355
vt 0.378623 0.111475
vt 0.381565 0.110276
vt 0.380274 0.115275
vt 0.391846 0.119128
vt 0.393844 0.120321
vt 0.401964 0.481675
vt 0.437937 0.488548
vt 0.450018 0.519714
vt 0.382237 0.113532
vt 0.384446 0.113980
vt 0.383670 0.115809
vt 0.376962 0.096889
vt 0.375180 0.105062
vt 0.400309 0.116162
vt 0.398862 0.119149
vt 0.397609 0.115726
vt 0.383287 0.120955
vt 0.382499 0.117756
vt 0.388914 0.111486
vt 0.395072 0.110847
vt 0.393340 0.113954
vt 0.394082 0.134633
vt 0.372012 0.100074
vt 0.374257 0.095119
vt 0.401125 0.119819
vt 0.394966 0.114699
vt 0.379611 0.132373
vt 0.379602 0.126093
vt 0.395695 0.117759
vt 0.396663 0.121745
vt 0.396529 0.103225
vt 0.396655 0.107910
vt 0.394189 0.106596
vt 0.406849 0.127850
vt 0.402922 0.125271
vt 0.405142 0.123626
vt 0.376998 0.109351
vt 0.371217 0.107762
vt 0.400303 0.122240
vt 0.402428 0.121338
vt 0.517825 0.376361
vt 0.493771 0.375959
vt 0.485113 0.362705
vt 0.506089 0.367892
vt 0.402742 0.119510
vt 0.425878 0.123376
vt 0.424971 0.125530
vt 0.423093 0.129125
vt 0.422946 0.125132
vt 0.416025 0.176973
vt 0.418460 0.176083
vt 0.419352 0.175744
vt 0.417688 0.176648
vt 0.465199 0.096533
vt 0.463668 0.096513
vt 0.463467 0.095835
vt 0.395621 0.126262
vt 0.402373 0.132539
vt 0.398959 0.113545
vt 0.382696 0.020541
vt 0.376213 0.021621
vt 0.372994 0.014795
vt 0.389465 0.020743
vt 0.374306 0.121884
vt 0.375455 0.120496
vt 0.377434 0.122149
vt 0.375449 0.128635
vt 0.375708 0.124636
vt 0.373469 0.122726
vt 0.376450 0.089403
vt 0.384865 0.110785
vt 0.380650 0.160009
vt 0.380707 0.153130
vt 0.371595 0.125407
vt 0.453281 0.062622
vt 0.453741 0.058857
vt 0.458468 0.058159
vt 0.455844 0.060525
vt 0.369330 0.128189
vt 0.392011 0.148243
vt 0.386192 0.123215
vt 0.470359 0.117521
vt 0.469855 0.118032
vt 0.380796 0.148395
vt 0.271115 0.268867
vt 0.289312 0.253721
vt 0.307079 0.259764
vt 0.305229 0.276334
vt 0.377586 0.118514
vt 0.439465 0.115990
vt 0.438675 0.115277
vt 0.439515 0.113363
vt 0.440509 0.114087
vt 0.374241 0.081825
vt 0.378298 0.067562
vt 0.378615 0.079303
vt 0.388369 0.118641
vt 0.946270 0.213762
vt 0.953507 0.215617
vt 0.959951 0.213339
vt 0.956404 0.222819
vt 0.955048 0.236449
vt 0.949816 0.224207
vt 0.941563 0.218529
vt 0.396783 0.113735
vt 0.424048 0.091582
vt 0.424021 0.092662
vt 0.396904 0.097256
vt 0.369194 0.107279
vt 0.368327 0.099472
vt 0.472223 0.097209
vt 0.472210 0.096650
vt 0.473331 0.097118
vt 0.459744 0.092452
vt 0.460254 0.092650
vt 0.460125 0.093745
vt 0.458158 0.095625
vt 0.459037 0.096471
vt 0.469970 0.105388
vt 0.466328 0.098734
vt 0.466606 0.098221
vt 0.466904 0.098129
vt 0.471775 0.092689
vt 0.470600 0.093064
vt 0.470771 0.092245
vt 0.354856 0.319675
vt 0.348710 0.302758
vt 0.353557 0.289661
vt 0.366663 0.303984
vt 0.458351 0.094424
vt 0.458773 0.093219
vt 0.466370 0.100532
vt 0.469244 0.102700
vt 0.470023 0.102748
vt 0.462465 0.096276
vt 0.461435 0.095920
vt 0.460877 0.095104
vt 0.444510 0.115193
vt 0.443913 0.114931
vt 0.446490 0.114301
vt 0.445794 0.115050
vt 0.460855 0.093503
vt 0.461483 0.093705
vt 0.461388 0.090840
vt 0.460063 0.091252
vt 0.459509 0.090987
vt 0.458747 0.103579
vt 0.459402 0.104147
vt 0.459347 0.104858
vt 0.458895 0.104332
vt 0.474261 0.097431
vt 0.462329 0.101797
vt 0.461726 0.099808
vt 0.792574 0.421796
vt 0.803284 0.420737
vt 0.801990 0.430532
vt 0.790507 0.430001
vt 0.777926 0.436410
vt 0.464376 0.094120
vt 0.463642 0.092868
vt 0.465326 0.093281
vt 0.470048 0.093869
vt 0.468959 0.094409
vt 0.468983 0.093190
vt 0.319686 0.071473
vt 0.316983 0.083017
vt 0.312380 0.080796
vt 0.308287 0.073449
vt 0.455747 0.094680
vt 0.457130 0.094180
vt 0.464304 0.097502
vt 0.463192 0.097217
vt 0.462014 0.097964
vt 0.461677 0.096676
vt 0.470985 0.094249
vt 0.470148 0.095902
vt 0.467526 0.093417
vt 0.468933 0.090951
vt 0.471235 0.091030
vt 0.475225 0.093934
vt 0.471679 0.095130
vt 0.472319 0.095503
vt 0.471655 0.096176
vt 0.460606 0.100081
vt 0.459749 0.098759
vt 0.857368 0.400342
vt 0.855694 0.397189
vt 0.862665 0.391960
vt 0.866002 0.400331
vt 0.460999 0.091477
vt 0.461851 0.092886
vt 0.464655 0.095189
vt 0.464992 0.095813
vt 0.422857 0.059903
vt 0.421732 0.056245
vt 0.419672 0.051901
vt 0.424286 0.052423
vt 0.468283 0.096271
vt 0.466816 0.096106
vt 0.467204 0.097878
vt 0.467443 0.098474
vt 0.458686 0.099938
vt 0.470085 0.096802
vt 0.469030 0.096981
vt 0.469305 0.096303
vt 0.470609 0.098399
vt 0.466010 0.103199
vt 0.465921 0.102168
vt 0.367090 0.213740
vt 0.367788 0.206378
vt 0.377534 0.200937
vt 0.376604 0.116906
vt 0.374242 0.117021
vt 0.374893 0.115505
vt 0.377464 0.114064
vt 0.456405 0.098820
vt 0.446623 0.114659
vt 0.445083 0.114001
vt 0.448003 0.113640
vt 0.449274 0.114346
vt 0.464856 0.097655
vt 0.683820 0.357832
vt 0.686228 0.368355
vt 0.664641 0.376344
vt 0.648838 0.364420
vt 0.473331 0.092557
vt 0.472114 0.093682
vt 0.961265 0.290398
vt 0.948923 0.283197
vt 0.960093 0.282039
vt 0.972644 0.284227
vt 0.372508 0.115682
vt 0.372660 0.115921
vt 0.372580 0.116039
vt 0.372500 0.115940
vt 0.465132 0.103230
vt 0.463939 0.104037
vt 0.467548 0.103353
vt 0.467550 0.104044
vt 0.466422 0.103570
vt 0.467738 0.100543
vt 0.468711 0.104474
vt 0.467529 0.105316
vt 0.466408 0.097900
vt 0.453416 0.078611
vt 0.468510 0.103718
vt 0.470147 0.104128
vt 0.422050 0.081214
vt 0.425386 0.080175
vt 0.425277 0.082619
vt 0.420463 0.082986
vt 0.453174 0.107419
vt 0.453395 0.108795
vt 0.452857 0.110321
vt 0.451610 0.108961
vt 0.396245 0.001381
vt 0.407319 0.003963
vt 0.388454 0.005379
vt 0.459297 0.099000
vt 0.417525 0.438207
vt 0.426182 0.458788
vt 0.401959 0.446053
vt 0.424348 0.392939
vt 0.973514 0.188837
vt 0.984113 0.183834
vt 0.983706 0.203784
vt 0.972199 0.196837
vt 0.965985 0.178632
vt 0.473277 0.093543
vt 0.473505 0.095568
vt 0.470857 0.096141
vt 0.777675 0.421354
vt 0.764670 0.432110
vt 0.763455 0.421779
vt 0.463247 0.102229
vt 0.433061 0.154601
vt 0.433805 0.158049
vt 0.432048 0.160401
vt 0.431859 0.158701
vt 0.468517 0.097698
vt 0.470143 0.097391
vt 0.461497 0.097188
vt 0.468810 0.091763
vt 0.463466 0.095223
vt 0.462238 0.094626
vt 0.460729 0.094481
vt 0.468720 0.100224
vt 0.458146 0.092531
vt 0.394383 0.196427
vt 0.390548 0.190727
vt 0.395439 0.194098
vt 0.393182 0.207162
vt 0.469876 0.099164
vt 0.462887 0.099564
vt 0.464005 0.099806
vt 0.352368 0.153079
vt 0.365264 0.154878
vt 0.367562 0.170247
vt 0.357387 0.165108
vt 0.458681 0.092004
vt 0.464042 0.097837
vt 0.472844 0.096319
vt 0.465171 0.103818
vt 0.459470 0.099864
vt 0.471225 0.097020
vt 0.468166 0.096833
vt 0.459762 0.109851
vt 0.459039 0.108934
vt 0.460786 0.109928
vt 0.463414 0.094216
vt 0.462698 0.091768
vt 0.464587 0.091921
vt 0.451348 0.126433
vt 0.450544 0.124289
vt 0.451552 0.123109
vt 0.466730 0.096744
vt 0.459428 0.105710
vt 0.459950 0.106374
vt 0.474137 0.094326
vt 0.925406 0.334453
vt 0.930977 0.334492
vt 0.935403 0.339352
vt 0.933793 0.342134
vt 0.467203 0.092226
vt 0.474687 0.092995
vt 0.197971 0.069209
vt 0.208342 0.080982
vt 0.186832 0.085769
vt 0.168992 0.095255
vt 0.153369 0.087968
vt 0.172812 0.071974
vt 0.435452 0.129988
vt 0.435104 0.128090
vt 0.436185 0.128552
vt 0.437220 0.130876
vt 0.327096 0.136675
vt 0.323622 0.142219
vt 0.307223 0.142963
vt 0.311684 0.137379
vt 0.471313 0.104051
vt 0.459747 0.105524
vt 0.460127 0.105578
vt 0.467912 0.098973
vt 0.467545 0.101915
vt 0.465215 0.100480
vt 0.465929 0.098565
vt 0.466228 0.091253
vt 0.491370 0.131824
vt 0.488376 0.132360
vt 0.489090 0.128421
vt 0.409898 0.065825
vt 0.404740 0.062292
vt 0.410133 0.061570
vt 0.412123 0.064949
vt 0.455636 0.108903
vt 0.454501 0.109678
vt 0.439860 0.100313
vt 0.442045 0.098518
vt 0.438872 0.568354
vt 0.375884 0.541962
vt 0.442443 0.536166
vt 0.465635 0.556353
vt 0.492343 0.593835
vt 0.470888 0.101715
vt 0.460770 0.203112
vt 0.461394 0.196580
vt 0.468251 0.201018
vt 0.365430 0.059548
vt 0.360667 0.057080
vt 0.359504 0.051880
vt 0.370174 0.059413
vt 0.423229 0.173877
vt 0.423133 0.173778
vt 0.423217 0.174143
vt 0.422663 0.174196
vt 0.462275 0.110228
vt 0.462262 0.110208
vt 0.462255 0.110182
vt 0.462262 0.110182
vt 0.409155 0.139833
vt 0.409416 0.148367
vt 0.406188 0.145423
vt 0.426030 0.170569
vt 0.425177 0.170783
vt 0.426721 0.169536
vt 0.426312 0.169907
vt 0.427602 0.169129
vt 0.407583 0.133552
vt 0.404811 0.132100
vt 0.408566 0.131384
vt 0.413574 0.131947
vt 0.412682 0.133722
vt 0.422234 0.146646
vt 0.421362 0.151112
vt 0.417833 0.136021
vt 0.416412 0.141142
vt 0.455864 0.064709
vt 0.456357 0.066853
vt 0.455379 0.068020
vt 0.454366 0.064034
vt 0.416959 0.131012
vt 0.419016 0.143257
vt 0.476060 0.147421
vt 0.472819 0.149276
vt 0.955058 0.242491
vt 0.961919 0.241751
vt 0.961251 0.248260
vt 0.952204 0.252802
vt 0.957436 0.246248
vt 0.410035 0.136198
vt 0.413858 0.140429
vt 0.411403 0.140225
vt 0.410394 0.145166
vt 0.411987 0.143404
vt 0.462323 0.110154
vt 0.462402 0.110079
vt 0.462588 0.110183
vt 0.462488 0.110262
vt 0.411438 0.082050
vt 0.411658 0.080778
vt 0.414218 0.082011
vt 0.413924 0.083906
vt 0.373689 0.188048
vt 0.411141 0.075198
vt 0.409931 0.073151
vt 0.412877 0.071496
vt 0.413447 0.075703
vt 0.483880 0.079095
vt 0.484606 0.083270
vt 0.480848 0.079913
vt 0.480120 0.077747
vt 0.384455 0.187117
vt 0.387890 0.187190
vt 0.384702 0.188155
vt 0.458130 0.123277
vt 0.457328 0.126143
vt 0.456946 0.125539
vt 0.457150 0.123189
vt 0.330655 0.188207
vt 0.343888 0.189084
vt 0.331175 0.193049
vt 0.333581 0.203277
vt 0.323591 0.207440
vt 0.324956 0.198489
vt 0.373693 0.190541
vt 0.356495 0.194731
vt 0.354201 0.192983
vt 0.359416 0.185145
vt 0.344965 0.180490
vt 0.381591 0.190553
vt 0.382717 0.189063
vt 0.385020 0.189451
vt 0.379607 0.188736
vt 0.378538 0.192380
vt 0.367426 0.188689
vt 0.389196 0.186284
vt 0.389280 0.185869
vt 0.385230 0.186035
vt 0.383741 0.183210
vt 0.374265 0.175207
vt 0.383567 0.177765
vt 0.376241 0.184060
vt 0.381029 0.183341
vt 0.421173 0.037981
vt 0.418246 0.034537
vt 0.423218 0.033864
vt 0.424312 0.037389
vt 0.418127 0.042149
vt 0.370627 0.183008
vt 0.336779 0.177364
vt 0.355990 0.171760
vt 0.368710 0.176273
vt 0.358673 0.177608
vt 0.344656 0.175247
vt 0.343209 0.171898
vt 0.389870 0.196565
vt 0.389355 0.191744
vt 0.456408 0.116646
vt 0.454894 0.115648
vt 0.455219 0.114229
vt 0.456229 0.114291
vt 0.457092 0.115500
vt 0.457473 0.114342
vt 0.458588 0.113804
vt 0.458887 0.114888
vt 0.386784 0.186280
vt 0.387806 0.184086
vt 0.383682 0.238338
vt 0.384931 0.226750
vt 0.393157 0.229247
vt 0.394226 0.213735
vt 0.410093 0.209204
vt 0.391023 0.182083
vt 0.350513 0.087799
vt 0.356364 0.092396
vt 0.361711 0.101594
vt 0.354571 0.095604
vt 0.471673 0.121138
vt 0.472375 0.120126
vt 0.474358 0.122540
vt 0.471877 0.121909
vt 0.357735 0.124068
vt 0.358176 0.128861
vt 0.347515 0.126535
vt 0.353595 0.113914
vt 0.358838 0.114594
vt 0.479433 0.178921
vt 0.412338 0.225947
vt 0.402872 0.230699
vt 0.401825 0.222113
vt 0.411181 0.218056
vt 0.387056 0.208994
vt 0.343871 0.136854
vt 0.338973 0.137914
vt 0.341158 0.130756
vt 0.373110 0.120582
vt 0.295385 0.115551
vt 0.300441 0.109691
vt 0.282054 0.105815
vt 0.291998 0.110560
vt 0.347089 0.091706
vt 0.351902 0.095576
vt 0.346319 0.097559
vt 0.365754 0.130594
vt 0.363005 0.126647
vt 0.334192 0.120522
vt 0.335597 0.117288
vt 0.325325 0.090609
vt 0.332716 0.099246
vt 0.295927 0.108629
vt 0.289838 0.101697
vt 0.296195 0.103831
vt 0.480355 0.128792
vt 0.479957 0.129378
vt 0.480062 0.130693
vt 0.479219 0.130724
vt 0.299675 0.103210
vt 0.297280 0.094266
vt 0.304400 0.096678
vt 0.316113 0.103654
vt 0.314443 0.099599
vt 0.317134 0.099100
vt 0.372286 0.151932
vt 0.377115 0.171614
vt 0.341422 0.144632
vt 0.688898 0.392752
vt 0.690848 0.402210
vt 0.686087 0.395884
vt 0.679411 0.384593
vt 0.364435 0.121814
vt 0.367294 0.123578
vt 0.348063 0.148135
vt 0.359563 0.146976
vt 0.317720 0.117633
vt 0.300286 0.134885
vt 0.317352 0.130245
vt 0.311217 0.134030
vt 0.292867 0.127476
vt 0.286336 0.124944
vt 0.370726 0.122930
vt 0.463128 0.103297
vt 0.463208 0.104110
vt 0.462351 0.104435
vt 0.374871 0.118878
vt 0.431770 0.085922
vt 0.431888 0.087686
vt 0.425984 0.087767
vt 0.428115 0.085061
vt 0.315113 0.149160
vt 0.312671 0.152853
vt 0.308441 0.146719
vt 0.363843 0.113768
vt 0.365857 0.115206
vt 0.326052 0.145497
vt 0.333343 0.140690
vt 0.329005 0.148607
vt 0.371204 0.118758
vt 0.413068 0.061449
vt 0.412752 0.056992
vt 0.415301 0.053703
vt 0.415655 0.057723
vt 0.346728 0.162333
vt 0.983566 0.219123
vt 0.987298 0.230568
vt 0.987765 0.252361
vt 0.984603 0.243586
vt 0.453050 0.084617
vt 0.454754 0.083122
vt 0.455131 0.084163
vt 0.454844 0.085477
vt 0.476099 0.111228
vt 0.482130 0.114851
vt 0.479840 0.114715
vt 0.476424 0.112454
vt 0.354422 0.104630
vt 0.355164 0.109132
vt 0.350357 0.102058
vt 0.329667 0.092818
vt 0.352546 0.101538
vt 0.255618 0.083029
vt 0.278375 0.094975
vt 0.265274 0.102006
vt 0.484506 0.147546
vt 0.303642 0.155944
vt 0.302229 0.150582
vt 0.334791 0.096895
vt 0.318437 0.144648
vt 0.330330 0.154468
vt 0.316276 0.158658
vt 0.324124 0.151062
vt 0.295364 0.132048
vt 0.301007 0.139834
vt 0.334907 0.124716
vt 0.337128 0.119650
vt 0.341290 0.121470
vt 0.330065 0.131287
vt 0.333690 0.133940
vt 0.304027 0.108655
vt 0.273946 0.114552
vt 0.321663 0.096638
vt 0.318697 0.109739
vt 0.941626 0.300229
vt 0.939214 0.297303
vt 0.940347 0.292138
vt 0.943425 0.293924
vt 0.311321 0.112180
vt 0.365523 0.116169
vt 0.325764 0.119600
vt 0.313235 0.110313
vt 0.347934 0.103343
vt 0.413930 0.078451
vt 0.411341 0.076698
vt 0.327018 0.126398
vt 0.422596 0.174215
vt 0.422423 0.174388
vt 0.288919 0.078097
vt 0.299875 0.083680
vt 0.297611 0.091062
vt 0.944456 0.248100
vt 0.946387 0.245809
vt 0.948098 0.251628
vt 0.945419 0.255241
vt 0.357485 0.101778
vt 0.358208 0.104885
vt 0.314676 0.095940
vt 0.430685 0.079148
vt 0.433607 0.081098
vt 0.431399 0.081627
vt 0.428327 0.080045
vt 0.268537 0.123079
vt 0.262917 0.114638
vt 0.274754 0.120878
vt 0.355144 0.140222
vt 0.350594 0.136164
vt 0.421201 0.128882
vt 0.419052 0.126394
vt 0.421184 0.123139
vt 0.363774 0.117624
vt 0.459206 0.128954
vt 0.459993 0.127671
vt 0.460946 0.127316
vt 0.461166 0.127870
vt 0.933491 0.123631
vt 0.942304 0.138893
vt 0.931793 0.124617
vt 0.928044 0.121013
vt 0.368819 0.137913
vt 0.359926 0.108850
vt 0.360720 0.106302
vt 0.461037 0.104821
vt 0.460804 0.105090
vt 0.461076 0.104552
vt 0.461436 0.103976
vt 0.467351 0.124311
vt 0.466469 0.125416
vt 0.465210 0.126443
vt 0.464020 0.126515
vt 0.464664 0.124908
vt 0.466118 0.124184
vt 0.466995 0.123119
vt 0.283888 0.131710
vt 0.275287 0.125445
vt 0.318422 0.133543
vt 0.289586 0.136907
vt 0.337630 0.102529
vt 0.966538 0.207593
vt 0.962372 0.190255
vt 0.440564 0.084428
vt 0.440191 0.085648
vt 0.341869 0.165741
vt 0.348444 0.169147
vt 0.365327 0.140514
vt 0.361066 0.118865
vt 0.289427 0.093632
vt 0.460619 0.105123
vt 0.460779 0.105054
vt 0.360289 0.138310
vt 0.336341 0.146123
vt 0.458096 0.130272
vt 0.456865 0.130239
vt 0.417434 0.103698
vt 0.415300 0.103637
vt 0.417630 0.102093
vt 0.337974 0.110171
vt 0.343854 0.106937
vt 0.337987 0.158186
vt 0.343044 0.155908
vt 0.447306 0.138223
vt 0.448621 0.134098
vt 0.450915 0.135253
vt 0.447554 0.139259
vt 0.604505 0.486916
vt 0.546558 0.496627
vt 0.570397 0.447241
vt 0.621534 0.454689
vt 0.338571 0.154077
vt 0.924820 0.397807
vt 0.908858 0.404547
vt 0.919979 0.395333
vt 0.281972 0.090404
vt 0.430188 0.067028
vt 0.435424 0.066176
vt 0.434432 0.070015
vt 0.431702 0.070476
vt 0.429505 0.071449
vt 0.427406 0.069372
vt 0.374527 0.150859
vt 0.856641 0.430952
vt 0.876334 0.428605
vt 0.897134 0.432089
vt 0.885769 0.430927
vt 0.897966 0.414348
vt 0.398800 0.186581
vt 0.391435 0.187919
vt 0.393693 0.189118
vt 0.396667 0.184101
vt 0.397265 0.183883
vt 0.397322 0.184268
vt 0.395556 0.184547
vt 0.399391 0.183545
vt 0.944787 0.371264
vt 0.930826 0.385099
vt 0.932090 0.372098
vt 0.940083 0.365939
vt 0.404369 0.183985
vt 0.398207 0.184588
vt 0.395524 0.185522
vt 0.399779 0.182640
vt 0.400913 0.183140
vt 0.397075 0.184474
vt 0.394259 0.185299
vt 0.403599 0.183125
vt 0.407051 0.182410
vt 0.389984 0.189274
vt 0.387445 0.186575
vt 0.392731 0.186692
vt 0.387890 0.188951
vt 0.386805 0.190246
vt 0.432953 0.072441
vt 0.430218 0.072930
vt 0.387341 0.188042
vt 0.840294 0.437738
vt 0.828314 0.444888
vt 0.393663 0.185093
vt 0.393179 0.185893
vt 0.383706 0.200391
vt 0.388620 0.192242
vt 0.398285 0.183643
vt 0.906974 0.058524
vt 0.908531 0.047796
vt 0.932242 0.067059
vt 0.918441 0.072941
vt 0.391230 0.189845
vt 0.386251 0.195735
vt 0.397232 0.183718
vt 0.397852 0.183605
vt 0.398787 0.183175
vt 0.407816 0.181644
vt 0.411341 0.178760
vt 0.409546 0.179163
vt 0.407329 0.180564
vt 0.404609 0.180821
vt 0.403097 0.181729
vt 0.405594 0.180485
vt 0.403297 0.182290
vt 0.414507 0.177838
vt 0.405490 0.181733
vt 0.397809 0.183406
vt 0.401238 0.182266
vt 0.973962 0.273387
vt 0.982091 0.266988
vt 0.985769 0.272899
vt 0.983759 0.284987
vt 0.474564 0.126235
vt 0.474079 0.125783
vt 0.475651 0.126017
vt 0.475664 0.126418
vt 0.342557 0.243288
vt 0.352456 0.250727
vt 0.341567 0.265700
vt 0.355975 0.223159
vt 0.341869 0.229058
vt 0.378487 0.211606
vt 0.377501 0.206041
vt 0.339473 0.213354
vt 0.336493 0.207890
vt 0.465006 0.107962
vt 0.464338 0.107867
vt 0.463456 0.107142
vt 0.464283 0.107522
vt 0.466029 0.106659
vt 0.465542 0.108687
vt 0.322667 0.225560
vt 0.326583 0.216498
vt 0.360652 0.209609
vt 0.227898 0.131999
vt 0.252269 0.131331
vt 0.266058 0.138599
vt 0.472766 0.119269
vt 0.474372 0.120648
vt 0.329174 0.237242
vt 0.460674 0.105216
vt 0.460137 0.105322
vt 0.460508 0.105018
vt 0.460858 0.105051
vt 0.473865 0.107068
vt 0.475942 0.103478
vt 0.478648 0.105979
vt 0.475667 0.109286
vt 0.366445 0.250780
vt 0.329044 0.250387
vt 0.371484 0.200283
vt 0.480757 0.099703
vt 0.476109 0.099632
vt 0.472388 0.098109
vt 0.321133 0.235692
vt 0.428116 0.166789
vt 0.426039 0.168822
vt 0.428710 0.164036
vt 0.380768 0.193150
vt 0.373777 0.196023
vt 0.504130 0.142857
vt 0.353801 0.232555
vt 0.371191 0.215986
vt 0.438028 0.132448
vt 0.440810 0.130132
vt 0.372521 0.116174
vt 0.372586 0.116150
vt 0.372561 0.116251
vt 0.372746 0.116355
vt 0.372642 0.116247
vt 0.372744 0.116224
vt 0.372729 0.116162
vt 0.372716 0.116069
vt 0.372772 0.116128
vt 0.372397 0.116310
vt 0.372170 0.116562
vt 0.372288 0.116225
vt 0.372626 0.116414
vt 0.372372 0.116175
vt 0.372648 0.116114
vt 0.372508 0.116080
vt 0.443428 0.038716
vt 0.441518 0.037301
vt 0.446820 0.036671
vt 0.448431 0.041025
vt 0.372102 0.116243
vt 0.372761 0.116179
vt 0.372245 0.116045
vt 0.372188 0.116118
vt 0.372119 0.115962
vt 0.372212 0.115895
vt 0.372325 0.115981
vt 0.372820 0.116176
vt 0.372874 0.116244
vt 0.372401 0.115962
vt 0.369327 0.115957
vt 0.370795 0.117654
vt 0.370737 0.115868
vt 0.370788 0.116478
vt 0.372937 0.117781
vt 0.373079 0.116533
vt 0.373053 0.116163
vt 0.369386 0.114305
vt 0.370965 0.115297
vt 0.363877 0.098001
vt 0.359640 0.087064
vt 0.369604 0.071868
vt 0.370320 0.094157
vt 0.740567 0.401312
vt 0.725385 0.395477
vt 0.778424 0.405090
vt 0.764781 0.405679
vt 0.713552 0.403878
vt 0.722743 0.413121
vt 0.706233 0.411110
vt 0.703007 0.414589
vt 0.690359 0.407453
vt 0.703248 0.405639
vt 0.371782 0.115849
vt 0.343020 0.039516
vt 0.339925 0.039713
vt 0.339119 0.037788
vt 0.342763 0.036836
vt 0.373587 0.116258
vt 0.480258 0.131055
vt 0.481136 0.133031
vt 0.479885 0.137717
vt 0.480346 0.133998
vt 0.396383 0.183964
vt 0.411450 0.178753
vt 0.398509 0.183219
vt 0.396533 0.183738
vt 0.398957 0.182982
vt 0.431643 0.129090
vt 0.430605 0.131956
vt 0.432065 0.134702
vt 0.428290 0.134273
vt 0.428519 0.129091
vt 0.429515 0.125511
vt 0.398007 0.183061
vt 0.401144 0.182148
vt 0.402202 0.181603
vt 0.400329 0.182403
vt 0.402630 0.177447
vt 0.406285 0.179273
vt 0.400905 0.181884
vt 0.393867 0.184772
vt 0.396075 0.182829
vt 0.389691 0.186450
vt 0.388701 0.185990
vt 0.391319 0.184182
vt 0.397914 0.183323
vt 0.392060 0.185953
vt 0.394089 0.185337
vt 0.421598 0.174938
vt 0.401033 0.181788
vt 0.398063 0.182934
vt 0.404256 0.181481
vt 0.411121 0.178681
vt 0.409117 0.179517
vt 0.392781 0.184194
vt 0.393338 0.185298
vt 0.413627 0.178121
vt 0.444866 0.120038
vt 0.445728 0.121237
vt 0.444286 0.121791
vt 0.443789 0.120195
vt 0.398402 0.182266
vt 0.422223 0.174590
vt 0.412043 0.177799
vt 0.404397 0.179815
vt 0.404881 0.180249
vt 0.392952 0.185474
vt 0.395069 0.184193
vt 0.386609 0.186741
vt 0.415526 0.177753
vt 0.421807 0.174703
vt 0.421514 0.174697
vt 0.669539 0.319453
vt 0.669183 0.348027
vt 0.653677 0.328638
vt 0.668352 0.354619
vt 0.683656 0.343213
vt 0.635181 0.351082
vt 0.637683 0.337421
vt 0.632629 0.293456
vt 0.647098 0.266325
vt 0.672095 0.265021
vt 0.461247 0.107981
vt 0.461175 0.107827
vt 0.461143 0.107698
vt 0.461207 0.107835
vt 0.422792 0.174452
vt 0.417758 0.176921
vt 0.472411 0.102380
vt 0.413110 0.008480
vt 0.410567 0.015561
vt 0.406659 0.014014
vt 0.421128 0.174868
vt 0.843916 0.430872
vt 0.836300 0.431389
vt 0.845884 0.424695
vt 0.477792 0.244361
vt 0.498504 0.238997
vt 0.486007 0.252845
vt 0.444987 0.254440
vt 0.420426 0.175524
vt 0.409098 0.178560
vt 0.410020 0.178894
vt 0.419057 0.175652
vt 0.420164 0.175629
vt 0.417716 0.176766
vt 0.466541 0.103495
vt 0.469954 0.104052
vt 0.467523 0.105223
vt 0.465432 0.105325
vt 0.464020 0.104991
vt 0.949564 0.243375
vt 0.947262 0.233966
vt 0.944282 0.229068
vt 0.942196 0.224220
vt 0.420625 0.175015
vt 0.432665 0.143817
vt 0.431769 0.146687
vt 0.430516 0.144934
vt 0.430189 0.141918
vt 0.373149 0.115094
vt 0.372915 0.114823
vt 0.373071 0.114567
vt 0.373307 0.115805
vt 0.373860 0.115659
vt 0.373472 0.115417
vt 0.373661 0.115065
vt 0.373543 0.115109
vt 0.373528 0.114872
vt 0.373723 0.115241
vt 0.373322 0.114959
vt 0.373772 0.115068
vt 0.374031 0.115116
vt 0.421939 0.104642
vt 0.423049 0.103804
vt 0.424244 0.105487
vt 0.421293 0.106377
vt 0.685256 0.293519
vt 0.373692 0.114746
vt 0.480086 0.092657
vt 0.477597 0.091908
vt 0.479929 0.091310
vt 0.922430 0.139024
vt 0.920178 0.131055
vt 0.941488 0.159272
vt 0.930587 0.146598
vt 0.930706 0.151977
vt 0.373869 0.114781
vt 0.372918 0.115449
vt 0.371110 0.114069
vt 0.371384 0.113370
vt 0.372351 0.114067
vt 0.374129 0.112851
vt 0.373757 0.113911
vt 0.372828 0.112892
vt 0.374365 0.114022
vt 0.372784 0.113774
vt 0.373281 0.114456
vt 0.451145 0.120474
vt 0.449393 0.122568
vt 0.446656 0.122866
vt 0.448143 0.121074
vt 0.372109 0.112253
vt 0.371134 0.114853
vt 0.371853 0.115617
vt 0.450511 0.071297
vt 0.448531 0.071817
vt 0.449188 0.069763
vt 0.449665 0.070055
vt 0.372600 0.115155
vt 0.371522 0.114585
vt 0.473135 0.101116
vt 0.373524 0.114248
vt 0.843786 0.418148
vt 0.851719 0.414706
vt 0.833856 0.423694
vt 0.372767 0.116068
vt 0.372829 0.116108
vt 0.455209 0.141217
vt 0.457344 0.141448
vt 0.456279 0.142632
vt 0.451888 0.143012
vt 0.451988 0.141829
vt 0.373032 0.115657
vt 0.372900 0.116100
vt 0.372115 0.115657
vt 0.464609 0.141740
vt 0.463889 0.139959
vt 0.464474 0.137613
vt 0.464935 0.139498
vt 0.465743 0.141334
vt 0.372856 0.116159
vt 0.372902 0.116166
vt 0.372730 0.115927
vt 0.373086 0.116030
vt 0.372635 0.115634
vt 0.372868 0.115691
vt 0.461571 0.109621
vt 0.461524 0.109378
vt 0.370537 0.114426
vt 0.370186 0.112697
vt 0.373258 0.111275
vt 0.308709 0.056635
vt 0.304570 0.073781
vt 0.371462 0.111641
vt 0.376003 0.111012
vt 0.384280 0.185495
vt 0.388523 0.186144
vt 0.420856 0.173496
vt 0.422784 0.173355
vt 0.422683 0.172933
vt 0.394706 0.182896
vt 0.423642 0.171895
vt 0.421786 0.173881
vt 0.421095 0.173598
vt 0.969630 0.223837
vt 0.970442 0.241677
vt 0.963104 0.227546
vt 0.423044 0.172675
vt 0.424538 0.171385
vt 0.384791 0.185716
vt 0.439644 0.106630
vt 0.437741 0.108421
vt 0.437057 0.105946
vt 0.439199 0.105076
vt 0.418706 0.174416
vt 0.416022 0.175841
vt 0.419278 0.175077
vt 0.418565 0.174727
vt 0.469953 0.090325
vt 0.467164 0.088382
vt 0.411652 0.176368
vt 0.420388 0.175303
vt 0.422724 0.174018
vt 0.420912 0.174957
vt 0.421960 0.174360
vt 0.360412 0.078652
vt 0.357103 0.080456
vt 0.355937 0.074330
vt 0.351514 0.038485
vt 0.351488 0.039406
vt 0.349681 0.039360
vt 0.332673 0.037662
vt 0.336007 0.040908
vt 0.325521 0.051872
vt 0.325808 0.047393
vt 0.329727 0.050369
vt 0.348653 0.067379
vt 0.349093 0.061627
vt 0.353619 0.060792
vt 0.312924 0.089861
vt 0.329749 0.040327
vt 0.326245 0.037796
vt 0.327626 0.056768
vt 0.273804 0.085421
vt 0.325288 0.069617
vt 0.322859 0.061280
vt 0.329674 0.068723
vt 0.327495 0.084244
vt 0.905601 0.388808
vt 0.894813 0.392829
vt 0.906473 0.383150
vt 0.921634 0.376644
vt 0.322095 0.051216
vt 0.368713 0.050269
vt 0.349913 0.047475
vt 0.349243 0.042451
vt 0.353724 0.043158
vt 0.319538 0.056571
vt 0.344805 0.066224
vt 0.339996 0.058350
vt 0.351424 0.035796
vt 0.349819 0.031441
vt 0.355936 0.038590
vt 0.317511 0.061857
vt 0.343628 0.030441
vt 0.336547 0.030550
vt 0.342351 0.025779
vt 0.486744 0.128131
vt 0.487766 0.129703
vt 0.488102 0.133275
vt 0.485853 0.129326
vt 0.485194 0.126420
vt 0.347858 0.051256
vt 0.356071 0.047405
vt 0.372826 0.055315
vt 0.370350 0.061975
vt 0.458095 0.089374
vt 0.458491 0.090907
vt 0.456754 0.091422
vt 0.468167 0.119002
vt 0.467506 0.119777
vt 0.466254 0.121020
vt 0.359517 0.071270
vt 0.359313 0.066150
vt 0.458345 0.131830
vt 0.459843 0.132603
vt 0.364533 0.068105
vt 0.320864 0.077904
vt 0.472111 0.226945
vt 0.466425 0.232558
vt 0.442355 0.227364
vt 0.455551 0.227549
vt 0.349310 0.078740
vt 0.345192 0.077260
vt 0.275589 0.073847
vt 0.333432 0.042260
vt 0.361342 0.037092
vt 0.368730 0.044720
vt 0.360186 0.060396
vt 0.330592 0.044919
vt 0.328891 0.047179
vt 0.317413 0.092634
vt 0.352729 0.056841
vt 0.341997 0.088616
vt 0.956092 0.186251
vt 0.955171 0.179455
vt 0.960425 0.172814
vt 0.775066 0.079576
vt 0.767561 0.061391
vt 0.338119 0.051638
vt 0.452146 0.112671
vt 0.451625 0.113717
vt 0.451145 0.112233
vt 0.354406 0.080414
vt 0.307835 0.049525
vt 0.324269 0.049626
vt 0.347357 0.036176
vt 0.241951 0.065353
vt 0.341300 0.041624
vt 0.230389 0.070914
vt 0.272963 0.055429
vt 0.264633 0.052448
vt 0.270446 0.043457
vt 0.248050 0.055492
vt 0.915610 0.094597
vt 0.908338 0.088132
vt 0.910916 0.077638
vt 0.919738 0.087791
vt 0.461416 0.108773
vt 0.461391 0.108612
vt 0.461177 0.108417
vt 0.461263 0.108368
vt 0.461370 0.108633
vt 0.461488 0.108090
vt 0.461584 0.108879
vt 0.461716 0.108970
vt 0.461448 0.108441
vt 0.547737 0.362050
vt 0.565485 0.362983
vt 0.585847 0.360288
vt 0.553193 0.372541
vt 0.348071 0.039782
vt 0.345795 0.038470
vt 0.337946 0.043925
vt 0.282836 0.077321
vt 0.464503 0.118298
vt 0.464256 0.114656
vt 0.465917 0.115998
vt 0.345315 0.043804
vt 0.345475 0.041461
vt 0.353263 0.071090
vt 0.333987 0.048155
vt 0.948922 0.158313
vt 0.950784 0.149119
vt 0.349947 0.027254
vt 0.425326 0.139128
vt 0.423775 0.136297
vt 0.425453 0.133208
vt 0.427438 0.138901
vt 0.479872 0.121884
vt 0.481352 0.122768
vt 0.482743 0.124836
vt 0.481984 0.124893
vt 0.339862 0.047203
vt 0.332953 0.053011
vt 0.304677 0.092902
vt 0.359370 0.027308
vt 0.453243 0.081054
vt 0.240637 0.168196
vt 0.222752 0.182362
vt 0.226613 0.169594
vt 0.416187 0.096835
vt 0.415105 0.097961
vt 0.408858 0.098736
vt 0.411829 0.093741
vt 0.435912 0.154342
vt 0.436826 0.150991
vt 0.438570 0.150624
vt 0.437524 0.157075
vt 0.493534 0.389500
vt 0.458364 0.383497
vt 0.465015 0.370918
vt 0.987341 0.196519
vt 0.988362 0.213280
vt 0.427273 0.142115
vt 0.424921 0.141282
vt 0.340991 0.075675
vt 0.470619 0.127947
vt 0.473014 0.127573
vt 0.471406 0.129218
vt 0.469839 0.128744
vt 0.284671 0.366282
vt 0.284713 0.406281
vt 0.405240 0.103735
vt 0.408050 0.101897
vt 0.404298 0.107746
vt 0.479118 0.152422
vt 0.482093 0.149937
vt 0.476221 0.153702
vt 0.481891 0.146510
vt 0.469792 0.146599
vt 0.472552 0.145696
vt 0.468199 0.149270
vt 0.467736 0.153323
vt 0.470088 0.150621
vt 0.470758 0.081195
vt 0.473152 0.081559
vt 0.471266 0.082999
vt 0.468582 0.082056
vt 0.477768 0.146899
vt 0.481498 0.143611
vt 0.483891 0.132861
vt 0.483029 0.127913
vt 0.484091 0.129837
vt 0.484744 0.133083
vt 0.483112 0.135087
vt 0.476284 0.152752
vt 0.476912 0.152179
vt 0.472050 0.144476
vt 0.472210 0.154641
vt 0.463568 0.080207
vt 0.461959 0.081219
vt 0.460956 0.081025
vt 0.461755 0.080076
vt 0.473246 0.141634
vt 0.476207 0.142221
vt 0.479754 0.143039
vt 0.482460 0.138175
vt 0.477122 0.145433
vt 0.477999 0.143745
vt 0.469068 0.150433
vt 0.466862 0.152557
vt 0.477836 0.138507
vt 0.478720 0.135341
vt 0.854018 0.420104
vt 0.859382 0.410177
vt 0.864267 0.413787
vt 0.939278 0.302032
vt 0.938853 0.307445
vt 0.936884 0.304511
vt 0.444578 0.126140
vt 0.444722 0.123158
vt 0.446811 0.125735
vt 0.447660 0.127677
vt 0.464508 0.155753
vt 0.463959 0.157048
vt 0.491019 0.123915
vt 0.490396 0.121378
vt 0.465836 0.045399
vt 0.471544 0.051631
vt 0.474176 0.057106
vt 0.467100 0.052872
vt 0.461528 0.155372
vt 0.899772 0.394024
vt 0.908470 0.392435
vt 0.902421 0.400018
vt 0.476498 0.135897
vt 0.476512 0.133717
vt 0.480286 0.140368
vt 0.442288 0.166713
vt 0.443355 0.163810
vt 0.461381 0.108233
vt 0.461492 0.108623
vt 0.461920 0.109336
vt 0.461650 0.108693
vt 0.461374 0.108341
vt 0.479273 0.149045
vt 0.480018 0.150873
vt 0.482591 0.134244
vt 0.477960 0.149735
vt 0.486063 0.144414
vt 0.483541 0.142516
vt 0.486956 0.138247
vt 0.434965 0.145578
vt 0.437250 0.146125
vt 0.435634 0.147431
vt 0.433349 0.147203
vt 0.481656 0.139607
vt 0.439794 0.149214
vt 0.443858 0.149311
vt 0.441324 0.151195
vt 0.442946 0.151845
vt 0.441093 0.153589
vt 0.431853 0.164579
vt 0.434301 0.163846
vt 0.432779 0.164804
vt 0.448188 0.110264
vt 0.446287 0.111967
vt 0.445979 0.109870
vt 0.447164 0.108784
vt 0.439495 0.152515
vt 0.428089 0.167867
vt 0.431393 0.158514
vt 0.430345 0.155118
vt 0.430147 0.153420
vt 0.432830 0.152899
vt 0.439850 0.153838
vt 0.404478 0.083094
vt 0.402160 0.085514
vt 0.402519 0.081450
vt 0.405568 0.077288
vt 0.405992 0.080063
vt 0.430522 0.165332
vt 0.431447 0.163286
vt 0.441735 0.155317
vt 0.439672 0.157524
vt 0.416902 0.308717
vt 0.395476 0.312717
vt 0.403468 0.282710
vt 0.427594 0.163279
vt 0.429432 0.164133
vt 0.853888 0.387004
vt 0.860767 0.383525
vt 0.434347 0.159844
vt 0.462719 0.110776
vt 0.462676 0.110441
vt 0.462942 0.110232
vt 0.463517 0.110219
vt 0.463284 0.110637
vt 0.463055 0.111221
vt 0.426564 0.167516
vt 0.425753 0.172063
vt 0.878156 0.377452
vt 0.885776 0.371610
vt 0.889459 0.376887
vt 0.884080 0.384039
vt 0.879920 0.394556
vt 0.875116 0.386689
vt 0.429636 0.165942
vt 0.428696 0.167874
vt 0.444991 0.146467
vt 0.447463 0.144701
vt 0.446180 0.150478
vt 0.432841 0.163646
vt 0.432781 0.162372
vt 0.434737 0.162418
vt 0.421856 0.072302
vt 0.425423 0.073814
vt 0.428259 0.076199
vt 0.422952 0.075311
vt 0.448312 0.142377
vt 0.449059 0.143518
vt 0.425750 0.165689
vt 0.428792 0.160656
vt 0.428410 0.158382
vt 0.435627 0.159573
vt 0.426229 0.153350
vt 0.427342 0.155225
vt 0.439855 0.147053
vt 0.441829 0.144727
vt 0.443030 0.147297
vt 0.470952 0.124263
vt 0.470108 0.124439
vt 0.470561 0.123925
vt 0.471622 0.123980
vt 0.433217 0.161480
vt 0.429026 0.158674
vt 0.432040 0.147820
vt 0.454897 0.159357
vt 0.457742 0.157752
vt 0.437501 0.160260
vt 0.435457 0.161277
vt 0.447562 0.084141
vt 0.448891 0.085491
vt 0.446583 0.088062
vt 0.446123 0.086611
vt 0.429182 0.148877
vt 0.429597 0.150182
vt 0.459995 0.157274
vt 0.449229 0.148010
vt 0.446552 0.113087
vt 0.448295 0.112005
vt 0.436892 0.161418
vt 0.434321 0.160885
vt 0.428340 0.148640
vt 0.444021 0.152507
vt 0.433581 0.149349
vt 0.429948 0.150926
vt 0.450605 0.145595
vt 0.444825 0.139077
vt 0.441221 0.140592
vt 0.444068 0.137517
vt 0.445652 0.136156
vt 0.426108 0.169165
vt 0.425816 0.168898
vt 0.460066 0.105124
vt 0.459575 0.103843
vt 0.460240 0.105093
vt 0.441006 0.159727
vt 0.436676 0.163326
vt 0.443698 0.156155
vt 0.435202 0.162740
vt 0.435718 0.162084
vt 0.439101 0.160563
vt 0.437032 0.161715
vt 0.462275 0.109341
vt 0.461659 0.109290
vt 0.462881 0.109488
vt 0.448734 0.151171
vt 0.447027 0.155160
vt 0.431292 0.167898
vt 0.872329 0.092486
vt 0.872225 0.082978
vt 0.887625 0.093155
vt 0.433904 0.165606
vt 0.437294 0.165909
vt 0.440554 0.160604
vt 0.450870 0.137305
vt 0.451762 0.137037
vt 0.449984 0.140021
vt 0.436831 0.109874
vt 0.437720 0.111112
vt 0.435122 0.111158
vt 0.431565 0.110691
vt 0.434486 0.108542
vt 0.435921 0.100682
vt 0.437904 0.100317
vt 0.435870 0.101879
vt 0.434408 0.104358
vt 0.432945 0.103545
vt 0.433301 0.102499
vt 0.460908 0.101862
vt 0.461322 0.101094
vt 0.461744 0.102767
vt 0.461842 0.103663
vt 0.452977 0.157472
vt 0.445324 0.159476
vt 0.167579 0.178459
vt 0.136349 0.197062
vt 0.151452 0.164581
vt 0.180448 0.158566
vt 0.460689 0.105850
vt 0.460668 0.105637
vt 0.460707 0.105648
vt 0.460688 0.105976
vt 0.941060 0.262205
vt 0.941730 0.244874
vt 0.444199 0.143404
vt 0.428221 0.083611
vt 0.431609 0.084582
vt 0.934241 0.298354
vt 0.937888 0.291836
vt 0.480926 0.091077
vt 0.478349 0.089821
vt 0.480807 0.087754
vt 0.483244 0.084192
vt 0.444705 0.204229
vt 0.437874 0.198973
vt 0.452121 0.200107
vt 0.898204 0.076272
vt 0.904393 0.071036
vt 0.869426 0.070203
vt 0.870820 0.074417
vt 0.860649 0.071891
vt 0.475367 0.091800
vt 0.476517 0.091550
vt 0.834463 0.032559
vt 0.481068 0.086504
vt 0.436715 0.035680
vt 0.432596 0.033217
vt 0.431271 0.029867
vt 0.433563 0.027573
vt 0.863599 0.036289
vt 0.863854 0.043373
vt 0.853160 0.033700
vt 0.288645 0.142286
vt 0.281317 0.137068
vt 0.842395 0.413054
vt 0.838403 0.414918
vt 0.838544 0.407467
vt 0.478644 0.086749
vt 0.477514 0.088397
vt 0.477187 0.086541
vt 0.968918 0.326634
vt 0.976631 0.323004
vt 0.981889 0.325779
vt 0.976026 0.335719
vt 0.880990 0.032001
vt 0.894241 0.028336
vt 0.478500 0.083004
vt 0.481369 0.082735
vt 0.417481 0.092176
vt 0.421023 0.089674
vt 0.482385 0.084139
vt 0.483220 0.089561
vt 0.481956 0.088752
vt 0.477818 0.085381
vt 0.942112 0.091121
vt 0.926325 0.084136
vt 0.480222 0.075774
vt 0.481765 0.072689
vt 0.899297 0.086573
vt 0.875792 0.080913
vt 0.878419 0.077346
vt 0.849234 0.063362
vt 0.872812 0.068061
vt 0.401114 0.110981
vt 0.401406 0.113197
vt 0.276823 0.140439
vt 0.265758 0.131979
vt 0.439734 0.086598
vt 0.440399 0.089367
vt 0.439135 0.087692
vt 0.438158 0.086113
vt 0.418191 0.108130
vt 0.414641 0.109508
vt 0.901850 0.037415
vt 0.894739 0.038533
vt 0.909593 0.069143
vt 0.464838 0.130472
vt 0.463412 0.131583
vt 0.464198 0.130133
vt 0.464904 0.129669
vt 0.451840 0.084260
vt 0.452016 0.083335
vt 0.453466 0.085640
vt 0.845927 0.047915
vt 0.851373 0.042783
vt 0.903875 0.124065
vt 0.881851 0.056614
vt 0.876190 0.060857
vt 0.470966 0.101797
vt 0.839148 0.039835
vt 0.895928 0.079975
vt 0.825701 0.042912
vt 0.481060 0.092989
vt 0.901078 0.061946
vt 0.458228 0.118321
vt 0.460944 0.118046
vt 0.861755 0.050520
vt 0.810099 0.062357
vt 0.477210 0.093021
vt 0.477900 0.094617
vt 0.477015 0.094288
vt 0.835218 0.051201
vt 0.902197 0.102003
vt 0.923909 0.109148
vt 0.928203 0.117595
vt 0.922121 0.114225
vt 0.888617 0.066790
vt 0.883916 0.068600
vt 0.931250 0.074489
vt 0.876011 0.041720
vt 0.896220 0.064800
vt 0.387239 0.085879
vt 0.482165 0.091327
vt 0.476733 0.089371
vt 0.974179 0.293026
vt 0.967255 0.300312
vt 0.966467 0.294638
vt 0.487219 0.502040
vt 0.511015 0.526430
vt 0.476648 0.533482
vt 0.461572 0.108896
vt 0.461674 0.108851
vt 0.461792 0.109065
vt 0.959237 0.110758
vt 0.860557 0.065715
vt 0.947681 0.132427
vt 0.462145 0.110183
vt 0.462075 0.110148
vt 0.462018 0.110095
vt 0.462044 0.109978
vt 0.890809 0.051413
vt 0.456895 0.114051
vt 0.460569 0.104946
vt 0.460551 0.105414
vt 0.460442 0.105320
vt 0.460360 0.104702
vt 0.864738 0.087494
vt 0.851020 0.079239
vt 0.459820 0.104283
vt 0.460189 0.105182
vt 0.459173 0.102808
vt 0.249139 0.105697
vt 0.933647 0.101512
vt 0.438150 0.138485
vt 0.442713 0.135714
vt 0.477125 0.082699
vt 0.478816 0.078658
vt 0.844218 0.065038
vt 0.416266 0.020358
vt 0.409651 0.020214
vt 0.416453 0.017066
vt 0.280392 0.036622
vt 0.260602 0.041622
vt 0.271744 0.017420
vt 0.283486 0.013594
vt 0.299946 0.013295
vt 0.285924 0.033130
vt 0.477223 0.090725
vt 0.423332 0.061937
vt 0.422253 0.066685
vt 0.420728 0.062872
vt 0.466032 0.077735
vt 0.469871 0.075709
vt 0.469005 0.077697
vt 0.467363 0.079629
vt 0.937842 0.120410
vt 0.910648 0.109168
vt 0.429239 0.030981
vt 0.427720 0.031770
vt 0.426422 0.029391
vt 0.428338 0.028422
vt 0.910587 0.098337
vt 0.460381 0.103111
vt 0.461332 0.103063
vt 0.957390 0.149659
vt 0.461460 0.109957
vt 0.461469 0.109407
vt 0.461542 0.109839
vt 0.461607 0.110097
vt 0.420815 0.140740
vt 0.420735 0.074227
vt 0.417198 0.074536
vt 0.480373 0.128943
vt 0.479284 0.127231
vt 0.479621 0.126020
vt 0.480748 0.128095
vt 0.825681 0.068216
vt 0.817832 0.063735
vt 0.828553 0.057345
vt 0.476812 0.075959
vt 0.475139 0.077484
vt 0.473847 0.076428
vt 0.476642 0.074579
vt 0.833055 0.059360
vt 0.844826 0.058049
vt 0.475975 0.090613
vt 0.913410 0.139226
vt 0.469000 0.139719
vt 0.470139 0.138451
vt 0.472314 0.139751
vt 0.470968 0.140772
vt 0.460928 0.120489
vt 0.461863 0.118252
vt 0.463203 0.118242
vt 0.462317 0.120170
vt 0.474150 0.090753
vt 0.912618 0.123642
vt 0.479610 0.080969
vt 0.809600 0.463158
vt 0.823097 0.455971
vt 0.477621 0.080357
vt 0.486756 0.124327
vt 0.486248 0.126173
vt 0.485569 0.125135
vt 0.484186 0.123130
vt 0.484541 0.121782
vt 0.924787 0.096777
vt 0.462729 0.105975
vt 0.464892 0.106447
vt 0.480036 0.073166
vt 0.816292 0.055421
vt 0.476815 0.122790
vt 0.475441 0.121937
vt 0.477286 0.121042
vt 0.484553 0.126901
vt 0.484571 0.128678
vt 0.486462 0.134636
vt 0.485611 0.138465
vt 0.484150 0.139795
vt 0.485683 0.134806
vt 0.480670 0.118440
vt 0.482213 0.117775
vt 0.479402 0.120752
vt 0.482920 0.123820
vt 0.469590 0.127352
vt 0.468332 0.128721
vt 0.467182 0.129849
vt 0.467522 0.128673
vt 0.468744 0.127097
vt 0.479764 0.120475
vt 0.481655 0.121321
vt 0.484865 0.125683
vt 0.484388 0.124321
vt 0.479064 0.119450
vt 0.480407 0.120096
vt 0.483183 0.122594
vt 0.969988 0.278754
vt 0.963687 0.276426
vt 0.964319 0.272706
vt 0.483367 0.117076
vt 0.484595 0.119215
vt 0.488771 0.122568
vt 0.490473 0.126382
vt 0.435340 0.243084
vt 0.424548 0.225584
vt 0.433685 0.220693
vt 0.451863 0.242825
vt 0.406044 0.018753
vt 0.407208 0.022937
vt 0.473312 0.118676
vt 0.474054 0.118304
vt 0.478025 0.125801
vt 0.477625 0.124807
vt 0.478629 0.124189
vt 0.480893 0.130827
vt 0.471762 0.115598
vt 0.474609 0.117194
vt 0.495655 0.144225
vt 0.474494 0.084423
vt 0.404417 0.030587
vt 0.408697 0.030346
vt 0.413329 0.033911
vt 0.409397 0.034956
vt 0.454944 0.146212
vt 0.454855 0.143851
vt 0.908423 0.335368
vt 0.916835 0.328488
vt 0.907709 0.339012
vt 0.898809 0.346459
vt 0.477749 0.117529
vt 0.476418 0.118723
vt 0.462236 0.110199
vt 0.462254 0.110231
vt 0.462278 0.110284
vt 0.462237 0.110244
vt 0.757266 0.441549
vt 0.773029 0.446886
vt 0.762357 0.450275
vt 0.744768 0.447105
vt 0.745552 0.441320
vt 0.289155 0.451252
vt 0.414982 0.197828
vt 0.430491 0.137888
vt 0.429427 0.140129
vt 0.428649 0.137799
vt 0.481961 0.120607
vt 0.480511 0.124912
vt 0.482223 0.125776
vt 0.871274 0.402215
vt 0.477379 0.120244
vt 0.480297 0.123531
vt 0.388762 0.048156
vt 0.391394 0.053531
vt 0.388599 0.051507
vt 0.386565 0.048075
vt 0.483119 0.131183
vt 0.478565 0.122426
vt 0.470010 0.113389
vt 0.471917 0.117046
vt 0.433399 0.120317
vt 0.440616 0.112445
vt 0.441414 0.113723
vt 0.459411 0.084790
vt 0.459967 0.082897
vt 0.460844 0.083512
vt 0.414784 0.347099
vt 0.424633 0.359121
vt 0.406622 0.358953
vt 0.397724 0.349972
vt 0.448293 0.115245
vt 0.449817 0.114766
vt 0.449381 0.115620
vt 0.447475 0.116050
vt 0.461312 0.208986
vt 0.456531 0.212919
vt 0.458038 0.207453
vt 0.459865 0.119394
vt 0.459419 0.120839
vt 0.466866 0.144553
vt 0.468205 0.144334
vt 0.466973 0.145671
vt 0.472117 0.133997
vt 0.472665 0.134176
vt 0.472313 0.135761
vt 0.470053 0.144021
vt 0.462470 0.140464
vt 0.454808 0.103063
vt 0.455932 0.101564
vt 0.456254 0.102248
vt 0.455868 0.103220
vt 0.468831 0.142332
vt 0.454493 0.112569
vt 0.454762 0.111454
vt 0.455691 0.110347
vt 0.455480 0.113489
vt 0.463169 0.138394
vt 0.465029 0.133278
vt 0.467291 0.132209
vt 0.465940 0.133826
vt 0.468984 0.134192
vt 0.469357 0.132357
vt 0.470747 0.132291
vt 0.820260 0.401332
vt 0.839747 0.392443
vt 0.840477 0.394523
vt 0.829673 0.398091
vt 0.464347 0.133093
vt 0.466161 0.131612
vt 0.475223 0.132965
vt 0.476348 0.131380
vt 0.467546 0.135090
vt 0.467610 0.137853
vt 0.466089 0.136168
vt 0.470157 0.137046
vt 0.469064 0.137410
vt 0.464768 0.145372
vt 0.473604 0.133248
vt 0.475052 0.131186
vt 0.467791 0.133424
vt 0.465207 0.131733
vt 0.465399 0.142928
vt 0.471066 0.132604
vt 0.470196 0.134071
vt 0.472527 0.130132
vt 0.419443 0.103450
vt 0.420705 0.103413
vt 0.420936 0.104584
vt 0.420016 0.104810
vt 0.473448 0.131642
vt 0.473661 0.138874
vt 0.475647 0.140071
vt 0.466129 0.126267
vt 0.467558 0.125302
vt 0.466158 0.138615
vt 0.470910 0.135477
vt 0.471323 0.137394
vt 0.472383 0.137840
vt 0.458986 0.112005
vt 0.459468 0.111954
vt 0.469663 0.135499
vt 0.474272 0.134780
vt 0.450564 0.421924
vt 0.468913 0.434663
vt 0.471927 0.460940
vt 0.467453 0.148242
vt 0.468543 0.135589
vt 0.466809 0.140582
vt 0.474117 0.136973
vt 0.474742 0.134991
vt 0.465158 0.148829
vt 0.463365 0.146773
vt 0.463918 0.135024
vt 0.464629 0.151178
vt 0.446002 0.134031
vt 0.445426 0.130764
vt 0.448059 0.131434
vt 0.387950 0.036419
vt 0.382679 0.032299
vt 0.383184 0.026305
vt 0.390827 0.034661
vt 0.478603 0.126809
vt 0.479144 0.132645
vt 0.479362 0.128415
vt 0.478312 0.127698
vt 0.478088 0.130276
vt 0.477834 0.130141
vt 0.479218 0.128198
vt 0.480523 0.127898
vt 0.481367 0.127565
vt 0.479955 0.129959
vt 0.453627 0.148743
vt 0.457661 0.144709
vt 0.935078 0.357923
vt 0.929797 0.358304
vt 0.928932 0.352575
vt 0.924737 0.353415
vt 0.913086 0.343940
vt 0.922927 0.349478
vt 0.911654 0.361471
vt 0.906317 0.364654
vt 0.907279 0.356945
vt 0.915612 0.393108
vt 0.925407 0.379415
vt 0.362134 0.024464
vt 0.367248 0.020123
vt 0.899125 0.375501
vt 0.895419 0.378276
vt 0.886142 0.406120
vt 0.908750 0.374902
vt 0.916044 0.373728
vt 0.886203 0.400875
vt 0.926543 0.367151
vt 0.902980 0.351415
vt 0.896415 0.351878
vt 0.902566 0.345266
vt 0.348735 0.018980
vt 0.911836 0.354208
vt 0.869730 0.376866
vt 0.896735 0.380769
vt 0.878887 0.370072
vt 0.883123 0.362677
vt 0.890253 0.366696
vt 0.889654 0.358605
vt 0.895929 0.364388
vt 0.375714 0.026606
vt 0.367698 0.027730
vt 0.925221 0.385343
vt 0.916369 0.341301
vt 0.925406 0.348189
vt 0.957316 0.349667
vt 0.954354 0.362991
vt 0.456123 0.081495
vt 0.458062 0.078476
vt 0.459617 0.081312
vt 0.897387 0.358956
vt 0.960997 0.359592
vt 0.908898 0.398062
vt 0.962343 0.350259
vt 0.460563 0.131529
vt 0.462355 0.131673
vt 0.462950 0.132322
vt 0.333895 0.021143
vt 0.324187 0.030523
vt 0.289982 0.039830
vt 0.316723 0.007077
vt 0.339536 0.002953
vt 0.377768 0.001179
vt 0.390119 -0.000000
vt 0.399718 0.020904
vt 0.433206 0.123458
vt 0.434066 0.128737
vt 0.902275 0.365597
vt 0.485581 0.236295
vt 0.515677 0.227940
vt 0.971695 0.349886
vt 0.960461 0.369367
vt 0.905119 0.370663
vt 0.379826 0.023672
vt 0.392680 0.023971
vt 0.389958 0.025117
vt 0.944205 0.352650
vt 0.887543 0.390738
vt 0.892468 0.400292
vt 0.894931 0.369198
vt 0.920667 0.342379
vt 0.930851 0.346643
vt 0.460965 0.104575
vt 0.460787 0.104074
vt 0.451838 0.149134
vt 0.460881 0.058354
vt 0.458165 0.060084
vt 0.462479 0.057284
vt 0.914350 0.336680
vt 0.434380 0.215562
vt 0.422224 0.214568
vt 0.418906 0.206781
vt 0.422397 0.207362
vt 0.916647 0.337400
vt 0.920559 0.332074
vt 0.467209 0.082857
vt 0.466191 0.082068
vt 0.465738 0.081095
vt 0.467962 0.082616
vt 0.938255 0.347325
vt 0.910619 0.344970
vt 0.417808 0.124462
vt 0.417968 0.127061
vt 0.415250 0.124505
vt 0.419831 0.119676
vt 0.922731 0.319866
vt 0.457905 0.101659
vt 0.458613 0.102335
vt 0.457933 0.102820
vt 0.921997 0.340921
vt 0.460964 0.104868
vt 0.460848 0.104982
vt 0.460526 0.105041
vt 0.460800 0.104953
vt 0.413164 0.115845
vt 0.414391 0.113842
vt 0.417394 0.114521
vt 0.417998 0.116948
vt 0.474453 0.127762
vt 0.476060 0.127946
vt 0.474503 0.129576
vt 0.478790 0.127211
vt 0.480389 0.126680
vt 0.482583 0.124873
vt 0.482998 0.125288
vt 0.481339 0.125058
vt 0.476829 0.130142
vt 0.481290 0.126355
vt 0.480948 0.125601
vt 0.463596 0.086344
vt 0.464396 0.084551
vt 0.466054 0.086080
vt 0.480109 0.126118
vt 0.480226 0.127613
vt 0.476488 0.129124
vt 0.478050 0.128769
vt 0.477895 0.126022
vt 0.477574 0.127471
vt 0.452252 0.139858
vt 0.393913 0.091911
vt 0.949886 0.190905
vt 0.956053 0.201223
vt 0.941709 0.237530
vt 0.941207 0.197962
vt 0.940478 0.189221
vt 0.944809 0.196459
vt 0.963960 0.247349
vt 0.961344 0.254826
vt 0.958503 0.278770
vt 0.471808 0.124501
vt 0.473457 0.123520
vt 0.944804 0.210945
vt 0.822707 0.416794
vt 0.826619 0.411903
vt 0.826851 0.419325
vt 0.826063 0.425165
vt 0.444082 0.135156
vt 0.443456 0.135384
vt 0.443915 0.133880
vt 0.444339 0.133827
vt 0.951931 0.181001
vt 0.930986 0.172468
vt 0.927134 0.168113
vt 0.936135 0.166535
vt 0.944914 0.177300
vt 0.953986 0.211830
vt 0.960142 0.204487
vt 0.940546 0.211605
vt 0.939063 0.206142
vt 0.943459 0.203900
vt 0.947660 0.263016
vt 0.953883 0.265487
vt 0.948717 0.269374
vt 0.944595 0.233919
vt 0.938366 0.200491
vt 0.943934 0.265357
vt 0.941890 0.277951
vt 0.951187 0.259600
vt 0.954500 0.261026
vt 0.925589 0.160210
vt 0.919550 0.151622
vt 0.957505 0.240429
vt 0.394543 0.041693
vt 0.396403 0.035502
vt 0.399587 0.041174
vt 0.461014 0.105095
vt 0.460854 0.105038
vt 0.461255 0.105060
vt 0.461336 0.105254
vt 0.459851 0.060867
vt 0.457466 0.062409
vt 0.935211 0.186678
vt 0.832946 0.069890
vt 0.461076 0.104151
vt 0.460854 0.104574
vt 0.457011 0.144237
vt 0.457990 0.143605
vt 0.830180 0.410103
vt 0.295729 0.158899
vt 0.287005 0.151453
vt 0.460435 0.133209
vt 0.464017 0.131917
vt 0.465597 0.131000
vt 0.458570 0.133464
vt 0.460597 0.133550
vt 0.461581 0.136034
vt 0.461171 0.134668
vt 0.456626 0.139258
vt 0.456318 0.137440
vt 0.457321 0.136639
vt 0.454092 0.134629
vt 0.452341 0.136705
vt 0.455666 0.136559
vt 0.454179 0.136509
vt 0.455170 0.135315
vt 0.469809 0.123025
vt 0.471904 0.122881
vt 0.471592 0.123445
vt 0.448240 0.104013
vt 0.445275 0.106530
vt 0.446657 0.102851
vt 0.458338 0.138164
vt 0.453574 0.139734
vt 0.300368 0.145547
vt 0.463906 0.149600
vt 0.461114 0.146497
vt 0.460858 0.106505
vt 0.461013 0.107231
vt 0.460927 0.107105
vt 0.466525 0.130862
vt 0.453991 0.139959
vt 0.458573 0.136080
vt 0.460245 0.142926
vt 0.459312 0.141374
vt 0.461087 0.141314
vt 0.466492 0.107286
vt 0.466751 0.106074
vt 0.469893 0.106651
vt 0.469272 0.108710
vt 0.473332 0.049676
vt 0.477442 0.056933
vt 0.473277 0.051715
vt 0.470028 0.046268
vt 0.703882 0.389857
vt 0.710738 0.392317
vt 0.695358 0.399204
vt 0.463568 0.104087
vt 0.463595 0.103183
vt 0.263747 0.232557
vt 0.282545 0.242260
vt 0.273546 0.254865
vt 0.231972 0.250369
vt 0.454702 0.113729
vt 0.454153 0.114280
vt 0.409213 0.047788
vt 0.412974 0.049875
vt 0.455545 0.138504
vt 0.463857 0.064548
vt 0.468451 0.062562
vt 0.470447 0.064269
vt 0.469364 0.066785
vt 0.466131 0.067334
vt 0.459542 0.135313
vt 0.453193 0.131845
vt 0.462150 0.133181
vt 0.430143 0.089815
vt 0.479283 0.126804
vt 0.462129 0.110468
vt 0.462180 0.110426
vt 0.462356 0.110713
vt 0.462251 0.110871
vt 0.477533 0.126407
vt 0.467088 0.131296
vt 0.471187 0.131021
vt 0.472960 0.128592
vt 0.468263 0.130229
vt 0.279569 0.183508
vt 0.253479 0.175516
vt 0.279812 0.166142
vt 0.291698 0.172653
vt 0.469183 0.130286
vt 0.474607 0.125488
vt 0.472186 0.125232
vt 0.472879 0.127132
vt 0.473755 0.127110
vt 0.469121 0.129635
vt 0.471451 0.127412
vt 0.482961 0.112947
vt 0.488869 0.116985
vt 0.484848 0.116269
vt 0.487148 0.119520
vt 0.449446 0.069198
vt 0.449145 0.068164
vt 0.451632 0.068136
vt 0.450001 0.069041
vt 0.461377 0.069338
vt 0.460525 0.070105
vt 0.459478 0.068508
vt 0.461549 0.067688
vt 0.491340 0.119270
vt 0.868556 0.436595
vt 0.867785 0.451299
vt 0.852610 0.452916
vt 0.427548 0.081261
vt 0.470819 0.099154
vt 0.455889 0.196166
vt 0.402762 0.068184
vt 0.406512 0.069426
vt 0.407122 0.074126
vt 0.401816 0.073002
vt 0.473834 0.188036
vt 0.471916 0.103398
vt 0.440803 0.110718
vt 0.442045 0.110634
vt 0.470048 0.110853
vt 0.412767 0.117161
vt 0.408146 0.117332
vt 0.508783 0.350230
vt 0.501356 0.327198
vt 0.825657 0.440715
vt 0.460485 0.105121
vt 0.460482 0.105215
vt 0.460842 0.104852
vt 0.462464 0.110333
vt 0.478256 0.111164
vt 0.473441 0.110264
vt 0.468288 0.110634
vt 0.466358 0.114332
vt 0.453361 0.114079
vt 0.453973 0.115932
vt 0.452954 0.114748
vt 0.464558 0.102952
vt 0.972426 0.213110
vt 0.442337 0.207568
vt 0.427510 0.200623
vt 0.435704 0.199950
vt 0.421631 0.021604
vt 0.424940 0.023184
vt 0.420610 0.027838
vt 0.418009 0.026999
vt 0.476821 0.126740
vt 0.475130 0.127217
vt 0.476440 0.126517
vt 0.677787 0.392682
vt 0.672009 0.384832
vt 0.490442 0.113617
vt 0.443445 0.197397
vt 0.472984 0.065530
vt 0.471368 0.065705
vt 0.472120 0.078903
vt 0.472494 0.077206
vt 0.471516 0.073429
vt 0.470436 0.071183
vt 0.472147 0.070841
vt 0.459022 0.077621
vt 0.472555 0.074565
vt 0.471627 0.074840
vt 0.461208 0.079935
vt 0.462184 0.078961
vt 0.459108 0.065153
vt 0.459017 0.063125
vt 0.461410 0.062496
vt 0.463619 0.079041
vt 0.463682 0.077648
vt 0.462917 0.104077
vt 0.463535 0.104929
vt 0.462831 0.105504
vt 0.462624 0.104703
vt 0.466138 0.071704
vt 0.468715 0.070140
vt 0.469048 0.072141
vt 0.460825 0.064664
vt 0.474487 0.063043
vt 0.471951 0.059652
vt 0.477054 0.062665
vt 0.457924 0.066188
vt 0.462488 0.085351
vt 0.477181 0.077764
vt 0.476924 0.068451
vt 0.475450 0.069894
vt 0.463976 0.082346
vt 0.462950 0.083827
vt 0.463097 0.082454
vt 0.465136 0.079821
vt 0.454109 0.073676
vt 0.453938 0.074423
vt 0.472689 0.066796
vt 0.461346 0.108394
vt 0.461183 0.108006
vt 0.461952 0.107229
vt 0.462419 0.107723
vt 0.460882 0.105603
vt 0.461802 0.104316
vt 0.478368 0.076360
vt 0.477614 0.059308
vt 0.479098 0.066355
vt 0.463717 0.081355
vt 0.476110 0.058471
vt 0.473612 0.080169
vt 0.474699 0.073835
vt 0.467484 0.072975
vt 0.465635 0.073786
vt 0.464194 0.101900
vt 0.459766 0.086323
vt 0.459334 0.070920
vt 0.458027 0.071503
vt 0.457986 0.069769
vt 0.460233 0.078550
vt 0.461992 0.077949
vt 0.456967 0.078541
vt 0.457853 0.077532
vt 0.455791 0.080202
vt 0.456851 0.077109
vt 0.456014 0.076663
vt 0.457382 0.076690
vt 0.475248 0.071831
vt 0.474243 0.070905
vt 0.475941 0.070940
vt 0.470212 0.072948
vt 0.473526 0.073893
vt 0.460390 0.076799
vt 0.461528 0.073097
vt 0.463178 0.074429
vt 0.466993 0.069023
vt 0.468705 0.083504
vt 0.453839 0.069436
vt 0.453860 0.067746
vt 0.461049 0.066178
vt 0.473622 0.086420
vt 0.459855 0.046617
vt 0.461854 0.045829
vt 0.460092 0.052022
vt 0.457132 0.048365
vt 0.472174 0.075922
vt 0.464188 0.053583
vt 0.466422 0.083141
vt 0.467749 0.083725
vt 0.464567 0.091255
vt 0.453544 0.116925
vt 0.455525 0.118413
vt 0.465203 0.082594
vt 0.456513 0.065464
vt 0.456240 0.077456
vt 0.473071 0.068908
vt 0.471358 0.069562
vt 0.471931 0.067689
vt 0.464018 0.069095
vt 0.465811 0.083434
vt 0.467216 0.085124
vt 0.469473 0.068839
vt 0.478679 0.070170
vt 0.479844 0.063437
vt 0.481589 0.068281
vt 0.455278 0.062458
vt 0.470343 0.069563
vt 0.458570 0.076505
vt 0.464478 0.080880
vt 0.459311 0.066709
vt 0.457088 0.068499
vt 0.462995 0.060473
vt 0.464134 0.075977
vt 0.469560 0.074401
vt 0.469545 0.126204
vt 0.471272 0.125227
vt 0.470947 0.125886
vt 0.457630 0.085524
vt 0.455424 0.050264
vt 0.459975 0.054456
vt 0.454851 0.053701
vt 0.461812 0.071133
vt 0.407599 0.085667
vt 0.471291 0.126745
vt 0.469816 0.127643
vt 0.462432 0.062838
vt 0.383166 0.062337
vt 0.382179 0.052528
vt 0.385486 0.060251
vt 0.385512 0.067507
vt 0.812032 0.049948
vt 0.467597 0.074053
vt 0.461774 0.084823
vt 0.964763 0.125188
vt 0.465041 0.081702
vt 0.456177 0.063394
vt 0.457326 0.070728
vt 0.461093 0.107569
vt 0.461168 0.107710
vt 0.461067 0.107612
vt 0.476710 0.069521
vt 0.482765 0.128770
vt 0.480943 0.126162
vt 0.465450 0.061516
vt 0.467569 0.059212
vt 0.469803 0.083748
vt 0.476363 0.073132
vt 0.307338 0.045071
vt 0.407263 0.082827
vt 0.409555 0.081533
vt 0.411703 0.084130
vt 0.478639 0.071540
vt 0.454481 0.074793
vt 0.470981 0.079819
vt 0.469039 0.079973
vt 0.471180 0.062146
vt 0.457514 0.075757
vt 0.459388 0.076789
vt 0.376958 0.033140
vt 0.458783 0.075168
vt 0.459707 0.075714
vt 0.459354 0.073684
vt 0.459101 0.072215
vt 0.470389 0.067818
vt 0.457492 0.073085
vt 0.467461 0.055903
vt 0.478545 0.073603
vt 0.470299 0.085980
vt 0.471393 0.269829
vt 0.510197 0.251852
vt 0.564289 0.272003
vt 0.496374 0.266353
vt 0.445341 0.115712
vt 0.444192 0.116103
vt 0.823438 0.464912
vt 0.473160 0.071607
vt 0.338584 0.070835
vt 0.455488 0.070483
vt 0.456110 0.075094
vt 0.469118 0.087070
vt 0.460525 0.105238
vt 0.455985 0.073493
vt 0.453486 0.070714
vt 0.295192 0.240772
vt 0.852398 0.410271
vt 0.846925 0.402311
vt 0.496084 0.303325
vt 0.484737 0.331837
vt 0.471736 0.356061
vt 0.468694 0.319912
vt 0.451016 0.115822
vt 0.452530 0.116531
vt 0.451827 0.117251
vt 0.448861 0.116278
vt 0.461082 0.107492
vt 0.461093 0.107481
vt 0.461119 0.107558
vt 0.461130 0.107537
vt 0.461102 0.107584
vt 0.454767 0.081704
vt 0.555769 0.578449
vt 0.398985 0.109281
vt 0.441513 0.097475
vt 0.438158 0.097005
vt 0.440842 0.094822
vt 0.406482 0.100310
vt 0.403125 0.102083
vt 0.403469 0.098270
vt 0.403398 0.113912
vt 0.442423 0.099079
vt 0.443082 0.097740
vt 0.419000 0.099934
vt 0.416627 0.083932
vt 0.416017 0.087023
vt 0.411372 0.111660
vt 0.413031 0.113635
vt 0.422166 0.084892
vt 0.419739 0.088318
vt 0.419073 0.085395
vt 0.419544 0.106250
vt 0.425388 0.089853
vt 0.432099 0.104817
vt 0.442218 0.094474
vt 0.437493 0.093063
vt 0.419772 0.105517
vt 0.411688 0.127009
vt 0.429194 0.142387
vt 0.425131 0.103817
vt 0.425485 0.107060
vt 0.427031 0.095535
vt 0.429540 0.093720
vt 0.427829 0.097511
vt 0.420331 0.122394
vt 0.421212 0.120804
vt 0.425467 0.095749
vt 0.424721 0.097899
vt 0.423972 0.096573
vt 0.419218 0.101855
vt 0.431863 0.094498
vt 0.431245 0.093452
vt 0.434974 0.094262
vt 0.434864 0.095464
vt 0.448660 0.126675
vt 0.450039 0.125563
vt 0.461237 0.107685
vt 0.460603 0.106309
vt 0.460851 0.106864
vt 0.425909 0.144794
vt 0.424665 0.144023
vt 0.976987 0.306858
vt 0.972640 0.306526
vt 0.978481 0.292125
vt 0.422386 0.095504
vt 0.420560 0.098443
vt 0.415367 0.127820
vt 0.395483 0.085868
vt 0.398775 0.090690
vt 0.427096 0.093324
vt 0.428006 0.093542
vt 0.438063 0.095348
vt 0.421850 0.136085
vt 0.409134 0.114393
vt 0.407524 0.111078
vt 0.417222 0.090699
vt 0.416611 0.089072
vt 0.411912 0.113597
vt 0.426951 0.129244
vt 0.404697 0.085167
vt 0.405617 0.114639
vt 0.412162 0.114668
vt 0.426699 0.139959
vt 0.927647 0.311446
vt 0.932993 0.310967
vt 0.931928 0.316116
vt 0.928087 0.320561
vt 0.422062 0.144053
vt 0.413875 0.090658
vt 0.428290 0.146811
vt 0.413489 0.102303
vt 0.411420 0.100932
vt 0.415256 0.099636
vt 0.427142 0.115075
vt 0.427114 0.117484
vt 0.424137 0.117899
vt 0.423487 0.098550
vt 0.424505 0.099943
vt 0.422554 0.099224
vt 0.437562 0.098774
vt 0.322607 0.594702
vt 0.307901 0.570918
vt 0.323562 0.557518
vt 0.374437 0.570426
vt 0.700554 0.429757
vt 0.702361 0.420268
vt 0.709072 0.421691
vt 0.436380 0.072023
vt 0.436411 0.073229
vt 0.461063 0.107420
vt 0.461099 0.107503
vt 0.461046 0.107398
vt 0.422797 0.102782
vt 0.422935 0.100650
vt 0.463000 0.108082
vt 0.463171 0.109286
vt 0.461069 0.107315
vt 0.461127 0.107715
vt 0.400454 0.104853
vt 0.422751 0.121751
vt 0.417711 0.111779
vt 0.419530 0.112628
vt 0.425629 0.118616
vt 0.423880 0.122517
vt 0.401546 0.088734
vt 0.413327 0.125409
vt 0.428297 0.116979
vt 0.430493 0.092311
vt 0.430019 0.076110
vt 0.433228 0.077711
vt 0.420360 0.105310
vt 0.427590 0.106831
vt 0.430260 0.105498
vt 0.429613 0.108391
vt 0.433244 0.105905
vt 0.427375 0.090976
vt 0.429015 0.092439
vt 0.425551 0.093547
vt 0.418451 0.104210
vt 0.409056 0.125490
vt 0.419206 0.125239
vt 0.420210 0.107808
vt 0.422055 0.130154
vt 0.424178 0.130727
vt 0.427265 0.125746
vt 0.423157 0.140875
vt 0.460937 0.107672
vt 0.461179 0.107361
vt 0.422189 0.119554
vt 0.438907 0.099343
vt 0.436505 0.142026
vt 0.408484 0.100397
vt 0.449782 0.083429
vt 0.449784 0.082052
vt 0.425975 0.100115
vt 0.432090 0.102982
vt 0.391322 0.041798
vt 0.426986 0.120360
vt 0.432700 0.092393
vt 0.423686 0.112855
vt 0.426157 0.110071
vt 0.423865 0.108653
vt 0.422820 0.112019
vt 0.420644 0.113598
vt 0.420633 0.114941
vt 0.421248 0.117887
vt 0.449865 0.112265
vt 0.405192 0.116860
vt 0.421552 0.102593
vt 0.451297 0.129762
vt 0.454097 0.129241
vt 0.450671 0.131668
vt 0.409252 0.118342
vt 0.431840 0.108687
vt 0.432969 0.107652
vt 0.421818 0.110520
vt 0.436249 0.104338
vt 0.420332 0.106238
vt 0.427979 0.144302
vt 0.611001 0.357313
vt 0.585983 0.376304
vt 0.431003 0.106584
vt 0.437892 0.094351
vt 0.421367 0.100324
vt 0.435872 0.102860
vt 0.634257 0.280599
vt 0.636660 0.255773
vt 0.641658 0.243290
vt 0.465885 0.130127
vt 0.430827 0.119674
vt 0.427624 0.122767
vt 0.430257 0.116508
vt 0.429360 0.115924
vt 0.410794 0.113083
vt 0.437396 0.099811
vt 0.421242 0.138162
vt 0.421801 0.140456
vt 0.163510 0.298102
vt 0.220251 0.287941
vt 0.238798 0.303418
vt 0.212820 0.359949
vt 0.428570 0.111922
vt 0.426936 0.108526
vt 0.428953 0.119111
vt 0.974660 0.315683
vt 0.984008 0.311892
vt 0.375883 0.036590
vt 0.870495 0.384597
vt 0.444427 0.094790
vt 0.441613 0.096023
vt 0.420186 0.101810
vt 0.423059 0.096291
vt 0.431063 0.113939
vt 0.426108 0.097935
vt 0.443411 0.077980
vt 0.440752 0.079817
vt 0.443506 0.075070
vt 0.446000 0.075219
vt 0.437228 0.104646
vt 0.446654 0.026320
vt 0.451508 0.031238
vt 0.445452 0.029965
vt 0.440054 0.025853
vt 0.427655 0.100314
vt 0.200026 0.469813
vt 0.145050 0.515503
vt 0.064219 0.446173
vt 0.131028 0.424398
vt 0.972905 0.166058
vt 0.970143 0.173143
vt 0.967453 0.155576
vt 0.976265 0.171067
vt 0.978322 0.161470
vt 0.475797 0.056691
vt 0.436510 0.075360
vt 0.429538 0.074986
vt 0.427011 0.072374
vt 0.438393 0.118524
vt 0.438971 0.117522
vt 0.440893 0.118810
vt 0.440312 0.120635
vt 0.965406 0.268490
vt 0.473849 0.126419
vt 0.472802 0.126281
vt 0.976053 0.244406
vt 0.978264 0.263710
vt 0.973505 0.263483
vt 0.753608 0.462469
vt 0.746237 0.449847
vt 0.761760 0.455606
vt 0.466595 0.043296
vt 0.459803 0.040222
vt 0.989434 0.265571
vt 0.994639 0.282488
vt 0.461943 0.110052
vt 0.461883 0.110153
vt 0.461859 0.109995
vt 0.437436 0.023955
vt 0.970556 0.255840
vt 0.952516 0.271221
vt 0.441474 0.039966
vt 0.994110 0.291531
vt 0.982932 0.295938
vt 0.966560 0.261394
vt 0.979249 0.249753
vt 0.981513 0.242790
vt 0.437978 0.116415
vt 0.437807 0.115302
vt 0.451931 0.034429
vt 0.949448 0.289401
vt 0.434111 0.035475
vt 0.429432 0.023544
vt 0.961487 0.261818
vt 0.437110 0.127330
vt 0.435794 0.123024
vt 0.438937 0.126706
vt 0.439378 0.129712
vt 0.430697 0.026445
vt 0.446209 0.078665
vt 0.447217 0.080277
vt 0.447034 0.082599
vt 0.443712 0.083590
vt 0.445219 0.079955
vt 0.947727 0.280146
vt 0.451980 0.028397
vt 0.582405 0.518524
vt 0.549923 0.533033
vt 0.621539 0.524241
vt 0.454869 0.032061
vt 1.000000 0.311644
vt 0.987397 0.301602
vt 0.460096 0.034258
vt 0.925036 0.338853
vt 0.423672 0.020010
vt 0.970010 0.334033
vt 0.958781 0.298790
vt 0.961527 0.304993
vt 0.957979 0.302671
vt 0.951260 0.322715
vt 0.956537 0.321244
vt 0.952803 0.323854
vt 0.966585 0.310694
vt 0.939611 0.337832
vt 0.939950 0.342590
vt 0.948935 0.317167
vt 0.944878 0.319676
vt 0.943150 0.313340
vt 0.957785 0.310412
vt 0.962221 0.308076
vt 0.962461 0.313224
vt 0.954732 0.317780
vt 0.949366 0.313680
vt 0.953658 0.309677
vt 0.991394 0.313209
vt 0.962456 0.339339
vt 0.962435 0.329669
vt 0.944607 0.333494
vt 0.944516 0.345959
vt 0.948138 0.328460
vt 0.952031 0.333650
vt 0.957381 0.315080
vt 0.961232 0.318443
vt 0.950513 0.338667
vt 0.959172 0.335926
vt 0.939606 0.310566
vt 0.937636 0.317448
vt 0.996446 0.324104
vt 0.964164 0.299480
vt 0.965213 0.316760
vt 0.967557 0.319699
vt 0.956428 0.344520
vt 0.967030 0.342773
vt 0.959031 0.326772
vt 0.964081 0.325980
vt 0.443007 0.115480
vt 0.443119 0.116846
vt 0.441298 0.116801
vt 0.441154 0.115045
vt 0.994953 0.334748
vt 0.462926 0.105979
vt 0.462256 0.106212
vt 0.941591 0.288826
vt 0.931673 0.324312
vt 0.955323 0.302480
vt 0.956926 0.305778
vt 0.974170 0.227689
vt 0.981670 0.340916
vt 0.455941 0.041979
vt 0.976216 0.211950
vt 0.460304 0.105696
vt 0.460096 0.105411
vt 0.460392 0.105723
vt 0.460485 0.105940
vt 0.448935 0.045608
vt 0.455667 0.044792
vt 0.453845 0.047173
vt 0.460714 0.106395
vt 0.460765 0.106425
vt 0.460772 0.106683
vt 0.460859 0.107163
vt 0.979034 0.225793
vt 0.980706 0.205207
vt 0.429311 0.047129
vt 0.426280 0.053171
vt 0.156172 0.408617
vt 0.181740 0.434501
vt 0.456799 0.036125
vt 0.465669 0.040084
vt 0.934518 0.305781
vt 0.462395 0.109986
vt 0.462608 0.109841
vt 0.462915 0.109841
vt 0.461774 0.109787
vt 0.461882 0.109761
vt 0.934471 0.313818
vt 0.931492 0.304205
vt 0.471416 0.101436
vt 0.445690 0.113443
vt 0.450340 0.113058
vt 0.461112 0.106164
vt 0.461362 0.105692
vt 0.461972 0.105465
vt 0.461671 0.105903
vt 0.448867 0.129441
vt 0.451859 0.115131
vt 0.451225 0.114776
vt 0.450708 0.114324
vt 0.454135 0.111071
vt 0.450733 0.113115
vt 0.453348 0.119685
vt 0.450887 0.118894
vt 0.447902 0.119164
vt 0.449742 0.112823
vt 0.449151 0.112952
vt 0.443570 0.114251
vt 0.444782 0.112635
vt 0.466672 0.212584
vt 0.476226 0.208619
vt 0.465057 0.217103
vt 0.448323 0.217599
vt 0.442921 0.209781
vt 0.448128 0.112933
vt 0.374925 0.321521
vt 0.351200 0.349452
vt 0.453182 0.111995
vt 0.445917 0.122283
vt 0.436210 0.120510
vt 0.446243 0.121739
vt 0.446805 0.120543
vt 0.441682 0.121503
vt 0.439914 0.122541
vt 0.438647 0.119679
vt 0.437285 0.119038
vt 0.434800 0.125771
vt 0.434907 0.121042
vt 0.446383 0.119315
vt 0.442272 0.124283
vt 0.475457 0.127273
vt 0.477667 0.127778
vt 0.322367 0.641340
vt 0.393518 0.631432
vt 0.413622 0.661180
vt 0.339702 0.667935
vt 0.440545 0.127378
vt 0.440941 0.125647
vt 0.440869 0.083295
vt 0.440672 0.082222
vt 0.441902 0.081857
vt 0.441842 0.084528
vt 0.425008 0.078823
vt 0.423363 0.079071
vt 0.419757 0.078498
vt 0.421309 0.076249
vt 0.244949 0.157412
vt 0.256037 0.155267
vt 0.263736 0.163816
vt 0.248243 0.162281
vt 0.442537 0.119465
vt 0.447647 0.120372
vt 0.437482 0.116846
vt 0.437384 0.117914
vt 0.436897 0.117585
vt 0.437382 0.113683
vt 0.431494 0.115743
vt 0.438035 0.117570
vt 0.432804 0.113137
vt 0.095638 0.363977
vt 0.135347 0.385358
vt 0.436320 0.119189
vt 0.435250 0.114345
vt 0.524018 0.394176
vt 0.437390 0.116140
vt 0.461978 0.102379
vt 0.436378 0.117630
vt 0.436905 0.116643
vt 0.438907 0.110233
vt 0.436805 0.115636
vt 0.435913 0.116369
vt 0.456439 0.086632
vt 0.454954 0.086165
vt 0.458590 0.088705
vt 0.457370 0.087710
vt 0.459220 0.088086
vt 0.458482 0.087142
vt 0.453846 0.082946
vt 0.458955 0.090032
vt 0.451548 0.084987
vt 0.452718 0.085824
vt 0.460635 0.105098
vt 0.460831 0.105031
vt 0.450498 0.094663
vt 0.452254 0.088867
vt 0.452787 0.091464
vt 0.456995 0.088326
vt 0.525610 0.551306
vt 0.497624 0.558820
vt 0.450325 0.096368
vt 0.448830 0.094728
vt 0.453575 0.088029
vt 0.453647 0.089623
vt 0.456630 0.089030
vt 0.457073 0.087158
vt 0.455534 0.087075
vt 0.455218 0.088772
vt 0.454422 0.087188
vt 0.461012 0.105018
vt 0.454180 0.091307
vt 0.454942 0.092996
vt 0.452549 0.094549
vt 0.458472 0.086655
vt 0.457559 0.086229
vt 0.475515 0.124262
vt 0.474855 0.123631
vt 0.452791 0.096882
vt 0.453939 0.086382
vt 0.453977 0.121366
vt 0.456292 0.120938
vt 0.456290 0.124691
vt 0.455728 0.122804
vt 0.454778 0.124917
vt 0.455493 0.126843
vt 0.454157 0.127843
vt 0.455941 0.127849
vt 0.453345 0.126125
vt 0.452096 0.125127
vt 0.453758 0.123415
vt 0.442339 0.105139
vt 0.443477 0.104612
vt 0.444506 0.127882
vt 0.448271 0.124393
vt 0.455064 0.130262
vt 0.456860 0.118921
vt 0.134495 0.149288
vt 0.122882 0.163634
vt 0.117746 0.138978
vt 0.135622 0.133009
vt 0.445028 0.111579
vt 0.444977 0.110519
vt 0.443814 0.109561
vt 0.437999 0.130044
vt 0.436552 0.132103
vt 0.460581 0.106048
vt 0.460584 0.105653
vt 0.460425 0.105758
vt 0.466959 0.142968
vt 0.436949 0.134771
vt 0.436689 0.133416
vt 0.410558 0.079092
vt 0.459701 0.105244
vt 0.460118 0.105313
vt 0.460102 0.105337
vt 0.409429 0.075915
vt 0.417791 0.079467
vt 0.415127 0.080250
vt 0.414452 0.076946
vt 0.416688 0.076409
vt 0.452211 0.068968
vt 0.452624 0.069690
vt 0.452087 0.070638
vt 0.451511 0.069427
vt 0.419881 0.075956
vt 0.420560 0.075278
vt 0.417677 0.081776
vt 0.418106 0.076929
vt 0.461363 0.107179
vt 0.461401 0.106879
vt 0.461562 0.106677
vt 0.419551 0.080579
vt 0.415155 0.046614
vt 0.416618 0.048511
vt 0.397488 0.077947
vt 0.401201 0.075922
vt 0.407713 0.076503
vt 0.407900 0.078195
vt 0.410126 0.080408
vt 0.425068 0.071308
vt 0.426896 0.078922
vt 0.427168 0.073883
vt 0.419308 0.062701
vt 0.410388 0.070138
vt 0.434763 0.086715
vt 0.411725 0.067522
vt 0.395321 0.063954
vt 0.398163 0.064593
vt 0.397330 0.066985
vt 0.430259 0.082617
vt 0.433594 0.084663
vt 0.393834 0.060810
vt 0.399216 0.061658
vt 0.415863 0.080968
vt 0.434358 0.084124
vt 0.416194 0.082110
vt 0.383582 0.080498
vt 0.390259 0.076158
vt 0.386851 0.072541
vt 0.393176 0.066025
vt 0.392090 0.070018
vt 0.394800 0.077218
vt 0.389249 0.064765
vt 0.413085 0.079890
vt 0.874907 0.407814
vt 0.408304 0.071627
vt 0.395924 0.071146
vt 0.744857 0.414693
vt 0.777862 0.407221
vt 0.424498 0.065446
vt 0.470260 0.116342
vt 0.469207 0.115312
vt 0.470055 0.114356
vt 0.269200 0.636196
vt 0.243147 0.599040
vt 0.288625 0.618291
vt 0.434216 0.132969
vt 0.435558 0.133030
vt 0.434676 0.135351
vt 0.434296 0.131573
vt 0.434199 0.131203
vt 0.434470 0.131367
vt 0.433942 0.131595
vt 0.433144 0.132317
vt 0.433056 0.130840
vt 0.434233 0.130272
vt 0.434626 0.131809
vt 0.434146 0.131920
vt 0.435955 0.133882
vt 0.854713 0.084163
vt 0.832012 0.071624
vt 0.434807 0.130977
vt 0.449397 0.104611
vt 0.449996 0.103752
vt 0.444146 0.107515
vt 0.448863 0.101102
vt 0.449259 0.101978
vt 0.447707 0.102646
vt 0.453188 0.101820
vt 0.452504 0.102613
vt 0.451471 0.102312
vt 0.462283 0.109843
vt 0.462141 0.109818
vt 0.461970 0.109549
vt 0.462135 0.109577
vt 0.462285 0.109693
vt 0.447701 0.097703
vt 0.445029 0.099399
vt 0.444967 0.096959
vt 0.449052 0.099015
vt 0.865694 0.379751
vt 0.453814 0.102687
vt 0.447308 0.101631
vt 0.447698 0.099931
vt 0.444666 0.100417
vt 0.446413 0.101508
vt 0.441972 0.108798
vt 0.443841 0.102036
vt 0.443491 0.099376
vt 0.453123 0.105655
vt 0.447115 0.099408
vt 0.451272 0.099603
vt 0.443468 0.111456
vt 0.443425 0.110775
vt 0.443348 0.112948
vt 0.443420 0.111986
vt 0.443130 0.111764
vt 0.444406 0.103502
vt 0.460574 0.103035
vt 0.449761 0.110060
vt 0.451574 0.104658
vt 0.449739 0.106180
vt 0.453237 0.105850
vt 0.443073 0.111322
vt 0.442599 0.110860
vt 0.442786 0.110425
vt 0.441950 0.109802
vt 0.737602 0.430872
vt 0.731219 0.441325
vt 0.724943 0.429588
vt 0.441860 0.107066
vt 0.258137 0.195761
vt 0.245412 0.193395
vt 0.255477 0.185347
vt 0.277447 0.190972
vt 0.449201 0.125520
vt 0.449631 0.125524
vt 0.225337 0.161582
vt 0.225217 0.150585
vt 0.442450 0.111342
vt 0.449072 0.088301
vt 0.442682 0.111244
vt 0.442813 0.111375
vt 0.435905 0.076729
vt 0.462396 0.129104
vt 0.460869 0.128822
vt 0.462092 0.128466
vt 0.462840 0.128356
vt 0.444333 0.087409
vt 0.443320 0.088243
vt 0.310172 0.198287
vt 0.314803 0.206136
vt 0.281767 0.201004
vt 0.444908 0.086144
vt 0.445675 0.084693
vt 0.682390 0.248601
vt 0.677790 0.220379
vt 0.673758 0.187333
vt 0.692951 0.234497
vt 0.687971 0.282099
vt 0.452319 0.048768
vt 0.450088 0.084575
vt 0.447156 0.074770
vt 0.448042 0.076707
vt 0.446012 0.077149
vt 0.438841 0.079995
vt 0.436609 0.079411
vt 0.440753 0.074824
vt 0.444022 0.084790
vt 0.441176 0.085373
vt 0.446209 0.093315
vt 0.441722 0.080250
vt 0.447937 0.083035
vt 0.536699 0.400113
vt 0.556356 0.388227
vt 0.554903 0.414239
vt 0.441509 0.090178
vt 0.437638 0.071277
vt 0.442571 0.092457
vt 0.438069 0.087839
vt 0.435924 0.084018
vt 0.447795 0.078087
vt 0.450578 0.076440
vt 0.450607 0.080974
vt 0.435665 0.080740
vt 0.436319 0.082906
vt 0.437527 0.086841
vt 0.436498 0.085880
vt 0.461277 0.108018
vt 0.444117 0.090484
vt 0.443807 0.093418
vt 0.448507 0.081111
vt 0.447815 0.080036
vt 0.445174 0.088565
vt 0.447548 0.081897
vt 0.443552 0.079458
vt 0.444631 0.078349
vt 0.445766 0.071251
vt 0.242501 0.112527
vt 0.256516 0.124009
vt 0.694866 0.384629
vt 0.686507 0.376181
vt 0.685456 0.351065
vt 0.759359 0.101709
vt 0.779306 0.077870
vt 0.870912 0.093941
vt 0.893193 0.113873
vt 0.934014 0.190999
vt 0.938536 0.216934
vt 0.940056 0.224232
vt 0.939685 0.239279
vt 0.937935 0.260386
vt 0.934217 0.291813
vt 0.921800 0.317391
vt 0.875404 0.371141
vt 0.868609 0.374744
vt 0.799936 0.403935
vt 0.706051 0.388245
vt 0.464524 0.110393
vt 0.464359 0.111148
vt 0.463724 0.110812
vt 0.466084 0.110773
vt 0.464806 0.111787
vt 0.467244 0.111241
vt 0.466855 0.109269
vt 0.463620 0.109996
vt 0.462151 0.109505
vt 0.465157 0.108740
vt 0.960463 0.146746
vt 0.553926 0.440017
vt 0.535240 0.418169
vt 0.721434 0.424815
vt 0.745865 0.429841
vt 0.788142 0.066254
vt 0.440151 0.062138
vt 0.443122 0.064718
vt 0.437547 0.053919
vt 0.434250 0.046089
vt 0.430984 0.051045
vt 0.443341 0.046658
vt 0.437718 0.045679
vt 0.433792 0.042150
vt 0.433232 0.040371
vt 0.429557 0.054286
vt 0.416728 0.062215
vt 0.418422 0.058772
vt 0.433387 0.051450
vt 0.398073 0.047092
vt 0.404278 0.044782
vt 0.423407 0.043862
vt 0.425140 0.045843
vt 0.448745 0.048810
vt 0.443509 0.048533
vt 0.450479 0.052696
vt 0.427631 0.058549
vt 0.426325 0.057292
vt 0.418145 0.050176
vt 0.446253 0.068596
vt 0.888179 0.417210
vt 0.437311 0.048699
vt 0.435543 0.043112
vt 0.451045 0.057658
vt 0.439090 0.051125
vt 0.239307 0.054274
vt 0.449233 0.056511
vt 0.449570 0.058783
vt 0.452783 0.068426
vt 0.452555 0.067173
vt 0.446763 0.054332
vt 0.446903 0.056873
vt 0.445054 0.056988
vt 0.437737 0.067758
vt 0.427956 0.039562
vt 0.461935 0.109660
vt 0.461666 0.108782
vt 0.462847 0.109137
vt 0.462845 0.110234
vt 0.460741 0.106624
vt 0.460745 0.106279
vt 0.460705 0.106220
vt 0.460912 0.106657
vt 0.168142 0.139448
vt 0.180047 0.122892
vt 0.195931 0.126283
vt 0.190706 0.137485
vt 0.448891 0.069793
vt 0.448922 0.069423
vt 0.449249 0.069521
vt 0.414736 0.062250
vt 0.428335 0.044450
vt 0.450090 0.069684
vt 0.435822 0.063557
vt 0.426097 0.067301
vt 0.382041 0.049956
vt 0.381659 0.046445
vt 0.447107 0.070499
vt 0.449426 0.074578
vt 0.447973 0.068981
vt 0.443558 0.042345
vt 0.460683 0.106024
vt 0.460816 0.106800
vt 0.460595 0.106117
vt 0.410725 0.022745
vt 0.449474 0.069593
vt 0.470921 0.122615
vt 0.471047 0.121877
vt 0.461523 0.109057
vt 0.461241 0.108077
vt 0.461350 0.108866
vt 0.461072 0.112120
vt 0.469032 0.114286
vt 0.466913 0.114487
vt 0.462069 0.115651
vt 0.463547 0.115967
vt 0.464663 0.113350
vt 0.462907 0.111677
vt 0.463368 0.111596
vt 0.460065 0.115881
vt 0.466517 0.113143
vt 0.468030 0.113216
vt 0.461161 0.114444
vt 0.460759 0.114992
vt 0.463846 0.113627
vt 0.460876 0.113673
vt 0.461048 0.113304
vt 0.463116 0.114333
vt 0.462865 0.113530
vt 0.461997 0.111843
vt 0.461726 0.111744
vt 0.461718 0.111339
vt 0.458688 0.120341
vt 0.457578 0.120399
vt 0.458149 0.118825
vt 0.462080 0.111250
vt 0.400423 0.250469
vt 0.380678 0.251176
vt 0.406495 0.239923
vt 0.462217 0.113533
vt 0.461602 0.112922
vt 0.462220 0.112644
vt 0.462223 0.114041
vt 0.461714 0.112245
vt 0.461751 0.114665
vt 0.462934 0.115467
vt 0.449050 0.221530
vt 0.436949 0.213159
vt 0.457193 0.223303
vt 0.461549 0.113527
vt 0.461208 0.113981
vt 0.461048 0.112899
vt 0.460838 0.112636
vt 0.461408 0.112402
vt 0.461200 0.109696
vt 0.461129 0.110206
vt 0.462715 0.112396
vt 0.688048 0.381864
vt 0.684456 0.384418
vt 0.686351 0.379244
vt 0.459482 0.107147
vt 0.457026 0.109776
vt 0.457771 0.108370
vt 0.456645 0.109131
vt 0.460177 0.110518
vt 0.458604 0.110662
vt 0.461398 0.109453
vt 0.458052 0.110167
vt 0.461443 0.109486
vt 0.459584 0.110773
vt 0.461113 0.108003
vt 0.461468 0.109020
vt 0.456344 0.117666
vt 0.461514 0.111538
vt 0.461430 0.110270
vt 0.461423 0.109827
vt 0.461329 0.110222
vt 0.461393 0.109900
vt 0.456105 0.112855
vt 0.461387 0.110439
vt 0.457794 0.112167
vt 0.461202 0.110571
vt 0.938255 0.278587
vt 0.457957 0.121350
vt 0.460832 0.105183
vt 0.461360 0.111153
vt 0.457378 0.100982
vt 0.457407 0.100383
vt 0.458364 0.101121
vt 0.460744 0.110737
vt 0.261397 0.016718
vt 0.247834 0.032720
vt 0.462047 0.110993
vt 0.458297 0.113287
vt 0.458278 0.111420
vt 0.458364 0.121780
vt 0.214342 0.218381
vt 0.232835 0.194750
vt 0.232272 0.220376
vt 0.426496 0.025758
vt 0.424256 0.028016
vt 0.408538 0.057128
vt 0.401216 0.058626
vt 0.403155 0.057296
vt 0.406228 0.057088
vt 0.406371 0.060868
vt 0.391750 0.057580
vt 0.381740 0.042464
vt 0.374787 0.052279
vt 0.413670 0.040034
vt 0.412752 0.037089
vt 0.415673 0.036010
vt 0.385378 0.054942
vt 0.399922 0.023506
vt 0.418072 0.030125
vt 0.393510 0.058164
vt 0.367833 0.036226
vt 0.366205 0.039346
vt 0.379023 0.058043
vt 0.395335 0.026814
vt 0.397276 0.031253
vt 0.401719 0.032650
vt 0.402624 0.051907
vt 0.461497 0.108513
vt 0.461459 0.108579
vt 0.461310 0.108209
vt 0.461373 0.108242
vt 0.396187 0.057327
vt 0.406389 0.044332
vt 0.411888 0.041936
vt 0.380461 0.038583
vt 0.416614 0.039493
vt 0.430649 0.035987
vt 0.415745 0.032571
vt 0.400928 0.029810
vt 0.428848 0.034189
vt 0.418953 0.020453
vt 0.398845 0.051987
vt 0.396657 0.053424
vt 0.394518 0.047732
vt 0.403221 0.026718
vt 0.432344 0.038178
vt 0.422494 0.029338
vt 0.392208 0.049322
vt 0.377601 0.060481
vt 0.386675 0.038853
vt 0.408878 0.027886
vt 0.410076 0.024587
vt 0.412320 0.024704
vt 0.415193 0.026693
vt 0.240144 0.265602
vt 0.200736 0.276381
vt 0.386845 0.043158
vt 0.390432 0.045527
vt 0.399023 0.027446
vt 0.462207 0.109923
vt 0.462247 0.110391
vt 0.462267 0.110428
vt 0.462225 0.110333
vt 0.462320 0.110533
vt 0.462090 0.110263
vt 0.461997 0.110153
vt 0.462180 0.110335
vt 0.462091 0.110325
vt 0.462138 0.110343
vt 0.462215 0.110170
vt 0.462189 0.110151
vt 0.483029 0.103124
vt 0.462107 0.110257
vt 0.462138 0.110227
vt 0.462130 0.110128
vt 0.462075 0.110041
vt 0.462188 0.110239
vt 0.462009 0.110758
vt 0.462062 0.110285
vt 0.461988 0.110344
vt 0.462100 0.110457
vt 0.461843 0.110427
vt 0.461960 0.109885
vt 0.462000 0.109755
vt 0.461959 0.109976
vt 0.470452 0.121197
vt 0.469836 0.122288
vt 0.469591 0.121337
vt 0.467993 0.120521
vt 0.462209 0.110298
vt 0.462271 0.110326
vt 0.462361 0.110273
vt 0.462279 0.110167
vt 0.462288 0.110157
vt 0.462267 0.110057
vt 0.462239 0.110154
vt 0.462092 0.109802
vt 0.462028 0.109685
vt 0.462286 0.110195
vt 0.462217 0.110046
vt 0.462318 0.110232
vt 0.462318 0.110176
vt 0.460554 0.105138
vt 0.461517 0.109412
vt 0.461474 0.109190
vt 0.461515 0.109416
vt 0.461500 0.108994
vt 0.462520 0.110965
vt 0.462350 0.110536
vt 0.462481 0.110696
vt 0.462331 0.110329
vt 0.462335 0.110289
vt 0.462309 0.110333
vt 0.462315 0.110309
vt 0.462308 0.110265
vt 0.462285 0.110240
vt 0.462296 0.110237
vt 0.462276 0.110201
vt 0.462288 0.110227
vt 0.462271 0.110240
vt 0.462282 0.110211
vt 0.462299 0.110226
vt 0.473167 0.126819
vt 0.474069 0.126855
vt 0.472383 0.127098
vt 0.461717 0.110280
vt 0.461789 0.110408
vt 0.461912 0.110312
vt 0.468278 0.125317
vt 0.468261 0.124588
vt 0.468975 0.124845
vt 0.471702 0.125702
vt 0.472028 0.126144
vt 0.461523 0.121873
vt 0.462365 0.121578
vt 0.462682 0.122117
vt 0.466929 0.126472
vt 0.473296 0.122999
vt 0.464439 0.124433
vt 0.457772 0.126923
vt 0.456765 0.129441
vt 0.465749 0.123051
vt 0.460529 0.129566
vt 0.475425 0.122728
vt 0.466611 0.127024
vt 0.467279 0.127991
vt 0.468209 0.119645
vt 0.466366 0.128098
vt 0.466800 0.128313
vt 0.467659 0.121786
vt 0.459448 0.123320
vt 0.458471 0.125237
vt 0.459936 0.127317
vt 0.460180 0.126535
vt 0.459183 0.125076
vt 0.458288 0.127140
vt 0.459574 0.130354
vt 0.472822 0.124647
vt 0.476419 0.124768
vt 0.473593 0.124920
vt 0.475501 0.126915
vt 0.475000 0.126644
vt 0.476485 0.126674
vt 0.460466 0.122425
vt 0.476307 0.127367
vt 0.475953 0.127453
vt 0.477194 0.127054
vt 0.468850 0.122329
vt 0.474596 0.127025
vt 0.474941 0.127065
vt 0.475503 0.127276
vt 0.474236 0.127120
vt 0.472354 0.126830
vt 0.470964 0.120612
vt 0.462226 0.121101
vt 0.477040 0.126114
vt 0.477623 0.126886
vt 0.469377 0.124044
vt 0.469629 0.124750
vt 0.460159 0.130492
vt 0.475866 0.125121
vt 0.477779 0.126590
vt 0.226865 0.050102
vt 0.485506 0.286988
vt 0.503989 0.282318
vt 0.461370 0.130543
vt 0.463575 0.120824
vt 0.465131 0.122450
vt 0.463626 0.122674
vt 0.465056 0.122905
vt 0.458132 0.128603
vt 0.462208 0.123376
vt 0.465280 0.120987
vt 0.464482 0.120051
vt 0.463393 0.125442
vt 0.462477 0.125153
vt 0.471338 0.120287
vt 0.473778 0.126597
vt 0.468387 0.125740
vt 0.469817 0.125341
vt 0.462752 0.123889
vt 0.461070 0.107417
vt 0.462176 0.124555
vt 0.462405 0.102528
vt 0.462851 0.101208
vt 0.462419 0.126079
vt 0.461832 0.126888
vt 0.460449 0.105587
vt 0.460580 0.105737
vt 0.461373 0.123722
vt 0.464096 0.123873
vt 0.410920 0.176666
vt 0.461396 0.124259
vt 0.460593 0.124701
vt 0.461531 0.125138
vt 0.461266 0.126303
vt 0.464169 0.127455
vt 0.463692 0.128279
vt 0.467763 0.122899
vt 0.459810 0.125290
vt 0.459524 0.126690
vt 0.777213 0.474190
vt 0.750407 0.468558
vt 0.460777 0.125545
vt 0.470937 0.119740
vt 0.496932 0.179939
vt 0.488749 0.183073
vt 0.484164 0.180434
vt 0.479921 0.161440
vt 0.212053 0.182140
vt 0.213114 0.195883
vt 0.185086 0.102960
vt 0.168043 0.116742
vt 0.462279 0.103264
vt 0.460945 0.105071
vt 0.712392 0.419764
vt 0.411801 0.264202
vt 0.424532 0.249285
vt 0.460408 0.105537
vt 0.460232 0.105111
vt 0.460419 0.105460
vt 0.463778 0.108963
vt 0.463226 0.108438
vt 0.462925 0.106479
vt 0.462358 0.106572
vt 0.457642 0.103658
vt 0.457288 0.103326
vt 0.456866 0.102746
vt 0.462041 0.105702
vt 0.463524 0.106364
vt 0.462264 0.103690
vt 0.462477 0.102929
vt 0.462986 0.103269
vt 0.462279 0.101840
vt 0.460462 0.105238
vt 0.460149 0.105276
vt 0.461014 0.105618
vt 0.463275 0.106336
vt 0.460328 0.105210
vt 0.460746 0.104694
vt 0.460594 0.105083
vt 0.462133 0.104081
vt 0.359769 0.271407
vt 0.375886 0.290751
vt 0.458830 0.104857
vt 0.462213 0.104270
vt 0.461731 0.104019
vt 0.460154 0.103669
vt 0.462214 0.104831
vt 0.443082 0.136755
vt 0.442904 0.136837
vt 0.460446 0.105416
vt 0.461181 0.104900
vt 0.464697 0.109046
vt 0.461019 0.105319
vt 0.460799 0.105686
vt 0.460270 0.104632
vt 0.460843 0.104766
vt 0.416335 0.237597
vt 0.459487 0.103665
vt 0.461357 0.106498
vt 0.443689 0.397956
vt 0.433444 0.380989
vt 0.245406 0.426174
vt 0.210926 0.399669
vt 0.520990 0.238896
vt 0.311590 0.214059
vt 0.456301 0.107868
vt 0.433954 0.368753
vt 0.447662 0.372074
vt 0.463714 0.110348
vt 0.463220 0.111164
vt 0.679312 0.401498
vt 0.461171 0.107777
vt 0.461192 0.107823
vt 0.461220 0.107885
vt 0.460895 0.107082
vt 0.460896 0.107033
vt 0.460921 0.107153
vt 0.460850 0.106873
vt 0.460985 0.107626
vt 0.460885 0.107298
vt 0.461534 0.108679
vt 0.461215 0.108034
vt 0.461254 0.107951
vt 0.461220 0.107890
vt 0.461270 0.108090
vt 0.461134 0.107946
vt 0.461288 0.108154
vt 0.461150 0.108058
vt 0.461207 0.108012
vt 0.461149 0.107774
vt 0.460982 0.107439
vt 0.461316 0.108474
vt 0.461343 0.108544
vt 0.461265 0.108270
vt 0.461534 0.108571
vt 0.461238 0.108210
vt 0.461427 0.108775
vt 0.461163 0.107689
vt 0.461282 0.108170
vt 0.461278 0.108413
vt 0.460922 0.107153
vt 0.460418 0.105446
vt 0.460331 0.105056
vt 0.460050 0.104361
vt 0.460676 0.105404
vt 0.460473 0.105847
vt 0.458939 0.102961
vt 0.459732 0.102365
vt 0.460719 0.105086
vt 0.292303 0.160681
vt 0.307720 0.161775
vt 0.363003 0.397820
vt 0.383723 0.377816
vt 0.460522 0.105642
vt 0.460763 0.106064
vt 0.460311 0.105629
vt 0.460411 0.105837
vt 0.460524 0.105864
vt 0.460459 0.105974
vt 0.460424 0.105695
vt 0.460259 0.105413
vt 0.461496 0.103803
vt 0.459101 0.101572
vt 0.456319 0.099717
vt 0.459114 0.100632
vt 0.459887 0.101155
vt 0.460486 0.101572
vt 0.461570 0.100269
vt 0.460797 0.106711
vt 0.460627 0.106361
vt 0.460537 0.106110
vt 0.460692 0.106318
vt 0.460929 0.107137
vt 0.461012 0.107237
vt 0.460615 0.106191
vt 0.460927 0.107037
vt 0.460906 0.107039
vt 0.460979 0.107159
vt 0.461005 0.107257
vt 0.460965 0.107186
vt 0.460989 0.107160
vt 0.461032 0.107329
vt 0.460829 0.106638
vt 0.460745 0.106563
vt 0.460822 0.106762
vt 0.460851 0.106738
vt 0.460706 0.106275
vt 0.460898 0.106755
vt 0.461031 0.107345
vt 0.460622 0.106029
vt 0.460719 0.106291
vt 0.461063 0.107328
vt 0.460977 0.107092
vt 0.460787 0.106243
vt 0.460900 0.106656
vt 0.460898 0.106875
vt 0.461128 0.107291
vt 0.199692 0.094375
vt 0.205646 0.255462
vt 0.110001 0.266452
vt 0.157233 0.341248
vt 0.293662 0.185833
vt 0.317208 0.180833
vt 0.310203 0.186292
vt 0.317041 0.249060
vt 0.109957 0.320041
vt 0.489420 0.204356
vt 0.478527 0.220365
vt 0.258203 0.216911
vt 0.663682 0.391357
vt 0.326746 0.171972
vt 0.155763 0.136229
vt 0.651335 0.378141
vt 0.632629 0.543412
vt -0.000000 0.475575
vt 0.034387 0.426143
vt 0.078550 0.424762
vt 0.058339 0.322975
vt 0.656001 0.393943
vt 0.646055 0.396166
vt 0.003484 0.334484
vt 0.036095 0.386536
vt 0.002727 0.403785
vt 0.068956 0.381565
vt 0.090685 0.528847
vt 0.117295 0.582074
vt 0.009523 0.554178
vt 0.655937 0.186929
vt 0.662045 0.219134
vt 0.648672 0.224129
vt 0.650585 0.196367
vt 0.636565 0.382928
vt 0.129425 0.351845
vt 0.005547 0.302305
vt 0.003627 0.287078
vt 0.201315 0.638919
vt 0.739022 0.460685
vt 0.726323 0.458188
vt 0.710279 0.452011
vt 0.632629 0.364814
vt 0.611998 0.369796
vt 0.458824 0.359911
vt 0.446147 0.338759
vt 0.462355 0.108446
vt 0.580287 0.402491
vt 0.577856 0.305924
vt 0.522719 0.362678
vt 0.528705 0.370436
vt 0.369655 0.597333
vt 0.402973 0.593075
vt 0.460776 0.107259
vt 0.460307 0.106242
vt 0.606405 0.348155
vt 0.582141 0.349394
vt 0.600035 0.340008
vt 0.446296 0.353091
vt 0.582936 0.424988
vt 0.844611 0.462453
vt 0.835750 0.457960
vt 0.536738 0.380961
vt 0.485844 0.419343
vt 0.550870 0.466567
vt 0.464134 0.109442
vt 0.608321 0.416060
vt 0.505059 0.385728
vt 0.462585 0.498062
vt 0.713272 0.457786
vt 0.724776 0.463583
vt 0.616133 0.385269
vt 0.186350 0.199620
vt 0.161680 0.231418
vt 0.201935 0.180308
vt 0.464437 0.109829
vt 0.474116 0.403324
vt 0.442707 0.357588
vt 0.421466 0.344943
vt 0.421895 0.370265
vt 0.550839 0.558993
vt 0.427094 0.195463
vt 0.448883 0.205616
vt 0.444790 0.222879
vt 0.401200 0.338784
vt 0.379685 0.344429
vt 0.394113 0.331956
vt 0.498991 0.224868
vt 0.487555 0.221603
vt 0.428282 0.205557
vt 0.416946 0.213855
vt 0.424131 0.222101
vt 0.971695 0.139557
vt 0.414194 0.249871
vt 0.463661 0.100195
vt 0.464689 0.099396
vt 0.300245 0.301301
vt 0.308437 0.322585
vt 0.420715 0.226544
vt 0.477074 0.201157
vt 0.384233 0.271798
vt 0.411187 0.339158
vt 0.406528 0.327092
vt 0.416885 0.216793
vt 0.482629 0.201828
vt 0.423360 0.331639
vt 0.371486 0.450925
vt 0.387200 0.398785
vt 0.434530 0.569505
vt 0.326264 0.262085
vt 0.815691 0.415053
vt 0.818369 0.426840
vt 0.814317 0.421210
vt 0.810261 0.425916
vt 0.214044 0.444239
vt 0.332592 0.307924
vt 0.318148 0.325671
vt 0.322055 0.273352
vt 0.319221 0.289390
vt 0.431632 0.676938
vt 0.379320 0.682962
vt 0.168882 0.551748
vt 0.418066 0.640162
vt 0.394647 0.382717
vt 0.332952 0.281425
vt 0.403942 0.365398
vt 0.667546 0.233595
vt 0.262613 0.566832
vt 0.318862 0.489921
vt 0.375414 0.363464
vt 0.460874 0.662202
vt 0.434318 0.633232
vt 0.039544 0.252136
vt 0.081108 0.292633
vt 0.246770 0.525847
vt 0.244833 0.463679
vt 0.290568 0.478713
vt 0.232517 0.554470
vt 0.240093 0.120638
vt 0.241036 0.492157
vt 0.336625 0.296385
vt 0.487832 0.671990
vt 0.391716 0.360323
vt 0.638964 0.215285
vt 0.640638 0.226454
vt 0.249120 0.654138
vt 0.345688 0.434267
vt 0.632629 0.483630
vt 0.632629 0.474190
vt 0.635876 0.479876
vt 0.643776 0.205533
vt 0.314208 0.470492
vt 0.152729 0.116784
vt 0.802434 0.405722
vt 0.811771 0.403966
vt 0.104465 0.158607
vt 0.210985 0.045756
vt 0.770381 0.437964
vt 0.761140 0.438202
vt 0.110893 0.191659
vt 0.108400 0.206520
vt 0.214560 0.095083
vt 0.207674 0.105142
vt 0.225221 0.103573
vt 0.212641 0.110628
vt 0.270225 0.160158
vt 0.788684 0.447044
vt 0.781783 0.451945
vt 0.122212 0.189332
vt 0.812482 0.431387
vt 0.812218 0.440357
vt 0.800380 0.437165
vt 0.713948 0.426955
vt 0.687217 0.442336
vt 0.689360 0.448804
vt 0.754874 0.423334
vt 0.083774 0.247595
vt 0.266826 0.154588
vt 0.237642 0.183268
vt 0.197167 0.166574
vt 0.214881 0.168409
vt 0.819757 0.432630
vt 0.700516 0.388979
vt 0.695163 0.394338
vt 0.697497 0.387223
vt 0.252434 0.168688
vt 0.797049 0.406112
vt 0.683083 0.444157
vt 0.291431 0.045832
vt 0.300308 0.043488
vt 0.785061 0.407058
vt 0.706241 0.417496
vt 0.732667 0.411790
vt 0.721592 0.396336
vt 0.694245 0.416509
vt 0.664428 0.398199
vt 0.704830 0.434997
vt 0.305645 0.179387
vt 0.246829 0.209096
vt 0.777442 0.441532
vt 0.786556 0.439871
vt 0.698590 0.452761
vt 0.790706 0.406640
vt 0.833240 0.416477
vt 0.793368 0.435990
vt 0.229059 0.111456
vt 0.835696 0.413394
vt 0.257555 0.146751
vt 0.502567 0.122864
vt 0.127460 0.237173
vt 0.198407 0.117234
vt 0.659542 0.402666
vt 0.758564 0.433722
vt 0.751668 0.437099
vt 0.800401 0.442177
vt 0.271650 0.012300
vt 0.652973 0.412915
vt 0.690632 0.384181
vt 0.472350 0.107256
vt 0.267115 0.147980
vt 0.131111 0.113644
vt 0.222409 0.064575
vt 0.801968 0.447072
vt 0.070633 0.210865
vt 0.507451 0.116120
vt 0.272499 0.129731
vt 0.931345 0.178991
vt 0.691918 0.383615
vt 0.936947 0.206592
vt 0.815365 0.064915
vt 0.443314 0.134122
s 1
usemtl RocksCollection
f 2629/1/1 2634/2/1 2551/3/2 2632/4/2
f 744/5/3 711/6/3 714/7/4 874/8/4
f 1625/9/5 1/10/5 3/11/5
f 4766/12/6 17/13/6 4820/14/6
f 4/15/7 208/16/7 246/17/7
f 6/18/8 12/19/8 16/20/8
f 2985/21/9 2984/22/9 3034/23/10 3054/24/10
f 4791/25/11 15/26/11 20/27/11
f 2720/28/12 2688/29/13 2980/30/14 2708/31/15
f 3551/32/16 3539/33/17 3558/34/18 3542/35/19
f 15/26/20 18/36/20 8/37/20
f 12/19/21 11/38/21 16/20/21
f 4791/25/22 9/39/22 15/26/22
f 2753/40/23 2888/41/23 2757/42/24 2755/43/24
f 4797/44/25 10/45/25 9/39/25
f 9/39/26 10/45/26 15/26/26
f 4786/46/27 13/47/27 16/20/27
f 2830/48/28 2145/49/28 2184/50/29 2321/51/29
f 11/38/30 4786/46/30 16/20/30
f 4005/52/31 4136/53/32 4123/54/33 4000/55/33 3999/56/34
f 18/36/35 15/26/35 4/15/35
f 18/36/36 4/15/36 246/17/36
f 666/57/37 702/58/38 722/59/38 720/60/39
f 3183/61/40 3154/62/40 3206/63/40 3127/64/40
f 14/65/41 239/66/41 17/13/41
f 4793/67/42 5/68/42 14/65/42
f 4785/69/43 11/38/43 12/19/43
f 10/45/44 4785/69/44 12/19/44
f 15/26/45 10/45/45 12/19/45
f 4797/44/46 4785/69/46 10/45/46
f 13/47/47 7/70/47 16/20/47
f 7/70/48 6/18/48 16/20/48
f 8/37/49 18/36/49 246/17/49
f 4/15/50 19/71/50 208/16/50
f 15/26/51 8/37/51 20/27/51
f 217/72/52 248/73/52 20/27/52
f 2442/74/53 2524/75/54 2529/76/55 2527/77/55
f 38/78/56 21/79/56 34/80/56
f 22/81/57 30/82/57 126/83/57
f 1858/84/58 1717/85/59 1714/86/60 1718/87/61 1859/88/62
f 25/89/63 23/90/63 40/91/63
f 25/89/64 24/92/64 23/90/64
f 26/93/65 24/92/65 25/89/65
f 4061/94/66 4065/95/67 4067/96/68 4060/97/69
f 41/98/70 25/89/70 40/91/70
f 28/99/71 29/100/71 27/101/71
f 3027/102/72 3011/103/72 3008/104/73 3002/105/73
f 4376/106/74 4371/107/75 4357/108/76 4358/109/77 4378/110/78 4369/111/74
f 2355/112/79 2356/113/80 2318/114/80 2141/115/79
f 1939/116/81 1934/117/81 1923/118/82 1938/119/83
f 2895/120/84 2365/121/84 2173/122/85 2940/123/85
f 27/101/86 29/100/86 50/124/86
f 52/125/87 54/126/87 21/79/87
f 52/125/88 39/127/88 30/82/88
f 3939/128/89 2589/129/89 2917/130/90 3931/131/91
f 33/132/92 32/133/92 31/134/92
f 38/78/93 52/125/93 21/79/93
f 49/135/94 143/136/94 36/137/94
f 99/138/95 204/139/95 68/140/95
f 32/133/96 49/135/96 31/134/96
f 110/141/97 143/136/97 32/133/97
f 55/142/98 35/143/98 29/100/98
f 35/143/99 39/127/99 34/80/99
f 35/143/100 55/142/100 39/127/100
f 39/127/101 52/125/101 38/78/101
f 165/144/102 173/145/102 164/146/103 162/147/103
f 39/127/104 46/148/104 30/82/104
f 37/149/105 46/148/105 40/91/105
f 39/127/106 38/78/106 34/80/106
f 42/150/107 41/98/107 40/91/107
f 49/135/108 27/101/108 50/124/108
f 47/151/109 44/152/109 24/92/109
f 127/153/110 116/154/110 44/152/110
f 2079/155/111 1961/156/112 1927/157/113 2078/158/111
f 127/153/114 44/152/114 45/159/114
f 45/159/115 44/152/115 48/160/115
f 51/161/116 28/99/116 26/93/116
f 46/148/117 37/149/117 30/82/117
f 28/99/118 47/151/118 26/93/118
f 46/148/119 42/150/119 40/91/119
f 44/152/120 116/154/120 24/92/120
f 48/160/121 44/152/121 47/151/121
f 32/133/122 143/136/122 49/135/122
f 31/134/123 49/135/123 50/124/123
f 41/98/124 42/150/124 51/161/124
f 52/125/125 30/82/125 22/81/125
f 37/149/126 138/162/126 126/83/126
f 26/93/127 47/151/127 24/92/127
f 1327/163/128 1318/164/128 53/165/128
f 21/79/129 1327/163/129 53/165/129
f 808/166/130 781/167/131 765/168/131 800/169/130
f 30/82/132 37/149/132 126/83/132
f 42/150/133 55/142/133 51/161/133
f 83/170/134 56/171/134 82/172/134
f 94/173/135 184/174/135 56/171/135
f 80/175/136 57/176/136 87/177/136
f 710/178/137 873/179/138 645/180/139 750/181/140
f 184/174/141 183/182/141 56/171/141
f 1320/183/142 69/184/142 96/185/142
f 157/186/143 88/187/143 60/188/143
f 183/182/144 62/189/144 56/171/144
f 66/190/145 67/191/145 83/170/145
f 1886/192/146 61/193/146 64/194/146
f 59/195/147 1886/192/147 64/194/147
f 72/196/148 66/190/148 62/189/148
f 62/189/149 66/190/149 82/172/149
f 93/197/150 89/198/150 81/199/150
f 56/171/151 62/189/151 82/172/151
f 72/196/152 1881/200/152 1886/192/152
f 63/201/153 85/202/153 87/177/153
f 838/203/154 832/204/155 814/205/156 828/206/156
f 65/207/157 4294/208/158 93/197/158 64/194/159 61/193/160
f 67/191/161 66/190/161 59/195/161
f 1318/164/162 68/140/162 53/165/162
f 84/209/163 99/138/163 68/140/163
f 85/202/164 80/175/164 87/177/164
f 1318/164/165 84/209/165 68/140/165
f 69/184/166 76/210/166 96/185/166
f 73/211/167 70/212/167 93/197/167
f 1876/213/168 91/214/168 102/215/168
f 80/175/169 71/216/169 57/176/169
f 4297/217/170 73/211/170 93/197/170
f 1251/218/171 74/219/171 89/198/171
f 89/198/172 75/220/172 81/199/172
f 1725/221/173 1909/222/173 1612/223/174 1615/224/174
f 76/210/175 78/225/175 96/185/175
f 78/225/176 76/210/176 57/176/176
f 78/225/177 77/226/177 96/185/177
f 95/227/178 79/228/178 77/226/178
f 2215/229/179 2181/230/180 2303/231/180 2340/232/179
f 84/209/181 92/233/181 83/170/181
f 101/234/182 84/209/182 1318/164/182
f 66/190/183 83/170/183 82/172/183
f 93/197/184 70/212/184 89/198/184
f 98/235/185 84/209/185 83/170/185
f 63/201/186 76/210/186 85/202/186
f 4297/217/187 86/236/187 73/211/187
f 4755/237/188 4588/238/189 4497/239/190 4561/240/190 4619/241/188
f 4294/208/191 4297/217/191 93/197/191
f 71/216/192 88/187/192 57/176/192
f 77/226/193 79/228/193 96/185/193
f 3323/242/194 3325/243/194 3321/244/195 3275/245/196
f 3524/246/197 3517/247/198 3523/248/199 3488/249/200
f 57/176/201 63/201/201 87/177/202
f 71/216/203 157/186/203 60/188/203
f 88/187/204 71/216/204 60/188/204
f 74/219/205 207/250/205 89/198/205
f 76/210/206 63/201/206 57/176/206
f 70/212/207 1251/218/207 89/198/207
f 90/251/208 1251/218/208 70/212/208
f 73/211/209 90/251/209 70/212/209
f 88/187/210 78/225/210 57/176/210
f 1077/252/211 1146/253/212 1107/254/212 1145/255/211
f 81/199/213 75/220/213 99/138/213
f 92/233/214 95/227/214 83/170/214
f 95/227/215 92/233/215 79/228/215
f 4410/256/216 4435/257/216 4469/258/217 4416/259/217
f 95/227/218 94/173/218 56/171/218
f 83/170/219 95/227/219 56/171/219
f 97/260/220 76/210/220 69/184/220
f 92/233/221 101/234/221 79/228/221
f 95/227/222 77/226/222 94/173/222
f 79/228/223 1320/183/223 96/185/223
f 76/210/224 97/260/224 85/202/224
f 1579/261/225 1574/262/226 1830/263/227 1599/264/227
f 98/235/228 67/191/228 59/195/228
f 67/191/229 98/235/229 83/170/229
f 75/220/230 206/265/230 99/138/230
f 101/234/231 92/233/231 84/209/231
f 66/190/232 1886/192/232 59/195/232
f 72/196/233 1886/192/233 66/190/233
f 103/266/234 810/267/234 796/268/234
f 113/269/235 106/270/235 103/266/235
f 112/271/236 103/266/236 796/268/236
f 104/272/237 114/273/237 112/271/237
f 104/272/238 105/274/238 114/273/238
f 112/271/239 113/269/239 103/266/239
f 248/73/240 239/66/240 14/65/241 20/27/242
f 32/133/243 109/275/244 108/276/244 106/270/245 107/277/246 110/141/246
f 144/278/247 152/279/247 105/274/247
f 108/276/248 205/280/248 202/281/248
f 3303/282/249 3279/283/250 3590/284/250 3239/285/249
f 33/132/251 109/275/251 32/133/251
f 4495/286/252 3799/287/252 3801/288/253 3800/289/254 3805/290/255
f 112/271/256 114/273/256 113/269/256
f 1644/291/257 1711/292/258 1712/293/258 1623/294/257
f 103/266/259 106/270/259 810/267/259
f 107/277/260 115/295/260 110/141/260
f 115/295/261 107/277/261 106/270/261
f 114/273/262 142/296/262 113/269/262
f 105/274/263 152/279/263 114/273/263
f 147/297/264 142/296/264 114/273/264
f 152/279/265 147/297/265 114/273/265
f 2602/298/266 2621/299/267 2615/300/267 2620/301/266
f 23/90/268 128/302/268 40/91/268
f 116/154/269 118/303/269 23/90/269
f 24/92/270 116/154/270 23/90/270
f 133/304/271 135/305/271 117/306/271
f 137/307/272 133/304/272 117/306/272
f 120/308/273 118/303/273 116/154/273
f 119/309/274 136/310/274 121/311/274
f 130/312/275 124/313/275 119/309/275
f 128/302/276 129/314/276 40/91/276
f 1010/315/277 998/316/277 976/317/278 986/318/278
f 2794/319/279 2779/320/280 2842/321/280 2793/322/279
f 120/308/281 121/311/281 118/303/281
f 1816/323/282 3739/324/282 1850/325/283 1812/326/283
f 131/327/284 122/328/284 43/329/284
f 581/330/285 575/331/285 571/332/286 330/333/286
f 43/329/287 127/153/287 45/159/287
f 135/305/288 139/334/288 125/335/288
f 264/336/289 313/337/290 302/338/291 299/339/292
f 139/334/293 1333/340/293 125/335/293
f 138/162/294 125/335/294 126/83/294
f 122/328/295 127/153/295 43/329/295
f 128/302/296 136/310/296 129/314/296
f 131/327/297 130/312/297 119/309/297
f 136/310/298 117/306/298 129/314/298
f 124/313/299 132/341/299 119/309/299
f 141/342/300 123/343/300 133/304/300
f 448/344/301 3904/345/302 3861/346/303 447/347/304
f 121/311/305 136/310/305 118/303/305
f 1190/348/306 1200/349/307 178/350/308 1225/351/309 1196/352/310 1185/353/310 1188/354/311 1199/355/311
f 920/356/312 1044/357/312 124/313/312
f 137/307/313 132/341/313 133/304/313
f 149/358/314 920/356/314 124/313/314
f 117/306/315 135/305/315 138/162/315
f 133/304/316 123/343/316 135/305/316
f 136/310/317 137/307/317 117/306/317
f 136/310/318 119/309/318 137/307/318
f 119/309/319 132/341/319 137/307/319
f 138/162/320 135/305/320 125/335/320
f 1044/357/321 132/341/321 124/313/321
f 140/359/322 123/343/322 1056/360/322
f 806/361/323 775/362/324 807/363/324 763/364/325
f 146/365/326 148/366/327 111/367/328 142/296/329 147/297/329
f 110/141/330 151/368/330 143/136/330
f 144/278/331 906/369/331 152/279/331
f 150/370/332 147/297/332 152/279/332
f 148/366/333 146/365/333 145/371/333
f 150/370/334 146/365/334 147/297/334
f 148/366/335 131/327/335 111/367/335
f 150/370/336 906/369/336 149/358/336
f 1891/372/337 1901/373/338 1515/374/339 1516/375/339 1498/376/340
f 148/366/341 145/371/341 130/312/341
f 131/327/342 151/368/342 111/367/342
f 131/327/343 148/366/343 130/312/343
f 151/368/344 131/327/344 43/329/344
f 111/367/345 151/368/345 110/141/345
f 146/365/346 150/370/346 145/371/346
f 906/369/347 150/370/347 152/279/347
f 145/371/348 150/370/348 149/358/348
f 170/377/349 153/378/349 185/379/349
f 170/377/350 158/380/350 153/378/350
f 169/381/351 192/382/351 166/383/351
f 4066/384/352 4068/385/353 4039/386/354 4020/387/354
f 1210/388/355 154/389/355 155/390/355
f 2191/391/356 2219/392/357 2362/393/358 2192/394/359
f 157/186/360 195/395/360 88/187/360
f 91/214/361 1881/200/361 72/196/362 102/215/363
f 3923/396/364 3842/397/365 3942/398/366 3922/399/367 3935/400/368 3939/128/369 3931/131/370 3924/401/371
f 161/402/372 196/403/372 163/404/372
f 3137/405/373 2072/406/374 3201/407/375 3138/408/376
f 1375/409/377 4773/410/378 1358/411/378 1404/412/377
f 1630/413/379 1633/414/380 1703/415/380 1649/416/379
f 161/402/381 160/417/381 196/403/381
f 4171/418/382 4158/419/382 4180/420/383 4170/421/383
f 3952/422/384 3950/423/385 3849/424/385 3877/425/384
f 481/426/386 518/427/387 474/428/387 553/429/386
f 154/389/388 1182/430/388 169/381/388
f 1417/431/389 1413/432/390 1399/433/390 1353/434/391 1409/435/392 1389/436/392
f 1201/437/393 1190/348/394 1199/355/394 176/438/393
f 4245/439/395 4292/440/395 4256/441/396 4252/442/396
f 156/443/397 175/444/397 170/377/397
f 1111/445/398 1175/446/399 1100/447/400 1097/448/400
f 171/449/401 1916/450/401 160/451/401
f 2793/322/402 2842/321/402 2764/452/403 2795/453/403
f 181/454/404 177/455/404 172/456/404
f 167/457/405 188/458/405 155/390/405
f 169/381/406 1204/459/406 192/382/406
f 173/145/407 199/460/407 164/146/407
f 185/379/408 77/226/408 78/225/408
f 1821/461/409 1856/462/410 1819/463/411 1820/464/411
f 176/438/412 175/444/412 156/443/412
f 444/465/413 476/466/414 425/467/415 492/468/416
f 1225/351/417 178/350/417 1224/469/417
f 500/470/418 499/471/418 443/472/419 442/473/419
f 2645/474/420 2649/475/421 2655/476/422 2641/477/423 2640/478/424
f 4555/479/425 4570/480/426 1157/481/427 4582/482/428
f 187/483/429 158/380/429 170/377/429
f 602/484/430 613/485/430 593/486/431 1041/487/432 1042/488/433
f 2349/489/434 2261/490/435 2366/491/436 2348/492/436
f 3165/493/437 3184/494/438 3065/495/438 2989/496/439
f 3391/497/440 3377/498/440 3376/499/441 3452/500/441
f 183/182/442 201/501/442 58/502/442
f 154/389/443 169/381/443 166/383/443
f 179/503/444 194/504/444 184/174/444
f 1316/505/445 1292/506/445 1279/507/446 333/508/446
f 194/504/447 183/182/447 184/174/447
f 194/504/448 201/501/448 183/182/448
f 643/509/449 656/510/450 705/511/451 647/512/451
f 188/458/452 187/483/452 170/377/452
f 3485/513/453 3524/246/453 3488/249/453 3483/514/453
f 175/444/454 1210/388/454 155/390/454
f 3570/515/455 3573/516/456 3574/517/457 3563/518/458
f 197/519/459 165/144/459 162/147/459
f 192/382/460 190/520/460 166/383/460
f 180/521/461 191/522/461 167/457/461
f 3270/523/462 3074/524/463 3959/525/463 3091/526/464 3080/527/464
f 254/528/465 229/529/466 233/530/467 232/531/468
f 1204/459/469 193/532/469 192/382/469
f 156/443/470 170/377/470 185/379/470
f 177/455/471 186/533/471 168/534/471
f 201/501/472 194/504/472 179/503/472
f 178/350/473 195/395/473 157/186/473
f 3860/535/474 3841/536/474 3839/537/474 3884/538/474
f 2070/539/475 1992/540/476 2126/541/477 2069/542/478
f 189/543/479 179/503/479 153/378/479
f 185/379/480 78/225/480 88/187/480
f 74/219/481 203/544/481 207/250/481
f 203/544/482 202/281/482 207/250/482
f 1034/545/483 203/544/483 74/219/483
f 99/138/484 206/265/484 204/139/484
f 206/265/485 205/280/485 204/139/485
f 205/280/486 206/265/486 207/250/486
f 109/275/487 33/132/487 204/139/487
f 202/281/488 205/280/488 207/250/488
f 2227/546/489 2345/547/489 2175/548/490 2374/549/490
f 143/136/491 151/368/491 36/137/491
f 3144/550/492 3218/551/493 3219/552/494 3178/553/494 3135/554/495
f 250/555/496 489/556/496 485/557/496
f 208/558/497 236/559/497 246/560/497
f 225/561/498 223/562/498 234/563/498
f 209/564/499 218/565/499 235/566/499
f 4757/567/500 4684/568/501 4548/569/501 4575/570/502 4651/571/503 4504/572/504
f 211/573/505 225/561/505 234/563/505
f 212/574/506 243/575/506 4267/576/506
f 218/565/507 211/573/507 235/566/507
f 3129/577/508 3190/578/509 3159/579/509 3208/580/508
f 236/559/510 219/581/510 246/560/510
f 216/582/511 230/583/511 215/584/511
f 218/565/512 209/564/512 217/72/512
f 3272/585/513 3289/586/514 3327/587/515 3328/588/516
f 220/589/517 216/582/517 214/590/517
f 240/591/518 227/592/518 236/559/518
f 3159/579/519 3160/593/519 3161/594/520 3208/580/520
f 216/582/521 215/584/521 219/581/521
f 222/595/522 244/596/522 221/597/522
f 4606/598/523 4605/599/523 4629/600/524 4611/601/524
f 224/602/525 223/562/525 226/603/525
f 224/602/526 284/604/526 223/562/526
f 226/603/527 225/561/527 249/605/527
f 212/574/528 244/596/528 243/575/528
f 215/584/529 242/606/529 219/581/529
f 228/607/530 244/596/530 212/574/530
f 256/608/531 247/609/531 231/610/531
f 1889/611/532 1879/612/532 1877/613/533 91/214/533
f 231/610/534 247/609/534 222/595/534
f 3744/614/535 3717/615/535 3774/616/536 3721/617/536
f 223/562/537 225/561/537 226/603/537
f 232/531/538 233/530/538 211/618/538
f 229/529/539 213/619/539 233/530/539
f 240/591/540 241/620/540 4267/576/540
f 4469/621/541 238/622/541 19/623/541
f 3864/624/542 3865/625/542 231/610/542
f 242/626/543 218/565/543 217/72/543
f 235/566/544 211/573/544 234/563/544
f 4442/627/545 4451/628/546 4464/629/547 4489/630/548 4443/631/549
f 2376/632/550 2334/633/551 2183/634/552 2314/635/553 2189/636/553
f 715/637/554 703/638/555 1148/639/555 685/640/554
f 3455/641/556 3418/642/557 3437/643/557 3438/644/558 3424/645/559
f 1634/646/560 1642/647/561 1687/648/562 1682/649/562
f 241/650/563 4449/651/563 4267/652/563
f 241/620/564 240/591/564 236/559/564
f 227/592/565 240/591/565 243/575/565
f 238/653/566 4387/654/566 241/650/566
f 242/606/567 215/584/567 218/655/567
f 243/575/568 240/591/568 4267/576/568
f 19/71/569 238/656/569 208/16/569
f 220/589/570 227/592/570 243/575/570
f 254/528/571 252/657/571 229/529/571
f 4283/658/572 228/607/572 212/574/572
f 244/596/573 228/607/573 221/597/573
f 245/659/574 256/608/574 254/528/574
f 252/657/575 254/528/575 250/555/575
f 252/657/576 253/660/576 255/661/576
f 253/660/577 427/662/577 255/661/577
f 830/663/578 816/664/579 813/665/580 612/666/581
f 242/626/582 217/72/582 246/17/582
f 210/667/583 235/566/583 234/563/583
f 215/584/584 230/583/584 218/655/584
f 247/609/585 256/608/585 245/659/585
f 211/573/586 233/668/586 225/561/586
f 219/581/587 242/606/587 246/560/587
f 247/609/588 245/659/588 220/589/588
f 209/564/589 248/73/589 217/72/589
f 233/668/590 266/669/590 249/605/590
f 254/528/591 256/608/591 250/555/591
f 3715/670/592 3780/671/592 3237/672/593 3229/673/593
f 253/660/594 252/657/594 485/557/594
f 230/583/595 254/528/595 232/531/595
f 225/561/596 233/668/596 249/605/596
f 252/657/597 255/661/597 229/529/597
f 231/610/598 222/595/598 221/597/598
f 252/657/599 250/555/599 485/557/599
f 3864/624/600 231/610/600 221/597/600
f 256/608/601 231/610/601 250/555/601
f 300/674/602 299/339/602 302/338/602
f 273/675/603 302/338/603 224/602/603
f 269/676/604 310/677/604 312/678/604
f 294/679/605 257/680/605 279/681/605
f 258/682/606 1373/683/606 275/684/606
f 533/685/607 534/686/608 561/687/608 511/688/609 502/689/609
f 298/690/610 277/691/610 283/692/610
f 258/682/611 259/693/611 294/679/611
f 580/694/612 570/695/613 369/696/612
f 269/676/614 268/697/614 310/677/614
f 273/675/615 261/698/615 302/338/615
f 430/699/616 461/700/616 515/701/617 541/702/618
f 267/703/619 268/697/619 273/675/619
f 562/704/620 291/705/620 262/706/620
f 2255/707/621 2280/708/622 2250/709/623 2226/710/623
f 306/711/624 264/336/624 299/339/624
f 297/712/625 314/713/625 287/714/625
f 210/667/626 234/563/626 223/562/627 284/604/627
f 268/697/628 261/698/628 273/675/628
f 3263/715/629 3342/716/630 3339/717/631 3332/718/632 3240/719/633 3335/720/634
f 280/721/635 278/722/635 277/691/635
f 261/698/636 268/697/636 269/676/636
f 302/338/637 284/604/637 224/602/637
f 4677/723/638 4559/724/639 4516/725/639 4612/726/638
f 261/698/640 269/676/640 300/674/640
f 4748/727/641 4645/728/642 4596/729/642 4589/730/641
f 317/731/643 290/732/643 291/705/643
f 266/669/644 267/703/644 249/605/644
f 316/733/645 271/734/645 310/677/645
f 312/678/646 308/735/646 300/674/646
f 297/712/647 272/736/647 314/713/647
f 267/703/648 273/675/648 289/737/648
f 313/337/649 264/336/649 284/604/649
f 296/738/650 298/739/650 283/740/650
f 530/741/651 274/742/651 427/662/651
f 274/742/652 316/743/652 427/662/652
f 297/712/653 306/711/653 275/684/653
f 278/722/654 295/744/654 277/691/654
f 314/713/655 315/745/655 287/714/655
f 784/746/656 917/747/657 782/748/658
f 2069/542/659 2685/749/660 2681/750/661 2070/539/662
f 297/712/663 287/714/663 306/711/663
f 3592/751/664 3586/752/665 3583/753/666 3594/754/667 3588/755/668
f 224/602/669 226/603/669 289/737/669
f 3582/756/670 3586/752/670 3585/757/671 3527/758/671
f 462/759/672 278/722/672 280/721/672
f 304/760/673 285/761/673 303/762/673
f 304/760/674 317/763/674 279/681/674
f 282/764/675 270/765/675 281/766/675
f 263/767/676 462/759/676 280/721/676
f 295/744/677 1403/768/677 283/692/677
f 2130/769/678 2073/770/679 2057/771/680 2697/772/681
f 304/760/682 318/773/682 271/734/682
f 285/761/683 304/760/683 279/681/683
f 4490/774/684 4461/775/685 4423/776/685 4436/777/684
f 287/714/686 4761/778/686 264/336/686
f 3876/779/687 3837/780/687 3964/781/688 3852/782/688
f 273/675/689 224/602/689 289/737/689
f 3334/783/690 3337/784/690 3228/785/691 3261/786/691
f 308/735/692 306/711/692 299/339/692
f 3154/62/693 3209/787/694 3210/788/695 3192/789/696 3205/790/697
f 257/680/698 303/762/698 279/681/698
f 268/697/699 316/733/699 310/677/699
f 303/762/700 285/761/700 279/681/700
f 1819/463/701 1856/462/702 1841/791/703 1818/792/704 1857/793/705 1832/794/706 1323/795/706
f 1458/796/707 258/682/707 294/679/707
f 1365/797/708 282/764/708 296/738/708
f 1025/798/709 1029/799/710 1049/800/711 1024/801/711
f 1181/802/712 1155/803/713 727/804/714 734/805/712
f 296/738/715 311/806/715 298/739/715
f 310/677/716 292/807/716 312/678/716
f 300/674/717 308/735/717 299/339/717
f 261/698/718 300/674/718 302/338/718
f 277/691/719 295/744/719 283/692/719
f 276/808/720 304/760/720 303/762/720
f 4796/809/721 305/810/721 314/713/721
f 287/714/722 264/336/722 306/711/722
f 288/811/723 271/812/723 316/743/723
f 308/735/724 259/693/724 258/682/724
f 282/764/725 1365/797/725 301/813/725
f 311/814/726 281/815/726 277/691/726
f 309/816/727 1410/817/727 295/744/727
f 1834/818/728 1833/819/729 1846/820/729 1792/821/730
f 3749/822/731 3782/823/731 3791/824/732 3777/825/732
f 298/690/733 311/814/733 277/691/733
f 259/693/734 308/735/734 294/679/734
f 305/810/735 4761/778/735 315/745/735
f 269/676/736 312/678/736 300/674/736
f 271/812/737 288/811/737 290/732/737
f 315/745/738 4761/778/738 287/714/738
f 302/338/739 313/337/739 284/604/739
f 305/810/740 315/745/740 314/713/740
f 274/742/741 288/811/741 316/743/741
f 304/760/742 271/734/742 317/763/742
f 1434/826/743 272/736/743 297/712/743
f 271/812/744 290/732/744 317/731/744
f 271/734/745 318/773/745 310/677/745
f 272/736/746 4796/809/746 314/713/746
f 2975/827/747 2969/828/747 2938/829/748 2939/830/748
f 401/831/749 336/832/749 319/833/749
f 323/834/750 325/835/750 335/836/750
f 338/837/751 320/838/751 340/839/751
f 332/840/752 1279/507/752 338/837/752
f 334/841/753 325/835/753 336/832/753
f 321/842/754 324/843/754 336/832/754
f 3461/844/755 3366/845/756 3459/846/756 3369/847/755
f 401/831/757 334/841/757 336/832/757
f 337/848/758 326/849/758 322/850/758
f 203/544/759 767/851/760 787/852/760 202/281/761
f 324/843/762 344/853/762 319/833/762
f 342/854/763 326/849/763 337/848/763
f 344/853/764 385/855/764 319/833/764
f 327/856/765 335/836/765 401/831/765
f 342/854/766 337/848/766 325/835/766
f 323/834/767 342/854/767 325/835/767
f 1542/857/768 1486/858/769 1217/859/770 1523/860/771
f 747/861/772 748/862/772 324/843/772
f 338/837/773 326/849/773 329/863/773
f 402/864/774 327/856/774 401/831/774
f 35/143/775 34/80/776 21/79/776 53/165/777 50/124/778 29/100/779
f 2318/114/780 2136/865/781 2135/866/782 2331/867/783
f 371/868/784 339/869/784 327/856/784
f 329/863/785 341/870/785 576/871/785
f 341/870/786 339/869/786 576/871/786
f 330/333/787 338/837/787 329/863/787
f 1262/872/788 343/873/788 330/333/788
f 1374/874/789 1364/875/790 1462/876/791 1349/877/791
f 339/869/792 323/834/792 335/836/792
f 572/878/793 581/330/793 330/333/793
f 4243/879/794 4214/880/795 4213/881/796 4284/882/797 4215/883/798
f 343/873/799 333/508/799 332/840/799
f 335/836/800 334/841/800 401/831/800
f 1286/884/801 1253/885/801 1289/886/802 1290/887/802
f 325/835/803 334/841/803 335/836/803
f 339/869/804 341/870/804 323/834/804
f 322/850/805 326/849/805 338/837/805
f 2926/888/806 2911/889/806 2916/890/807 2973/891/807
f 2904/892/808 2903/893/808 446/894/809 4092/895/810
f 86/236/811 328/896/811 73/211/811
f 322/850/812 338/837/812 340/839/812
f 328/896/813 90/251/813 73/211/813
f 3565/897/814 3566/898/815 3573/516/815 3564/899/814
f 336/832/816 324/843/816 319/833/816
f 338/837/817 1279/507/817 320/838/817
f 573/900/818 1311/901/818 1305/902/818
f 1279/507/819 1280/903/819 320/838/819
f 340/839/820 320/838/820 1251/218/820
f 327/856/821 339/869/821 335/836/821
f 90/251/822 340/839/822 1251/218/822
f 1542/857/823 1523/860/823 1509/904/824 1499/905/825
f 326/849/826 341/870/826 329/863/826
f 343/873/827 332/840/827 338/837/827
f 332/840/828 333/508/828 1279/507/828
f 343/873/829 338/837/829 330/333/829
f 1262/872/830 333/508/830 343/873/830
f 477/906/831 425/467/831 478/907/832 439/908/833
f 748/862/834 344/853/834 324/843/834
f 4513/909/835 4539/910/836 4538/911/837 4512/912/837
f 374/913/838 390/914/838 373/915/838
f 400/916/839 391/917/839 421/918/839
f 346/919/840 349/920/840 347/921/840
f 4584/922/841 4547/923/842 4670/924/842 4668/925/841
f 414/926/843 395/927/843 390/914/843
f 349/920/844 348/928/844 347/921/844
f 346/919/845 347/921/846 412/929/847 378/930/848
f 365/931/849 404/932/849 371/868/849
f 823/933/850 829/934/850 802/935/851 811/936/852
f 348/928/853 358/937/853 347/921/853
f 351/938/854 350/939/854 379/940/854
f 402/864/855 365/931/855 327/856/855
f 350/939/856 351/938/856 348/928/856
f 350/939/857 348/928/857 349/920/857
f 1018/941/858 380/942/858 405/943/858
f 353/944/859 359/945/859 374/913/859
f 4474/946/860 4473/947/861 4445/948/862 4443/631/861
f 381/949/863 417/950/863 406/951/863
f 381/949/864 406/951/864 405/943/864
f 357/952/865 348/928/865 418/953/865
f 2139/954/866 354/955/866 376/956/866
f 388/957/867 409/958/867 406/951/867
f 356/959/868 2134/960/868 355/961/868
f 365/931/869 366/962/869 404/932/869
f 403/963/870 1114/964/870 357/952/870
f 2139/954/871 386/965/871 354/955/871
f 358/937/872 348/928/872 357/952/872
f 207/250/873 206/265/873 75/220/874 89/198/875
f 374/913/876 366/962/876 390/914/876
f 391/917/877 414/926/877 390/914/877
f 355/961/878 2134/960/878 377/966/878
f 367/967/879 383/968/879 373/915/879
f 387/969/880 397/970/880 359/945/880
f 2182/971/881 2253/972/881 413/973/881
f 356/959/882 355/961/882 353/944/882
f 355/961/883 387/969/883 359/945/883
f 365/931/884 371/868/884 327/856/884
f 353/944/885 355/961/885 359/945/885
f 387/969/886 355/961/886 377/966/886
f 2202/974/887 362/975/887 363/976/887
f 360/977/888 1020/978/888 418/953/888
f 386/965/889 398/979/889 354/955/889
f 368/980/890 363/976/890 398/979/890
f 4241/981/891 4272/982/892 4230/983/892 4222/984/891
f 363/976/893 362/975/893 398/979/893
f 364/985/894 386/965/894 2139/954/894
f 390/914/895 367/967/895 373/915/895
f 2305/986/896 2290/987/897 2262/988/897 2221/989/896
f 913/990/898 1045/991/899 902/992/899 921/993/900
f 549/994/901 432/995/902 470/996/902
f 370/997/903 361/998/903 366/962/903
f 2313/999/904 2139/954/904 376/956/904
f 358/937/905 412/929/905 347/921/905
f 1675/1000/906 1638/1001/906 1692/1002/907 1674/1003/908
f 397/970/909 370/997/909 359/945/909
f 664/1004/910 372/1005/910 384/1006/910
f 394/1007/911 389/1008/911 383/968/911
f 389/1008/912 375/1009/912 664/1004/912
f 387/969/913 377/966/913 376/956/913
f 412/929/914 408/1010/914 378/930/914
f 392/1011/915 380/942/915 379/940/915
f 392/1011/916 381/949/916 380/942/916
f 723/1012/917 755/1013/917 400/916/917
f 380/942/918 351/938/918 379/940/918
f 382/1014/919 389/1008/919 394/1007/919
f 389/1008/920 384/1006/920 383/968/920
f 3140/1015/921 3203/1016/922 3113/1017/923 3195/1018/921
f 419/1019/924 382/1014/924 394/1007/924
f 385/855/925 393/1020/925 319/833/925
f 379/940/926 350/939/926 349/920/926
f 381/949/927 392/1011/927 417/950/927
f 354/955/928 387/969/928 376/956/928
f 383/968/929 388/957/929 396/1021/929
f 384/1006/930 388/957/930 383/968/930
f 382/1014/931 375/1009/931 389/1008/931
f 2134/960/932 356/959/932 379/940/932
f 3737/1022/933 3742/1023/934 3715/670/934 3229/673/933
f 395/927/935 414/926/935 399/1024/935
f 4156/1025/936 4152/1026/937 4151/1027/937 4167/1028/938
f 366/962/939 391/917/939 390/914/939
f 356/959/940 392/1011/940 379/940/940
f 348/928/941 351/938/941 418/953/941
f 380/942/942 381/949/942 405/943/942
f 409/958/943 879/1029/943 405/943/943
f 393/1020/944 391/917/944 402/864/944
f 2639/1030/945 2673/1031/946 2657/1032/947 2662/1033/948
f 421/918/949 385/855/949 344/853/949
f 391/917/950 393/1020/950 385/855/950
f 1163/1034/951 1076/1035/952 2807/1036/953 408/1010/954
f 380/942/955 1018/941/955 351/938/955
f 396/1021/956 407/1037/956 374/913/956
f 1772/1038/957 1763/1039/958 2495/1040/958 1746/1041/959 1764/1042/959 1783/1043/960 4769/1044/960
f 755/1013/961 399/1024/961 400/916/961
f 1018/941/962 360/977/962 351/938/962
f 389/1008/963 664/1004/963 384/1006/963
f 377/966/964 2134/960/964 352/1045/964
f 400/916/965 399/1024/965 391/917/965
f 723/1012/966 400/916/966 748/862/966
f 393/1020/967 402/864/967 401/831/967
f 366/962/968 361/998/968 404/932/968
f 395/927/969 367/967/969 390/914/969
f 406/951/970 409/958/970 405/943/970
f 388/957/971 406/951/971 407/1037/971
f 388/957/972 407/1037/972 396/1021/972
f 388/957/973 384/1006/973 409/958/973
f 393/1020/974 401/831/974 319/833/974
f 2356/113/975 2333/1046/975 2312/1047/976 2318/114/976
f 2182/971/977 413/973/977 411/1048/977
f 408/1010/978 412/929/978 358/937/978
f 399/1024/979 414/926/979 391/917/979
f 416/1049/980 415/1050/980 403/963/980
f 392/1011/981 356/959/981 417/950/981
f 400/916/982 421/918/982 748/862/982
f 421/918/983 391/917/983 385/855/983
f 1020/978/984 416/1049/984 403/963/984
f 351/938/985 360/977/985 418/953/985
f 2253/972/986 2134/960/986 413/973/986
f 748/862/987 421/918/987 344/853/987
f 423/1051/988 422/1052/988 524/1053/988
f 539/1054/989 434/1055/989 424/1056/989
f 473/1057/990 426/1058/990 425/467/990
f 251/1059/991 530/741/991 427/662/991
f 503/1060/992 457/1061/992 456/1062/992
f 563/1063/993 459/1064/993 466/1065/993
f 4399/1066/994 4420/1067/995 4380/1068/995 4323/1069/994
f 531/1070/996 428/1071/996 424/1056/996
f 442/473/997 515/701/997 495/1072/997
f 429/1073/998 553/429/998 557/1074/998
f 429/1073/999 481/426/999 553/429/999
f 501/1075/1000 493/1076/1000 497/1077/1000
f 2670/1078/1001 2564/1079/1001 2550/1080/1002 2562/1081/1002
f 433/1082/1003 510/1083/1004 424/1056/1004
f 493/1076/1005 492/468/1005 473/1057/1005
f 519/1084/1006 540/1085/1006 2698/1086/1006
f 4088/1087/1007 4085/1088/1008 4040/1089/1009 3929/1090/1010
f 516/1091/1011 462/759/1011 263/767/1011
f 4075/1092/1012 535/1093/1012 430/699/1012
f 4553/1094/1013 4556/1095/1014 4562/1096/1014 4557/1097/1015 4635/1098/1015
f 508/1099/1016 552/1100/1016 545/1101/1016
f 467/1102/1017 560/1103/1017 548/1104/1017
f 1158/1105/1018 1172/1106/1018 1080/1107/1019 1075/1108/1019
f 2700/1109/1020 431/1110/1020 477/906/1020
f 432/995/1021 507/1111/1021 527/1112/1021
f 537/1113/1022 484/1114/1022 527/1112/1022
f 516/1091/1023 263/767/1023 291/705/1023
f 463/1115/1024 504/1116/1024 561/687/1024
f 533/685/1025 525/1117/1025 560/1103/1025
f 2028/1118/1026 2131/1119/1026 466/1065/1026
f 516/1091/1027 517/1120/1027 309/816/1027
f 505/1121/1028 506/1122/1028 468/1123/1028
f 434/1055/1029 433/1082/1029 424/1056/1029
f 435/1124/1030 472/1125/1030 535/1093/1030
f 3812/1126/1031 3818/1127/1032 3807/1128/1032 3798/1129/1031
f 556/1130/1033 513/1131/1033 434/1055/1034 540/1085/1034
f 480/1132/1035 502/689/1035 479/1133/1035
f 3116/1134/1036 3117/1135/1037 3115/1136/1037 3189/1137/1036
f 444/465/1038 472/1125/1038 476/466/1038
f 438/1138/1039 464/1139/1039 502/689/1039
f 441/1140/1040 554/1141/1040 456/1062/1040
f 439/908/1041 478/907/1041 4077/1142/1041
f 468/1123/1042 506/1122/1042 422/1052/1042
f 496/1143/1043 440/1144/1043 520/1145/1043
f 436/1146/1044 562/704/1044 262/706/1044
f 542/1147/1045 509/1148/1045 443/472/1045
f 846/1149/1046 845/1150/1047 823/933/1047 822/1151/1046
f 880/1152/1048 888/1153/1048 987/1154/1049 872/1155/1049
f 190/520/1050 168/534/1051 167/457/1052 166/383/1050
f 550/1156/1053 446/894/1054 477/906/1054
f 520/1145/1055 440/1144/1055 438/1138/1055
f 2572/1157/1056 2550/1080/1057 2569/1158/1058 2553/1159/1059 2591/1160/1059
f 520/1145/1060 511/688/1060 504/1116/1060
f 549/994/1061 449/1161/1061 432/995/1061
f 432/995/1062 449/1161/1062 507/1111/1062
f 4763/1162/1063 4197/1163/1063 4186/1164/1064 4194/1165/1064
f 559/1166/1065 452/1167/1065 563/1063/1065
f 2404/1168/1066 2391/1169/1067 2410/1170/1068 2415/1171/1068
f 996/1172/1069 995/1173/1070 852/1174/1071 1001/1175/1072
f 2131/1119/1073 563/1063/1073 466/1065/1073
f 445/1176/1074 3828/1177/1074 541/702/1074
f 454/1178/1075 453/1179/1075 458/1180/1075
f 500/470/1076 544/1181/1076 481/426/1076
f 455/1182/1077 251/1059/1077 485/557/1077
f 453/1179/1078 529/1183/1078 448/344/1078
f 457/1061/1079 460/1184/1079 456/1062/1079
f 531/1070/1080 497/1077/1080 473/1057/1080
f 499/471/1081 454/1178/1081 443/472/1081
f 458/1180/1082 453/1179/1082 448/344/1082
f 2130/769/1083 3141/1185/1084 3218/551/1084 2073/770/1083
f 475/1186/1085 486/1187/1085 455/1182/1085
f 2831/1188/1086 2832/1189/1087 2827/1190/1088 2198/1191/1089
f 515/701/1090 461/700/1090 495/1072/1090
f 461/700/1091 460/1184/1091 503/1060/1091
f 462/759/1092 516/1091/1092 309/816/1092
f 2918/1192/1093 2588/1193/1094 2559/1194/1094 2971/1195/1093
f 463/1115/1095 505/1121/1095 504/1116/1095
f 463/1115/1096 467/1102/1096 459/1064/1096
f 1646/1196/1097 1657/1197/1097 1665/1198/1098
f 517/1120/1099 1410/817/1099 309/816/1099
f 478/907/1100 465/1199/1100 4077/1142/1100
f 449/1161/1101 460/1184/1101 461/700/1101
f 4383/1200/1102 4391/1201/1102 4482/1202/1103 4411/1203/1104
f 2496/1204/1105 2518/1205/1105 2519/1206/1106 2517/1207/1107 2388/1208/1107
f 463/1115/1108 561/687/1108 467/1102/1108
f 471/1209/1109 523/1210/1109 506/1122/1109
f 469/1211/1110 505/1121/1110 468/1123/1110
f 4536/1212/1111 4553/1094/1111 4635/1098/1112 4594/1213/1113 4638/1214/1114
f 470/996/1115 501/1075/1115 497/1077/1115
f 437/1215/1116 4075/1092/1116 430/699/1116
f 470/996/1117 432/995/1117 501/1075/1117
f 426/1058/1118 492/468/1118 425/467/1118
f 443/472/1119 509/1148/1119 442/473/1119
f 1267/1216/1120 1236/1217/1121 1261/1218/1121 1273/1219/1122
f 475/1186/1123 455/1182/1123 453/1179/1123
f 490/1220/1124 440/1144/1124 526/1221/1124
f 444/465/1125 483/1222/1125 537/1113/1125
f 459/1064/1126 546/1223/1126 466/1065/1126
f 562/704/1127 516/1091/1127 291/705/1127
f 503/1060/1128 460/1184/1128 457/1061/1128
f 510/1083/1129 433/1082/1129 434/1055/1129
f 476/466/1130 478/907/1130 425/467/1130
f 551/1224/1131 480/1132/1131 479/1133/1131
f 499/471/1132 481/426/1132 429/1073/1132
f 536/1225/1133 482/1226/1133 510/1083/1133
f 518/427/1134 488/1227/1134 474/428/1134
f 486/1187/1135 530/741/1135 251/1059/1135
f 484/1114/1136 483/1222/1137 492/468/1138
f 542/1147/1139 445/1176/1139 541/702/1139
f 455/1182/1140 486/1187/1140 251/1059/1140
f 531/1070/1141 487/1228/1141 428/1071/1141
f 486/1187/1142 429/1073/1142 557/1074/1142
f 486/1187/1143 475/1186/1143 429/1073/1143
f 431/1110/1144 487/1228/1144 531/1070/1144
f 624/1229/1145 614/1230/1145 617/1231/1146 623/1232/1146
f 491/1233/1147 262/706/1147 474/428/1148 488/1227/1149 495/1072/1150 461/700/1150 503/1060/1151 554/1141/1152
f 551/1224/1153 470/996/1153 497/1077/1153
f 489/556/1154 529/1183/1154 485/557/1154
f 543/1234/1155 532/1235/1155 430/699/1155
f 758/1236/1156 757/1237/1157 740/1238/1157 756/1239/1156
f 487/1228/1158 2699/1240/1158 428/1071/1158
f 483/1222/1159 444/465/1159 492/468/1159
f 491/1233/1160 436/1146/1160 262/706/1160
f 538/1241/1161 449/1161/1161 461/700/1161
f 484/1114/1162 492/468/1162 493/1076/1162
f 523/1210/1163 558/1242/1163 506/1122/1163
f 1114/964/1164 408/1010/1165 358/937/1166 357/952/1167
f 500/470/1168 442/473/1168 495/1072/1168
f 450/1243/1169 3828/1177/1169 445/1176/1169
f 482/1226/1170 536/1225/1170 497/1077/1170
f 465/1199/1171 498/1244/1171 4077/1142/1171
f 436/1146/1172 514/1245/1172 423/1051/1172
f 564/1246/1173 440/1144/1173 490/1220/1173
f 3294/1247/1174 3300/1248/1175 3074/524/1175 3270/523/1176 3313/1249/1176
f 491/1233/1177 490/1220/1177 436/1146/1177
f 527/1112/1178 484/1114/1178 501/1075/1178
f 502/689/1179 464/1139/1179 479/1133/1179
f 494/1250/1180 502/689/1180 480/1132/1180
f 505/1121/1181 469/1211/1181 504/1116/1181
f 505/1121/1182 452/1167/1182 506/1122/1182
f 507/1111/1183 538/1241/1183 527/1112/1183
f 512/1251/1184 521/1252/1184 552/1100/1184
f 2730/1253/1185 4829/1254/1186 2737/1255/1187
f 502/689/1188 494/1250/1188 508/1099/1188
f 534/686/1189 533/685/1189 560/1103/1189
f 469/1211/1190 496/1143/1190 504/1116/1190
f 508/1099/1191 494/1250/1191 552/1100/1191
f 442/473/1192 509/1148/1192 515/701/1192
f 494/1250/1193 536/1225/1193 510/1083/1193
f 423/1051/1194 524/1053/1194 562/704/1194
f 564/1246/1195 555/1256/1195 464/1139/1195
f 513/1131/1196 494/1250/1196 510/1083/1196
f 494/1250/1197 513/1131/1197 552/1100/1197
f 3922/399/1198 3942/398/1199 3921/1257/1200 3920/1258/1201
f 513/1131/1202 512/1251/1202 552/1100/1202
f 514/1245/1203 468/1123/1203 422/1052/1203
f 506/1122/1204 558/1242/1204 422/1052/1204
f 504/1116/1205 511/688/1205 561/687/1205
f 509/1148/1206 541/702/1206 515/701/1206
f 522/1259/1207 517/1120/1207 516/1091/1207
f 536/1225/1208 551/1224/1208 497/1077/1208
f 423/1051/1209 514/1245/1209 422/1052/1209
f 497/1077/1210 493/1076/1210 473/1057/1210
f 2469/1260/1211 2468/1261/1212 2439/1262/1212 2482/1263/1213
f 436/1146/1214 423/1051/1214 562/704/1214
f 2126/541/1215 512/1251/1215 519/1084/1215
f 555/1256/1216 564/1246/1216 490/1220/1216
f 496/1143/1217 520/1145/1217 504/1116/1217
f 512/1251/1218 2126/541/1218 521/1252/1218
f 523/1210/1219 522/1259/1219 516/1091/1219
f 521/1252/1220 547/1264/1220 545/1101/1220
f 1442/1265/1221 522/1259/1221 471/1209/1221
f 4652/1266/1222 4656/1267/1222 4535/1268/1223 4592/1269/1224 4751/1270/1224 4733/1271/1225
f 440/1144/1226 496/1143/1226 526/1221/1226
f 538/1241/1227 537/1113/1227 527/1112/1227
f 2866/1272/1228 2603/1273/1228 2872/1274/1229 2873/1275/1229
f 499/471/1230 500/470/1230 481/426/1230
f 471/1209/1231 522/1259/1231 523/1210/1231
f 473/1057/1232 492/468/1233 426/1058/1232
f 716/1276/1234 730/1277/1235 667/1278/1235 689/1279/1234
f 441/1140/1236 555/1256/1236 490/1220/1236
f 533/685/1237 502/689/1237 508/1099/1237
f 530/741/1238 486/1187/1238 265/1280/1238
f 547/1264/1239 525/1117/1239 545/1101/1239
f 514/1245/1240 469/1211/1240 468/1123/1240
f 482/1226/1241 497/1077/1241 531/1070/1241
f 501/1075/1242 484/1114/1242 493/1076/1242
f 532/1235/1243 461/700/1243 430/699/1243
f 3863/1281/1244 3946/1282/1244 3921/1257/1245 3942/398/1245
f 475/1186/1246 453/1179/1246 454/1178/1246
f 464/1139/1247 549/994/1247 479/1133/1247
f 537/1113/1248 543/1234/1248 535/1093/1248
f 1877/1283/1249 1875/1284/1249 4365/1285/1250 1880/1286/1251
f 521/1252/1252 1987/1287/1252 547/1264/1252
f 449/1161/1253 538/1241/1253 507/1111/1253
f 2699/1240/1254 2698/1086/1254 539/1054/1254
f 1921/1288/1255 1486/858/1256 1476/1289/1257 1481/1290/1258
f 2698/1086/1259 540/1085/1259 434/1055/1259
f 539/1054/1260 2698/1086/1260 434/1055/1260
f 509/1148/1261 542/1147/1261 541/702/1261
f 535/1093/1262 543/1234/1262 430/699/1262
f 2850/1291/1263 3406/1292/1263 3193/1293/1264 3171/1294/1264
f 555/1256/1265 549/994/1265 464/1139/1265
f 465/1199/1266 478/907/1266 476/466/1266
f 481/426/1267 544/1181/1267 518/427/1267
f 3938/1295/1268 3933/1296/1268 2589/129/1269 3939/128/1270
f 440/1144/1271 564/1246/1272 464/1139/1272 438/1138/1271
f 2365/121/1273 2364/1297/1274 2360/1298/1274 2173/122/1273
f 547/1264/1275 1987/1287/1275 546/1223/1275
f 483/1222/1276 484/1114/1276 537/1113/1276
f 560/1103/1277 525/1117/1277 548/1104/1277
f 446/894/1278 2700/1109/1278 477/906/1278
f 4398/1299/1279 4396/1300/1280 4442/627/1281 4401/1301/1282 4457/1302/1283 4481/1303/1283
f 551/1224/1284 479/1133/1284 470/996/1284
f 552/1100/1285 521/1252/1285 545/1101/1285
f 553/429/1286 474/428/1286 260/1304/1286
f 554/1141/1287 503/1060/1287 456/1062/1287
f 549/994/1288 555/1256/1288 449/1161/1288
f 1890/1305/1289 1888/1306/1290 1877/613/1291 1880/1307/1289
f 512/1251/1292 513/1131/1292 556/1130/1292
f 522/1259/1293 1442/1265/1293 517/1120/1293
f 265/1280/1294 486/1187/1294 557/1074/1294
f 422/1052/1295 558/1242/1295 524/1053/1295
f 432/995/1296 527/1112/1296 501/1075/1296
f 460/1184/1297 441/1140/1297 456/1062/1297
f 513/1131/1298 510/1083/1298 434/1055/1298
f 1159/1308/1299 1160/1309/1299 1156/1310/1300 1082/1311/1300
f 1052/1312/1301 134/1313/1301 1044/357/1302 1036/1314/1303 1051/1315/1303
f 561/687/1304 534/686/1304 560/1103/1304
f 467/1102/1305 561/687/1305 560/1103/1305
f 558/1242/1306 523/1210/1306 524/1053/1306
f 563/1063/1307 463/1115/1307 459/1064/1307
f 3556/1316/1308 3580/1317/1309 3579/1318/1310 3575/1319/1308
f 587/1320/1311 580/694/1311 369/696/1311
f 583/1321/1312 577/1322/1312 580/694/1312
f 1331/1323/1313 1336/1324/1314 1256/1325/1314 1332/1326/1315 1302/1327/1315
f 578/1328/1316 420/1329/1316 2202/974/1316
f 586/1330/1317 568/1331/1317 566/1332/1317
f 2338/1333/1318 567/1334/1318 571/332/1318
f 569/1335/1319 574/1336/1319 568/1331/1319
f 568/1331/1320 574/1336/1320 566/1332/1320
f 2010/1337/1321 1971/1338/1321 2042/1339/1322 3128/1340/1323
f 2160/1341/1324 569/1335/1324 568/1331/1324
f 369/696/1325 570/695/1325 371/868/1325
f 575/331/1326 2323/1342/1326 571/332/1326
f 1212/1343/1327 1185/353/1328 1196/352/1329 1220/1344/1330
f 567/1334/1331 2338/1333/1331 573/900/1331
f 577/1322/1332 583/1321/1332 576/871/1332
f 1779/1345/1333 1758/1346/1334 1788/1347/1335 1782/1348/1335 1773/1349/1336
f 578/1328/1337 586/1330/1337 585/1350/1337
f 585/1350/1338 582/1351/1338 579/1352/1338
f 2323/1342/1339 2338/1333/1339 571/332/1339
f 584/1353/1340 580/694/1340 587/1320/1340
f 339/869/1341 577/1322/1341 576/871/1341
f 575/331/1342 581/330/1342 572/878/1342
f 584/1353/1343 583/1321/1343 580/694/1343
f 565/1354/1344 575/331/1344 572/878/1344
f 3521/1355/1345 3097/1356/1346 3092/1357/1346 3088/1358/1345
f 574/1336/1347 575/331/1347 582/1351/1347
f 2802/1359/1348 2813/1360/1348 2837/1361/1349 2765/1362/1349
f 586/1330/1350 566/1332/1350 585/1350/1350
f 586/1330/1351 578/1328/1351 2202/974/1351
f 584/1353/1352 565/1354/1352 572/878/1352
f 603/1363/1353 593/486/1353 613/485/1353
f 2784/1364/1354 2854/1365/1354 2828/1366/1355 2768/1367/1355
f 1390/1368/1356 1346/1369/1357 1464/1370/1358 1979/1371/1359
f 589/1372/1360 788/1373/1360 588/1374/1360
f 3746/1375/1361 3720/1376/1361 2728/1377/1362 2731/1378/1363
f 4168/1379/1364 610/1380/1364 4157/1381/1364
f 590/1382/1365 831/1383/1365 4172/1384/1365
f 592/1385/1366 612/666/1366 597/1386/1366
f 610/1380/1367 4172/1384/1367 4157/1381/1367
f 601/1387/1368 610/1380/1368 594/1388/1368
f 601/1387/1369 4172/1384/1369 610/1380/1369
f 594/1388/1370 610/1380/1370 607/1389/1370
f 609/1390/1371 786/1391/1371 774/1392/1371
f 599/1393/1372 596/1394/1372 592/1385/1372
f 318/773/1373 304/760/1373 276/808/1374 310/677/1374
f 592/1385/1375 598/1395/1375 603/1363/1375
f 598/1395/1376 601/1387/1376 594/1388/1376
f 599/1393/1377 603/1363/1377 613/485/1377
f 1053/1396/1378 914/1397/1378 1022/1398/1378
f 599/1393/1379 592/1385/1379 603/1363/1379
f 611/1399/1380 600/1400/1380 331/1401/1380
f 606/1402/1381 604/1403/1381 1041/487/1381
f 601/1387/1382 813/665/1382 4172/1384/1382
f 3386/1404/1383 3409/1405/1383 3430/1406/1384 3423/1407/1385 3411/1408/1385
f 585/1350/1386 566/1332/1387 574/1336/1387 582/1351/1386
f 604/1403/1388 606/1402/1388 605/1409/1388
f 605/1409/1389 606/1402/1389 603/1363/1389
f 4168/1379/1390 4177/1410/1390 607/1389/1390
f 639/1411/1391 608/1412/1391 591/1413/1391
f 592/1385/1392 596/1394/1392 612/666/1392
f 596/1394/1393 599/1393/1393 609/1390/1393
f 610/1380/1394 4168/1379/1394 607/1389/1394
f 609/1390/1395 599/1393/1395 786/1391/1395
f 589/1372/1396 786/1391/1396 613/485/1396
f 4177/1410/1397 595/1414/1397 607/1389/1397
f 611/1399/1398 608/1412/1398 600/1400/1398
f 130/312/1399 145/371/1400 149/358/1400 124/313/1399
f 4177/1410/1401 4176/1415/1401 595/1414/1401
f 612/666/1402 813/665/1402 597/1386/1402
f 813/665/1403 590/1382/1403 4172/1384/1403
f 592/1385/1404 597/1386/1404 598/1395/1404
f 786/1391/1405 589/1372/1405 588/1374/1405
f 786/1391/1406 599/1393/1406 613/485/1406
f 602/484/1407 589/1372/1407 613/485/1407
f 614/1230/1408 625/1416/1408 827/1417/1408
f 3315/1418/1409 2594/1419/1410 3280/1420/1411 3296/1421/1412 3306/1422/1413 3329/1423/1413 3310/1424/1414 3345/1425/1415 3339/717/1416 3337/784/1417
f 616/1426/1418 619/1427/1418 827/1417/1418
f 840/1428/1419 841/1429/1419 618/1430/1419
f 615/1431/1420 841/1429/1420 623/1232/1420
f 620/1432/1421 615/1431/1421 617/1231/1421
f 841/1429/1422 615/1431/1422 618/1430/1422
f 619/1427/1423 331/1401/1423 345/1433/1423
f 1178/1434/1424 1139/1435/1425 649/1436/1425 1179/1437/1424
f 619/1427/1426 614/1230/1426 827/1417/1426
f 619/1427/1427 616/1426/1427 611/1399/1427
f 617/1231/1428 614/1230/1428 345/1433/1428
f 3761/1438/1429 3787/1439/1429 3729/1440/1430 3759/1441/1430
f 615/1431/1431 623/1232/1431 617/1231/1431
f 741/1442/1432 717/1443/1432 627/1444/1433 735/1445/1434 726/1446/1434
f 614/1230/1435 619/1427/1435 345/1433/1435
f 614/1230/1436 624/1229/1436 625/1416/1436
f 619/1427/1437 611/1399/1437 331/1401/1437
f 1876/213/1438 102/215/1439 72/196/1440 62/189/1441 182/1447/1442
f 4343/1448/1443 4325/1449/1443 622/1450/1443
f 621/1451/1444 4343/1448/1444 622/1450/1444
f 624/1229/1445 623/1232/1445 625/1416/1445
f 623/1232/1446 835/1452/1446 625/1416/1446
f 707/1453/1447 712/1454/1447 725/1455/1447
f 375/1009/1448 633/1456/1448 664/1004/1448
f 628/1457/1449 626/1458/1449 647/512/1449
f 654/1459/1450 732/1460/1450 628/1457/1450
f 1103/1461/1451 630/1462/1451 629/1463/1451
f 708/1464/1452 693/1465/1452 419/1019/1452
f 631/1466/1453 720/60/1453 746/1467/1453
f 1171/1468/1454 657/1469/1454 722/59/1454
f 645/180/1455 633/1456/1455 375/1009/1455
f 731/1470/1456 635/1471/1456 634/1472/1456
f 1720/1473/1457 1614/1474/1458 1611/1475/1459 1610/1476/1460
f 684/1477/1461 1152/1478/1461 636/1479/1461
f 638/1480/1462 637/1481/1462 1125/1482/1462
f 638/1480/1463 1148/639/1463 637/1481/1463
f 740/1238/1464 757/1237/1465 762/1483/1465 724/1484/1464
f 707/1453/1466 713/1485/1466 712/1454/1466
f 4754/1486/1467 4524/1487/1467 4731/1488/1468 4519/1489/1468
f 640/1490/1469 749/1491/1469 693/1465/1469
f 702/58/1470 638/1480/1470 1125/1482/1470
f 752/1492/1471 759/1493/1471 758/1236/1471
f 643/509/1472 690/1494/1472 656/510/1472
f 646/1495/1473 691/1496/1473 642/1497/1473
f 660/1498/1474 655/1499/1474 705/511/1474
f 653/1500/1475 645/180/1475 375/1009/1475
f 3890/1501/1476 3895/1502/1477 3964/781/1477 3889/1503/1478
f 685/640/1479 1148/639/1479 638/1480/1479
f 633/1456/1480 885/1504/1480 372/1005/1480
f 2782/1505/1481 2808/1506/1482 2810/1507/1482 2774/1508/1483
f 674/1509/1484 700/1510/1484 648/1511/1484
f 644/1512/1485 744/5/1485 641/1513/1485
f 678/1514/1486 677/1515/1486 651/1516/1486
f 645/180/1487 873/179/1487 876/1517/1487
f 3124/1518/1488 3380/1519/1489 3365/1520/1490 3123/1521/1489
f 705/511/1491 628/1457/1491 647/512/1491
f 753/1522/1492 758/1236/1492 756/1239/1492
f 2511/1523/1493 2429/1524/1494 2400/1525/1494 2427/1526/1495
f 2719/1527/1496 2715/1528/1497 2710/1529/1497 2687/1530/1498
f 1898/1531/1499 1871/1532/1500 1475/1533/1501 1893/1534/1502
f 652/1535/1503 683/1536/1503 668/1537/1503
f 382/1014/1504 653/1500/1504 375/1009/1504
f 1171/1468/1505 1064/1538/1505 657/1469/1505
f 628/1457/1506 731/1470/1506 626/1458/1506
f 635/1471/1507 732/1460/1507 654/1459/1507
f 705/511/1508 655/1499/1508 628/1457/1508
f 630/1462/1509 718/1539/1509 629/1463/1509
f 719/1540/1510 737/1541/1510 665/1542/1510
f 1182/430/1511 1186/1543/1512 1204/459/1512 169/381/1511
f 4626/1544/1513 4628/1545/1513 700/1510/1513
f 1064/1538/1514 658/1546/1514 657/1469/1514
f 700/1510/1515 4628/1545/1515 648/1511/1515
f 661/1547/1516 730/1277/1516 678/1514/1516
f 673/1548/1517 4627/1549/1517 659/1550/1517
f 4718/1551/1518 660/1498/1518 705/511/1518
f 689/1279/1519 663/1552/1519 646/1495/1519
f 662/1553/1520 745/1554/1520 704/1555/1520
f 4627/1549/1521 700/1510/1521 659/1550/1521
f 709/1556/1522 676/1557/1522 716/1276/1522
f 667/1278/1523 663/1552/1523 689/1279/1523
f 664/1004/1524 633/1456/1524 372/1005/1524
f 659/1550/1525 674/1509/1525 651/1516/1525
f 738/1558/1526 715/637/1526 643/509/1526
f 686/1559/1527 665/1542/1527 654/1459/1527
f 4627/1549/1528 673/1548/1528 4538/911/1528
f 702/58/1529 1126/1560/1529 722/59/1529
f 699/1561/1530 666/57/1530 690/1494/1530
f 1148/639/1531 703/638/1531 636/1479/1531
f 2546/1562/1532 2531/1563/1533 2540/1564/1533 2544/1565/1534
f 694/1566/1535 690/1494/1535 643/509/1535
f 873/179/1536 710/178/1536 701/1567/1536
f 734/805/1537 658/1546/1537 1064/1538/1537
f 690/1494/1538 666/57/1538 632/1568/1538
f 699/1561/1539 669/1569/1539 638/1480/1539
f 683/1536/1540 728/1570/1540 668/1537/1540
f 2768/1367/1541 2762/1571/1542 2813/1360/1542 2763/1572/1543
f 671/1573/1544 690/1494/1544 632/1568/1544
f 1046/1574/1545 1040/1575/1546 1056/360/1547 134/1313/1545
f 1129/1576/1548 1107/254/1548 1115/1577/1549 1141/1578/1550
f 1742/1579/1551 1767/1580/1551 1741/1581/1552 1766/1582/1552
f 669/1569/1553 685/640/1553 638/1480/1553
f 1126/1560/1554 1171/1468/1554 722/59/1554
f 661/1547/1555 674/1509/1555 648/1511/1555
f 718/1539/1556 675/1583/1557 687/1584/1556
f 1148/639/1558 1177/1585/1558 637/1481/1558
f 677/1515/1559 676/1557/1560 712/1454/1559
f 749/1491/1561 653/1500/1561 382/1014/1561
f 2792/1586/1562 3006/1587/1563 2800/1588/1564 2769/1589/1565
f 696/1590/1566 670/1591/1566 695/1592/1566
f 693/1465/1567 749/1491/1567 419/1019/1567
f 680/1593/1568 679/1594/1568 717/1443/1568
f 2221/989/1569 2176/1595/1570 2146/1596/1571 2309/1597/1572
f 750/181/1573 681/1598/1573 710/178/1573
f 3630/1599/1574 3619/1600/1575 3683/1601/1575 3696/1602/1574
f 1422/1603/1576 1456/1604/1576 1416/1605/1577 1436/1606/1577
f 731/1470/1578 684/1477/1578 626/1458/1578
f 410/1607/1579 708/1464/1579 419/1019/1579
f 743/1608/1580 650/1609/1580 711/6/1580
f 3888/1610/1581 3887/1611/1581 3855/1612/1582 3854/1613/1582
f 715/637/1583 694/1566/1583 643/509/1583
f 681/1598/1584 644/1512/1584 701/1567/1584
f 694/1566/1585 715/637/1585 685/640/1585
f 655/1499/1586 686/1559/1586 654/1459/1586
f 714/7/1587 711/6/1587 416/1049/1587
f 687/1584/1588 675/1583/1588 649/1436/1588
f 712/1454/1589 676/1557/1589 725/1455/1589
f 3788/1614/1590 3776/1615/1591 3722/1616/1592 3670/1617/1593 3694/1618/1594 3615/1619/1595 3756/1620/1595
f 743/1608/1596 726/1446/1597 683/1536/1598 652/1535/1598 687/1584/1599
f 684/1477/1600 731/1470/1600 634/1472/1600
f 730/1277/1601 716/1276/1601 677/1515/1601
f 709/1556/1602 671/1573/1602 662/1553/1602
f 679/1594/1603 707/1453/1603 725/1455/1603
f 4725/1621/1604 697/1622/1604 655/1499/1604
f 669/1569/1605 699/1561/1605 690/1494/1605
f 655/1499/1606 654/1459/1606 628/1457/1606
f 700/1510/1607 674/1509/1607 659/1550/1607
f 666/57/1608 720/60/1608 632/1568/1608
f 637/1481/1609 1177/1585/1609 1125/1482/1609
f 691/1496/1610 706/1623/1610 642/1497/1610
f 665/1542/1611 737/1541/1611 654/1459/1611
f 684/1477/1612 738/1558/1612 626/1458/1612
f 663/1552/1613 692/1624/1613 646/1495/1613
f 608/1412/1614 740/1238/1614 600/1400/1614
f 657/1469/1615 698/1625/1615 722/59/1615
f 2388/1208/1616 2517/1207/1617 2507/1626/1617 1750/1627/1616
f 669/1569/1618 694/1566/1618 685/640/1618
f 3024/1628/1619 3061/1629/1620 3002/105/1621 3008/104/1622
f 697/1622/1623 696/1590/1623 695/1592/1623
f 635/1471/1624 731/1470/1624 732/1460/1624
f 678/1514/1625 730/1277/1625 677/1515/1625
f 658/1546/1626 698/1625/1626 657/1469/1626
f 676/1557/1627 709/1556/1627 725/1455/1627
f 331/1401/1628 724/1484/1628 747/861/1628
f 702/58/1629 699/1561/1629 638/1480/1629
f 761/1630/1630 729/1631/1630 4176/1415/1630
f 762/1483/1631 757/1237/1631 682/1632/1631
f 4627/1549/1632 4626/1544/1632 700/1510/1632
f 4718/1551/1633 4725/1621/1633 655/1499/1633
f 710/178/1634 681/1598/1634 701/1567/1634
f 4718/1551/1635 655/1499/1635 660/1498/1635
f 703/638/1636 738/1558/1636 636/1479/1636
f 666/57/1637 699/1561/1637 702/58/1637
f 662/1553/1638 704/1555/1638 725/1455/1638
f 646/1495/1639 4718/1551/1639 705/511/1639
f 709/1556/1640 716/1276/1640 706/1623/1640
f 396/1021/1641 374/913/1641 373/915/1642 383/968/1642
f 662/1553/1643 671/1573/1643 632/1568/1643
f 4176/1415/1644 729/1631/1644 595/1414/1644
f 679/1594/1645 752/1492/1645 707/1453/1645
f 682/1632/1646 708/1464/1646 410/1607/1646
f 709/1556/1647 662/1553/1647 725/1455/1647
f 741/1442/1648 742/1633/1648 693/1465/1648
f 716/1276/1649 676/1557/1649 677/1515/1649
f 709/1556/1650 706/1623/1650 671/1573/1650
f 635/1471/1651 739/1634/1651 634/1472/1651
f 694/1566/1652 669/1569/1652 690/1494/1652
f 3887/1611/1653 3866/1635/1654 3829/1636/1655 3855/1612/1656
f 729/1631/1657 639/1411/1657 595/1414/1657
f 751/1637/1658 682/1632/1658 759/1493/1658
f 738/1558/1659 684/1477/1659 636/1479/1659
f 740/1238/1660 608/1412/1660 639/1411/1660
f 681/1598/1661 743/1608/1661 644/1512/1661
f 713/1485/1662 688/1638/1662 712/1454/1662
f 714/7/1663 416/1049/1663 1020/978/1663
f 743/1608/1664 687/1584/1664 650/1609/1664
f 3630/1599/1665 3740/1639/1666 3739/324/1666 3621/1640/1665
f 692/1624/1667 4718/1551/1667 646/1495/1667
f 744/5/1668 874/8/1668 641/1513/1668
f 717/1443/1669 679/1594/1669 627/1444/1669
f 2383/1641/1670 2381/1642/1671 2135/866/1672 2156/1643/1673
f 1126/1560/1674 702/58/1674 1125/1482/1674
f 722/59/1675 721/1644/1675 720/60/1675
f 724/1484/1676 762/1483/1676 723/1012/1676
f 419/1019/1677 749/1491/1677 382/1014/1677
f 736/1645/1678 727/804/1678 728/1570/1678
f 724/1484/1679 723/1012/1679 747/861/1679
f 681/1598/1680 726/1446/1680 743/1608/1680
f 734/805/1681 727/804/1681 658/1546/1681
f 668/1537/1682 728/1570/1682 629/1463/1682
f 736/1645/1683 728/1570/1683 683/1536/1683
f 727/804/1684 698/1625/1684 658/1546/1684
f 728/1570/1685 727/804/1685 629/1463/1685
f 732/1460/1686 731/1470/1686 628/1457/1686
f 672/1646/1687 733/1647/1687 4512/912/1687
f 2881/1648/1688 2740/1649/1689 2747/1650/1690 2880/1651/1688
f 4251/1652/1691 4276/1653/1692 4231/1654/1692 4234/1655/1693
f 675/1583/1694 718/1539/1694 630/1462/1694
f 738/1558/1695 703/638/1695 715/637/1695
f 721/1644/1696 736/1645/1696 745/1554/1696
f 736/1645/1697 683/1536/1697 735/1445/1697
f 737/1541/1698 739/1634/1698 635/1471/1698
f 727/804/1699 1155/803/1699 629/1463/1699
f 626/1458/1700 738/1558/1700 647/512/1700
f 736/1645/1701 735/1445/1701 704/1555/1701
f 727/804/1702 736/1645/1702 698/1625/1702
f 760/1656/1703 733/1647/1703 672/1646/1703
f 683/1536/1704 726/1446/1704 735/1445/1704
f 682/1632/1705 757/1237/1705 759/1493/1705
f 1702/1657/1706 2/1658/1707 1645/1659/1708 1644/291/1708
f 745/1554/1709 736/1645/1709 704/1555/1709
f 1072/1660/1710 739/1634/1710 737/1541/1710
f 742/1633/1711 726/1446/1711 681/1598/1711
f 1152/1478/1712 684/1477/1712 634/1472/1712
f 736/1645/1713 721/1644/1713 698/1625/1713
f 720/60/1714 721/1644/1714 746/1467/1714
f 652/1535/1715 718/1539/1715 687/1584/1715
f 698/1625/1716 721/1644/1716 722/59/1716
f 738/1558/1717 643/509/1717 647/512/1717
f 627/1444/1718 679/1594/1718 725/1455/1718
f 741/1442/1719 726/1446/1719 742/1633/1719
f 742/1633/1720 640/1490/1720 693/1465/1720
f 746/1467/1721 721/1644/1721 745/1554/1721
f 737/1541/1722 635/1471/1722 654/1459/1722
f 723/1012/1723 748/862/1723 747/861/1723
f 717/1443/1724 741/1442/1724 693/1465/1724
f 653/1500/1725 750/181/1725 645/180/1725
f 679/1594/1726 680/1593/1726 752/1492/1726
f 750/181/1727 653/1500/1727 749/1491/1727
f 752/1492/1728 680/1593/1728 759/1493/1728
f 3122/1661/1729 3121/1662/1730 3063/1663/1730 2996/1664/1731 3013/1665/1732 3162/1666/1733
f 680/1593/1734 751/1637/1734 759/1493/1734
f 733/1647/1735 760/1656/1735 752/1492/1735
f 755/1013/1736 723/1012/1736 754/1667/1736
f 640/1490/1737 750/181/1737 749/1491/1737
f 5/68/1738 4791/25/1738 20/27/1739 14/65/1739
f 759/1493/1740 757/1237/1740 758/1236/1740
f 874/8/1741 873/179/1741 641/1513/1741
f 756/1239/1742 740/1238/1742 639/1411/1742
f 713/1485/1743 760/1656/1743 688/1638/1743
f 761/1630/1744 753/1522/1744 729/1631/1744
f 4750/1668/1745 4747/1669/1746 4748/727/1747 4589/730/1747
f 48/160/1748 47/151/1749 28/99/1749 27/101/1750
f 3809/1670/1751 4714/1671/1751 3816/1672/1752 2/1658/1753 1702/1657/1754 1623/294/1754
f 81/199/1755 98/235/1756 59/195/1757 64/194/1758 93/197/1758
f 795/1673/1759 1026/1674/1759 771/1675/1759
f 957/1676/1760 793/1677/1761 780/1678/1762 764/1679/1763
f 765/168/1764 766/1680/1764 800/169/1764
f 1655/1681/1765 1652/1682/1766 1684/1683/1767 1670/1684/1768
f 768/1685/1769 787/852/1769 767/851/1769
f 776/1686/1770 769/1687/1770 781/167/1770
f 952/1688/1771 896/1689/1771 766/1680/1771
f 770/1690/1772 783/1691/1772 784/746/1772
f 512/1251/1773 556/1130/1774 540/1085/1775 519/1084/1773
f 776/1686/1776 799/1692/1777 809/1693/1778 768/1685/1779 807/363/1779
f 1026/1674/1780 772/1694/1780 771/1675/1780
f 1021/1695/1781 772/1694/1781 1026/1674/1781
f 776/1686/1782 773/1696/1782 769/1687/1782
f 783/1691/1783 770/1690/1783 769/1687/1783
f 773/1696/1784 778/1697/1784 783/1691/1784
f 777/1698/1785 829/934/1785 774/1392/1785
f 3013/1665/1786 2996/1664/1786 2995/1699/1787 3012/1700/1787
f 785/1701/1788 778/1697/1788 774/1392/1788
f 4672/1702/1789 4750/1668/1790 4589/730/1791 4623/1703/1791
f 778/1697/1792 777/1698/1792 774/1392/1792
f 779/1704/1793 789/1705/1793 917/747/1793
f 817/1706/1794 811/936/1794 801/1707/1794
f 1034/545/1795 795/1673/1795 203/544/1795
f 780/1678/1796 790/1708/1796 765/168/1796
f 780/1678/1797 793/1677/1797 790/1708/1797
f 322/850/1798 340/839/1798 90/251/1799 328/896/1799
f 1419/1709/1800 1418/1710/1800 1345/1711/1801 1371/1712/1801
f 780/1678/1802 770/1690/1802 782/748/1802
f 808/166/1803 776/1686/1803 781/167/1803
f 778/1697/1804 785/1701/1804 783/1691/1804
f 782/748/1805 770/1690/1805 784/746/1805
f 769/1687/1806 770/1690/1806 781/167/1806
f 812/1713/1807 802/935/1807 763/364/1807
f 773/1696/1808 783/1691/1808 769/1687/1808
f 803/1714/1809 801/1707/1809 827/1417/1809
f 779/1704/1810 917/747/1810 784/746/1810
f 788/1373/1811 779/1704/1811 588/1374/1811
f 779/1704/1812 785/1701/1812 588/1374/1812
f 785/1701/1813 774/1392/1813 588/1374/1813
f 785/1701/1814 779/1704/1814 783/1691/1814
f 774/1392/1815 786/1391/1815 588/1374/1815
f 770/1690/1816 780/1678/1816 765/168/1816
f 764/1679/1817 780/1678/1817 782/748/1817
f 768/1685/1818 767/851/1818 807/363/1818
f 202/281/1819 787/852/1819 810/267/1819
f 789/1705/1820 779/1704/1820 788/1373/1820
f 790/1708/1821 766/1680/1821 765/168/1821
f 794/1715/1822 791/1716/1822 793/1677/1822
f 772/1694/1823 1021/1695/1823 616/1426/1823
f 1026/1674/1824 795/1673/1824 1034/545/1824
f 781/167/1825 770/1690/1825 765/168/1825
f 790/1708/1826 792/1717/1826 766/1680/1826
f 957/1676/1827 794/1715/1827 793/1677/1827
f 771/1675/1828 812/1713/1828 763/364/1828
f 798/1718/1829 797/1719/1829 796/268/1829
f 942/1720/1830 797/1719/1831 804/1721/1832 919/1722/1833 944/1723/1834 943/1724/1835
f 766/1680/1836 896/1689/1836 800/169/1836
f 772/1694/1837 812/1713/1837 771/1675/1837
f 798/1718/1838 809/1693/1838 799/1692/1838
f 799/1692/1839 808/166/1839 800/169/1839
f 793/1677/1840 791/1716/1840 790/1708/1840
f 811/936/1841 812/1713/1841 801/1707/1841
f 777/1698/1842 802/935/1842 829/934/1842
f 896/1689/1843 897/1725/1843 800/169/1843
f 803/1714/1844 817/1706/1844 801/1707/1844
f 797/1719/1845 907/1726/1845 796/268/1845
f 918/1727/1846 804/1721/1846 798/1718/1846
f 805/1728/1847 792/1717/1847 791/1716/1847
f 795/1673/1848 771/1675/1848 763/364/1848
f 805/1728/1849 791/1716/1849 794/1715/1849
f 772/1694/1850 616/1426/1850 827/1417/1850
f 952/1688/1851 933/1729/1851 896/1689/1851
f 806/361/1852 802/935/1852 777/1698/1852
f 2392/1730/1853 2393/1731/1854 2400/1525/1855 2417/1732/1856 2424/1733/1856
f 792/1717/1857 952/1688/1857 766/1680/1857
f 775/362/1858 776/1686/1858 807/363/1858
f 808/166/1859 799/1692/1859 776/1686/1859
f 791/1716/1860 792/1717/1860 790/1708/1860
f 783/1691/1861 779/1704/1861 784/746/1861
f 801/1707/1862 772/1694/1862 827/1417/1862
f 809/1693/1863 798/1718/1863 796/268/1863
f 801/1707/1864 812/1713/1864 772/1694/1864
f 918/1727/1865 798/1718/1865 799/1692/1865
f 897/1725/1866 918/1727/1866 800/169/1866
f 806/361/1867 777/1698/1867 778/1697/1867
f 918/1727/1868 799/1692/1868 800/169/1868
f 802/935/1869 806/361/1869 763/364/1869
f 810/267/1870 809/1693/1870 796/268/1870
f 802/935/1871 812/1713/1871 811/936/1871
f 3752/1734/1872 3625/1735/1873 3669/1736/1874 3751/1737/1874
f 821/1738/1875 839/1739/1875 4408/1740/1875
f 843/1741/1876 815/1742/1876 816/664/1876
f 837/1743/1877 834/1744/1877 817/1706/1877
f 824/1745/1878 836/1746/1878 813/665/1878
f 3956/1747/1879 3825/1748/1880 3903/1749/1880 3958/1750/1881 3913/1751/1882 529/1183/1882 489/556/1883 3943/1752/1884
f 832/204/1885 838/203/1885 837/1743/1885
f 4183/1753/1886 825/1754/1886 815/1742/1886
f 826/1755/1887 843/1741/1887 816/664/1887
f 817/1706/1888 822/1151/1888 811/936/1888
f 713/1485/1889 707/1453/1890 752/1492/1891 760/1656/1891
f 4674/1756/1892 4673/1757/1893 4494/1758/1894 4612/726/1895 4547/923/1895
f 3787/1439/1896 3691/1759/1896 1535/1760/1897 3729/1440/1897
f 833/1761/1898 815/1742/1898 821/1738/1898
f 846/1149/1899 822/1151/1899 834/1744/1899
f 825/1754/1900 836/1746/1900 824/1745/1900
f 3907/1762/1901 4216/1763/1902 3851/1764/1903 3954/1765/1904
f 816/664/1905 824/1745/1905 813/665/1905
f 836/1746/1906 825/1754/1906 831/1383/1906
f 830/663/1907 845/1150/1907 826/1755/1907
f 1894/1766/1908 1878/1767/1908 1896/1768/1909 1895/1769/1910
f 814/205/1911 4352/1770/1911 828/206/1911
f 4467/1771/1912 821/1738/1912 4408/1740/1912
f 815/1742/1913 824/1745/1913 816/664/1913
f 590/1382/1914 836/1746/1914 831/1383/1914
f 832/204/1915 837/1743/1915 835/1452/1915
f 830/663/1916 826/1755/1916 816/664/1916
f 845/1150/1917 830/663/1917 818/1772/1917
f 1892/1773/1918 1884/1774/1919 1882/1775/1920
f 833/1761/1921 842/1776/1921 4183/1753/1921
f 833/1761/1922 4183/1753/1922 815/1742/1922
f 1228/1777/1923 1256/1325/1923 1268/1778/1924 1337/1779/1924
f 834/1744/1925 822/1151/1925 817/1706/1925
f 813/665/1926 836/1746/1926 590/1382/1926
f 819/1780/1927 820/1781/1927 596/1394/1927
f 164/146/1928 181/1782/1929 172/456/1929 162/147/1928
f 821/1738/1930 847/1783/1930 839/1739/1930
f 828/206/1931 4352/1770/1931 839/1739/1931
f 822/1151/1932 823/933/1932 811/936/1932
f 823/933/1933 819/1780/1933 829/934/1933
f 829/934/1934 609/1390/1934 774/1392/1934
f 814/205/1935 832/204/1935 840/1428/1935
f 825/1754/1936 824/1745/1936 815/1742/1936
f 840/1428/1937 832/204/1937 841/1429/1937
f 844/1784/1938 846/1149/1938 834/1744/1938
f 845/1150/1939 846/1149/1939 843/1741/1939
f 2752/1785/1940 2756/1786/1940 2755/43/1941 2757/42/1941
f 826/1755/1942 845/1150/1942 843/1741/1942
f 847/1783/1943 828/206/1943 839/1739/1943
f 864/1787/1944 851/1788/1944 863/1789/1944
f 883/1790/1945 848/1791/1945 865/1792/1945
f 862/1793/1946 993/1794/1946 1004/1795/1946
f 854/1796/1947 855/1797/1947 857/1798/1947
f 848/1791/1948 849/1799/1948 863/1789/1948
f 854/1796/1949 850/1800/1949 864/1787/1949
f 851/1788/1950 848/1791/1950 863/1789/1950
f 858/1801/1951 848/1791/1951 851/1788/1951
f 1001/1175/1952 852/1174/1952 853/1802/1952
f 850/1800/1953 853/1802/1953 864/1787/1953
f 2414/1803/1954 2402/1804/1955 2403/1805/1956 2509/1806/1956
f 855/1797/1957 878/1807/1957 857/1798/1957
f 856/1808/1958 862/1793/1958 1004/1795/1958
f 868/1809/1959 850/1800/1959 857/1798/1959
f 862/1793/1960 858/1801/1960 993/1794/1960
f 859/1810/1961 1005/1811/1961 868/1809/1961
f 860/1812/1962 867/1813/1962 1005/1811/1962
f 850/1800/1963 854/1796/1963 857/1798/1963
f 852/1174/1964 995/1173/1964 858/1801/1964
f 866/1814/1965 870/1815/1965 865/1792/1965
f 853/1802/1966 852/1174/1966 851/1788/1966
f 861/1816/1967 1001/1175/1967 853/1802/1967
f 858/1801/1968 995/1173/1968 993/1794/1968
f 861/1816/1969 853/1802/1969 850/1800/1969
f 878/1807/1970 859/1810/1970 857/1798/1970
f 848/1791/1971 862/1793/1971 865/1792/1971
f 858/1801/1972 862/1793/1972 848/1791/1972
f 854/1796/1973 864/1787/1973 863/1789/1973
f 856/1808/1974 866/1814/1974 865/1792/1974
f 867/1813/1975 861/1816/1975 850/1800/1975
f 862/1793/1976 856/1808/1976 865/1792/1976
f 864/1787/1977 853/1802/1977 851/1788/1977
f 883/1790/1978 849/1799/1978 848/1791/1978
f 852/1174/1979 858/1801/1979 851/1788/1979
f 859/1810/1980 868/1809/1980 857/1798/1980
f 866/1814/1981 856/1808/1981 1004/1795/1981
f 1005/1811/1982 867/1813/1982 868/1809/1982
f 870/1815/1983 883/1790/1983 865/1792/1983
f 868/1809/1984 867/1813/1984 850/1800/1984
f 875/1817/1985 877/1818/1985 873/179/1985
f 869/1819/1986 881/1820/1986 875/1817/1986
f 888/1153/1987 882/1821/1987 884/1822/1987
f 1002/1823/1988 884/1822/1988 870/1815/1988
f 886/1824/1989 871/1825/1989 869/1819/1989
f 882/1821/1990 885/1504/1990 876/1517/1990
f 884/1822/1991 882/1821/1991 849/1799/1991
f 1150/1826/1992 1164/1827/1993 1154/1828/1994 1133/1829/1995 415/1050/1995
f 4693/1830/1996 4780/1831/1997 4822/1832/1998 4537/1833/1998
f 874/8/1999 875/1817/1999 873/179/1999
f 886/1824/2000 869/1819/2000 875/1817/2000
f 877/1818/2001 882/1821/2001 876/1517/2001
f 4711/1834/2002 4541/1835/2003 4591/1836/2004 4661/1837/2005 4687/1838/2006 4698/1839/2007
f 887/1840/2008 859/1810/2008 878/1807/2008
f 881/1820/2009 869/1819/2009 878/1807/2009
f 879/1029/2010 880/1152/2010 405/943/2010
f 1105/1841/2011 1089/1842/2012 1083/1843/2013 1092/1844/2014
f 870/1815/2015 884/1822/2015 883/1790/2015
f 1002/1823/2016 967/1845/2016 884/1822/2016
f 882/1821/2017 888/1153/2017 885/1504/2017
f 881/1820/2018 878/1807/2018 855/1797/2018
f 886/1824/2019 875/1817/2019 874/8/2019
f 871/1825/2020 887/1840/2020 869/1819/2020
f 884/1822/2021 849/1799/2021 883/1790/2021
f 967/1845/2022 888/1153/2022 884/1822/2022
f 873/179/2023 877/1818/2023 876/1517/2023
f 880/1152/2024 872/1155/2024 405/943/2024
f 888/1153/2025 880/1152/2025 885/1504/2025
f 869/1819/2026 887/1840/2026 878/1807/2026
f 1617/1846/2027 1546/1847/2028 1214/1848/2029 1222/1849/2027
f 903/1850/2030 957/1676/2030 764/1679/2030
f 942/1720/2031 898/1851/2031 797/1719/2031
f 890/1852/2032 901/1853/2032 889/1854/2032
f 2876/1855/2033 2636/1856/2034 2865/1857/2035 2635/1858/2036 2665/1859/2037 2663/1860/2037
f 4467/1771/2038 842/1776/2038 833/1761/2039 821/1738/2039
f 901/1853/2040 945/1861/2040 889/1854/2040
f 892/1862/2041 895/1863/2041 889/1854/2041
f 932/1864/2042 919/1722/2042 892/1862/2042
f 899/1865/2043 929/1866/2043 924/1867/2043
f 948/1868/2044 949/1869/2044 901/1853/2044
f 927/1870/2045 909/1871/2045 937/1872/2045
f 805/1728/2046 953/1873/2046 792/1717/2046
f 916/1874/2047 891/1875/2047 1053/1396/2047
f 893/1876/2048 906/369/2048 144/278/2048
f 903/1850/2049 953/1873/2049 794/1715/2049
f 946/1877/2050 944/1723/2050 894/1878/2050
f 898/1851/2051 907/1726/2051 797/1719/2051
f 933/1729/2052 895/1863/2052 897/1725/2052
f 890/1852/2053 953/1873/2053 901/1853/2053
f 936/1879/2054 895/1863/2054 892/1862/2054
f 933/1729/2055 897/1725/2055 896/1689/2055
f 905/1880/2056 898/1851/2056 935/1881/2056
f 953/1873/2057 805/1728/2057 794/1715/2057
f 927/1870/2058 928/1882/2058 948/1868/2058
f 911/1883/2059 948/1868/2059 917/747/2059
f 908/1884/2060 898/1851/2060 905/1880/2060
f 901/1853/2061 953/1873/2061 903/1850/2061
f 2633/1885/2062 2598/1886/2063 2596/1887/2063 2608/1888/2062
f 948/1868/2064 901/1853/2064 903/1850/2064
f 958/1889/2065 946/1877/2065 894/1878/2065
f 893/1876/2066 904/1890/2066 906/369/2066
f 910/1891/2067 908/1884/2067 905/1880/2067
f 906/369/2068 904/1890/2068 149/358/2068
f 898/1851/2069 908/1884/2069 907/1726/2069
f 919/1722/2070 936/1879/2070 892/1862/2070
f 958/1889/2071 894/1878/2071 909/1871/2071
f 934/1892/2072 925/1893/2072 924/1867/2072
f 910/1891/2073 913/990/2073 908/1884/2073
f 931/1894/2074 911/1883/2074 789/1705/2074
f 891/1875/2075 912/1895/2075 914/1397/2075
f 589/1372/2076 923/1896/2076 788/1373/2076
f 789/1705/2077 911/1883/2077 917/747/2077
f 913/990/2078 941/1897/2078 908/1884/2078
f 941/1897/2079 913/990/2079 921/993/2079
f 912/1895/2080 958/1889/2080 914/1397/2080
f 891/1875/2081 914/1397/2081 1053/1396/2081
f 1051/1315/2082 915/1898/2082 940/1899/2082
f 4206/1900/2083 4201/1901/2084 4200/1902/2085 4199/1903/2086 4764/1904/2086 4763/1162/2087 4194/1165/2088 4203/1905/2089 4209/1906/2090 4208/1907/2091 4386/1908/2092 4394/1909/2092
f 948/1868/2093 764/1679/2093 917/747/2093
f 911/1883/2094 931/1894/2094 948/1868/2094
f 798/1718/2095 804/1721/2095 797/1719/2095
f 3968/1910/2096 3974/1911/2097 3965/1912/2097 3971/1913/2096
f 958/1889/2098 912/1895/2098 924/1867/2098
f 918/1727/2099 936/1879/2099 804/1721/2099
f 951/1914/2100 1036/1314/2100 149/358/2100
f 941/1897/2101 921/993/2101 939/1915/2101
f 288/811/2102 274/742/2103 530/741/2103 265/1280/2104 293/1916/2105 290/732/2105
f 1036/1314/2106 920/356/2106 149/358/2106
f 2490/1917/2107 3352/1918/2107 2478/1919/2108 1657/1197/2108
f 922/1920/2109 915/1898/2109 904/1890/2109
f 4609/1921/2110 4615/1922/2111 3806/1923/2112 4750/1668/2113
f 4322/1924/2114 4337/1925/2115 4347/1926/2116 4336/1927/2117
f 928/1882/2118 927/1870/2118 937/1872/2118
f 925/1893/2119 934/1892/2119 929/1866/2119
f 922/1920/2120 930/1928/2120 915/1898/2120
f 927/1870/2121 931/1894/2121 789/1705/2121
f 932/1864/2122 944/1723/2122 919/1722/2122
f 904/1890/2123 951/1914/2123 149/358/2123
f 890/1852/2124 933/1729/2124 952/1688/2124
f 950/1929/2125 925/1893/2125 929/1866/2125
f 936/1879/2126 918/1727/2126 897/1725/2126
f 950/1929/2127 910/1891/2127 954/1930/2127
f 931/1894/2128 927/1870/2128 948/1868/2128
f 955/1931/2129 947/1932/2129 938/1933/2129
f 907/1726/2130 938/1933/2130 796/268/2130
f 929/1866/2131 934/1892/2131 924/1867/2131
f 890/1852/2132 889/1854/2132 933/1729/2132
f 932/1864/2133 892/1862/2133 945/1861/2133
f 894/1878/2134 932/1864/2134 945/1861/2134
f 1905/1934/2135 1902/1935/2136 1907/1936/2137 3099/1937/2138 3875/1938/2138
f 936/1879/2139 919/1722/2139 804/1721/2139
f 925/1893/2140 943/1724/2140 944/1723/2140
f 908/1884/2141 941/1897/2141 907/1726/2141
f 895/1863/2142 936/1879/2142 897/1725/2142
f 941/1897/2143 938/1933/2143 907/1726/2143
f 909/1871/2144 894/1878/2144 937/1872/2144
f 1783/1043/2145 1764/1042/2146 1779/1345/2147 1775/1939/2148 1754/1940/2149 1765/1941/2150 4807/1942/2150
f 930/1928/2151 956/1943/2151 939/1915/2151
f 940/1899/2152 930/1928/2152 902/992/2152
f 956/1943/2153 930/1928/2153 922/1920/2153
f 938/1933/2154 941/1897/2154 939/1915/2154
f 938/1933/2155 947/1932/2155 104/272/2155
f 949/1869/2156 945/1861/2156 901/1853/2156
f 943/1724/2157 925/1893/2157 935/1881/2157
f 894/1878/2158 944/1723/2158 932/1864/2158
f 945/1861/2159 892/1862/2159 889/1854/2159
f 915/1898/2160 951/1914/2160 904/1890/2160
f 949/1869/2161 894/1878/2161 945/1861/2161
f 947/1932/2162 956/1943/2162 893/1876/2162
f 915/1898/2163 930/1928/2163 940/1899/2163
f 946/1877/2164 925/1893/2164 944/1723/2164
f 937/1872/2165 894/1878/2165 949/1869/2165
f 893/1876/2166 144/278/2166 105/274/2166
f 947/1932/2167 893/1876/2167 105/274/2167
f 928/1882/2168 949/1869/2168 948/1868/2168
f 925/1893/2169 950/1929/2169 954/1930/2169
f 1051/1315/2170 951/1914/2170 915/1898/2170
f 947/1932/2171 105/274/2171 104/272/2171
f 792/1717/2172 953/1873/2172 952/1688/2172
f 928/1882/2173 937/1872/2173 949/1869/2173
f 948/1868/2174 903/1850/2174 764/1679/2174
f 955/1931/2175 938/1933/2175 939/1915/2175
f 912/1895/2176 891/1875/2176 924/1867/2176
f 935/1881/2177 925/1893/2177 954/1930/2177
f 1036/1314/2178 951/1914/2178 1051/1315/2178
f 955/1931/2179 956/1943/2179 947/1932/2179
f 2887/1944/2180 2363/1945/2180 2214/1946/2181 2371/1947/2181
f 953/1873/2182 890/1852/2182 952/1688/2182
f 956/1943/2183 955/1931/2183 939/1915/2183
f 903/1850/2184 794/1715/2184 957/1676/2184
f 889/1854/2185 895/1863/2185 933/1729/2185
f 959/1948/2186 985/1949/2186 971/1950/2186
f 994/1951/2187 964/1952/2187 967/1845/2187
f 994/1951/2188 960/1953/2188 964/1952/2188
f 969/1954/2189 963/1955/2189 980/1956/2189
f 960/1953/2190 966/1957/2190 964/1952/2190
f 961/1958/2191 963/1955/2191 960/1953/2191
f 994/1951/2192 967/1845/2192 1002/1823/2192
f 962/1959/2193 965/1960/2193 966/1957/2193
f 2382/1961/2194 2246/1962/2194 2150/1963/2195 2271/1964/2195
f 4394/1909/2196 4759/1965/2197 4764/1904/2197 4206/1900/2198
f 962/1959/2199 966/1957/2199 969/1954/2199
f 963/1955/2200 966/1957/2200 960/1953/2200
f 966/1957/2201 965/1960/2201 964/1952/2201
f 973/1966/2202 969/1954/2202 980/1956/2202
f 1355/1967/2203 1403/768/2204 1354/1968/2205 1392/1969/2205
f 964/1952/2206 965/1960/2206 987/1154/2206
f 1465/1970/2207 1446/1971/2207 1416/1605/2208 1428/1972/2209 1352/1973/2210 1789/1974/2210
f 969/1954/2211 966/1957/2211 963/1955/2211
f 960/1953/2212 994/1951/2212 959/1948/2212
f 974/1975/2213 965/1960/2213 962/1959/2213
f 959/1948/2214 968/1976/2214 985/1949/2214
f 961/1958/2215 960/1953/2215 959/1948/2215
f 1016/1977/2216 972/1978/2216 978/1979/2216
f 1015/1980/2217 983/1981/2217 970/1982/2217
f 983/1981/2218 984/1983/2218 974/1975/2218
f 978/1979/2219 988/1984/2219 981/1985/2219
f 2733/1986/2220 2738/1987/2221 2729/1988/2221 2628/1989/2220
f 985/1949/2222 978/1979/2222 971/1950/2222
f 965/1960/2223 984/1983/2223 872/1155/2223
f 972/1978/2224 979/1990/2224 978/1979/2224
f 983/1981/2225 974/1975/2225 973/1966/2225
f 1011/1991/2226 975/1992/2226 871/1825/2226
f 1015/1980/2227 984/1983/2227 983/1981/2227
f 3170/1993/2228 3187/1994/2229 3145/1995/2230 3204/1996/2228
f 977/1997/2231 1010/315/2231 986/318/2231
f 977/1997/2232 986/318/2232 985/1949/2232
f 974/1975/2233 984/1983/2233 965/1960/2233
f 979/1990/2234 988/1984/2234 978/1979/2234
f 986/318/2235 976/317/2235 989/1998/2235
f 1883/1999/2236 1882/1775/2236 1884/1774/2237 1878/1767/2237
f 981/1985/2238 982/2000/2238 980/1956/2238
f 975/1992/2239 1011/1991/2239 989/1998/2239
f 3811/2001/2240 3817/2002/2240 3806/1923/2241 4498/2003/2242
f 872/1155/2243 984/1983/2243 1018/941/2243
f 988/1984/2244 979/1990/2244 970/1982/2244
f 986/318/2245 978/1979/2245 985/1949/2245
f 987/1154/2246 965/1960/2246 872/1155/2246
f 978/1979/2247 981/1985/2247 971/1950/2247
f 988/1984/2248 982/2000/2248 981/1985/2248
f 1008/2004/2249 990/2005/2249 1004/1795/2249
f 1804/2006/2250 1831/2007/2250 1794/2008/2251 1828/2009/2252 1851/2010/2252
f 991/2011/2253 1007/2012/2253 990/2005/2253
f 997/2013/2254 975/1992/2254 989/1998/2254
f 1570/2014/2255 1596/2015/2256 1802/2016/2256 1597/2017/2257 1549/2018/2258
f 1007/2012/2259 992/2019/2259 990/2005/2259
f 1009/2020/2260 1007/2012/2260 1002/1823/2260
f 1008/2004/2261 991/2011/2261 990/2005/2261
f 990/2005/2262 992/2019/2262 866/1814/2262
f 995/1173/2263 999/2021/2263 993/1794/2263
f 997/2013/2264 860/1812/2264 1005/1811/2264
f 994/1951/2265 991/2011/2265 959/1948/2265
f 1007/2012/2266 1003/2022/2266 1002/1823/2266
f 1003/2022/2267 1007/2012/2267 994/1951/2267
f 996/1172/2268 1000/2023/2268 995/1173/2268
f 975/1992/2269 997/2013/2269 1005/1811/2269
f 996/1172/2270 998/316/2270 1010/315/2270
f 998/316/2271 996/1172/2271 861/1816/2271
f 1000/2023/2272 999/2021/2272 995/1173/2272
f 1000/2023/2273 977/1997/2273 968/1976/2273
f 866/1814/2274 992/2019/2274 870/1815/2274
f 976/317/2275 997/2013/2275 989/1998/2275
f 1007/2012/2276 991/2011/2276 994/1951/2276
f 977/1997/2277 1000/2023/2277 1010/315/2277
f 1000/2023/2278 996/1172/2278 1010/315/2278
f 991/2011/2279 968/1976/2279 959/1948/2279
f 860/1812/2280 997/2013/2280 867/1813/2280
f 1003/2022/2281 994/1951/2281 1002/1823/2281
f 859/1810/2282 887/1840/2282 1005/1811/2282
f 990/2005/2283 866/1814/2283 1004/1795/2283
f 991/2011/2284 1006/2024/2284 968/1976/2284
f 3586/752/2285 3592/751/2286 3534/2025/2287 3532/2026/2288
f 1006/2024/2289 1000/2023/2289 968/1976/2289
f 861/1816/2290 996/1172/2290 1001/1175/2290
f 1009/2020/2291 992/2019/2291 1007/2012/2291
f 1006/2024/2292 991/2011/2292 1008/2004/2292
f 992/2019/2293 1009/2020/2293 870/1815/2293
f 1000/2023/2294 1006/2024/2294 999/2021/2294
f 1009/2020/2295 1002/1823/2295 870/1815/2295
f 968/1976/2296 977/1997/2296 985/1949/2296
f 993/1794/2297 1008/2004/2297 1004/1795/2297
f 998/316/2298 861/1816/2298 867/1813/2298
f 1012/2027/2299 1011/1991/2299 871/1825/2299
f 809/1693/2300 810/267/2300 787/852/2301 768/1685/2301
f 989/1998/2302 1011/1991/2302 1016/1977/2302
f 1012/2027/2303 871/1825/2303 886/1824/2303
f 1013/2028/2304 1012/2027/2304 886/1824/2304
f 1013/2028/2305 874/8/2305 714/7/2305
f 979/1990/2306 1014/2029/2306 970/1982/2306
f 1077/252/2307 1098/2030/2308 1142/2031/2309 1146/253/2310
f 1013/2028/2311 714/7/2311 1020/978/2311
f 1014/2029/2312 1015/1980/2312 970/1982/2312
f 1017/2032/2313 1013/2028/2313 1020/978/2313
f 1012/2027/2314 1013/2028/2314 1016/1977/2314
f 1011/1991/2315 1012/2027/2315 1016/1977/2315
f 1014/2029/2316 1020/978/2316 360/977/2316
f 1014/2029/2317 1019/2033/2317 1015/1980/2317
f 872/1155/2318 1018/941/2318 405/943/2318
f 1019/2033/2319 360/977/2319 1018/941/2319
f 1014/2029/2320 1017/2032/2320 1020/978/2320
f 1013/2028/2321 886/1824/2321 874/8/2321
f 1019/2033/2322 1014/2029/2322 360/977/2322
f 186/533/2323 180/521/2324 167/457/2325 168/534/2326
f 1021/1695/2327 1032/2034/2327 616/1426/2327
f 1054/2035/2328 1021/1695/2328 1026/1674/2328
f 616/1426/2329 1032/2034/2329 611/1399/2329
f 1054/2035/2330 1053/1396/2330 1022/1398/2330
f 1057/2036/2331 1023/2037/2331 1027/2038/2331
f 899/1865/2332 900/2039/2332 1026/1674/2332
f 1049/800/2333 1029/799/2333 1257/2040/2333
f 916/1874/2334 1054/2035/2335 1026/1674/2336 900/2039/2337 891/1875/2338
f 1033/2041/2339 1028/2042/2339 1257/2040/2339
f 1025/798/2340 1057/2036/2340 1027/2038/2340
f 899/1865/2341 1026/1674/2341 1034/545/2341
f 2522/2043/2342 2497/2044/2343 1756/2045/2344 2495/1040/2345
f 1265/2046/2346 1025/798/2346 1027/2038/2346
f 1028/2042/2347 1049/800/2347 1257/2040/2347
f 1025/798/2348 1265/2046/2348 1029/799/2348
f 1030/2047/2349 1023/2037/2349 74/219/2349
f 1032/2034/2350 1031/2048/2350 1041/487/2350
f 1033/2041/2351 1257/2040/2351 1056/360/2351
f 2947/2049/2352 2900/2050/2352 2944/2051/2353 2935/2052/2354
f 1023/2037/2355 1034/545/2355 74/219/2355
f 1042/488/2356 1031/2048/2356 602/484/2356
f 1031/2048/2357 1054/2035/2357 1022/1398/2357
f 1050/2053/2358 1035/2054/2358 1049/800/2358
f 879/1029/2359 409/958/2359 384/1006/2360 372/1005/2360
f 1037/2055/2361 1043/2056/2361 1028/2042/2361
f 2092/2057/2362 2131/1119/2363 2028/1118/2364 1996/2058/2365
f 1037/2055/2366 1028/2042/2366 1033/2041/2366
f 899/1865/2367 1055/2059/2367 929/1866/2367
f 1037/2055/2368 1038/2060/2368 1045/991/2368
f 1039/2061/2369 1052/1312/2369 1051/1315/2369
f 1046/1574/2370 1038/2060/2370 1040/1575/2370
f 1038/2060/2371 1037/2055/2371 1033/2041/2371
f 1031/2048/2372 1042/488/2372 1041/487/2372
f 1052/1312/2373 1046/1574/2373 134/1313/2373
f 1039/2061/2374 1046/1574/2374 1052/1312/2374
f 920/356/2375 1036/1314/2375 1044/357/2375
f 1037/2055/2376 1045/991/2376 913/990/2376
f 1048/2062/2377 1046/1574/2377 1039/2061/2377
f 1047/2063/2378 1048/2062/2378 1039/2061/2378
f 1047/2063/2379 1039/2061/2379 1051/1315/2379
f 1040/1575/2380 1033/2041/2380 1056/360/2380
f 1038/2060/2381 1048/2062/2381 1045/991/2381
f 1028/2042/2382 1050/2053/2382 1049/800/2382
f 1038/2060/2383 1033/2041/2383 1040/1575/2383
f 1096/2064/2384 1164/1827/2384 1101/2065/2385 1088/2066/2385
f 1045/991/2386 1048/2062/2386 902/992/2386
f 1048/2062/2387 940/1899/2387 902/992/2387
f 1048/2062/2388 1047/2063/2388 940/1899/2388
f 1047/2063/2389 1051/1315/2389 940/1899/2389
f 1054/2035/2390 916/1874/2390 1053/1396/2390
f 1046/1574/2391 1048/2062/2391 1038/2060/2391
f 604/1403/2392 1032/2034/2392 1041/487/2392
f 1023/2037/2393 1030/2047/2393 1027/2038/2393
f 1257/2040/2394 140/359/2394 1056/360/2394
f 1023/2037/2395 1057/2036/2395 1034/545/2395
f 85/202/2396 97/260/2396 80/175/2396
f 1173/2067/2397 1079/2068/2397 1122/2069/2397
f 1084/2070/2398 1083/1843/2398 1060/2071/2398
f 1102/2072/2399 1061/2073/2399 1136/2074/2399
f 1066/2075/2400 1086/2076/2400 1058/2077/2400
f 1080/1107/2401 1165/2078/2401 1075/1108/2401
f 1095/2079/2402 1062/2080/2402 1084/2070/2402
f 1063/2081/2403 1102/2072/2403 1136/2074/2403
f 1178/1434/2404 1179/1437/2404 1103/1461/2404
f 1078/2082/2405 737/1541/2405 719/1540/2405
f 1124/2083/2406 1069/2084/2406 1123/2085/2406
f 1065/2086/2407 1064/1538/2407 1171/1468/2407
f 1662/2087/2408 1673/2088/2408 1628/2089/2409 1658/2090/2409
f 1097/448/2410 1100/447/2410 1128/2091/2410
f 1082/1311/2411 1156/1310/2411 3362/2092/2411
f 1071/2093/2412 1112/2094/2412 1067/2095/2412
f 1099/2096/2413 1097/448/2413 1128/2091/2413
f 1131/2097/2414 1138/2098/2414 1086/2076/2414
f 1110/2099/2415 1143/2100/2415 1068/2101/2415
f 1073/2102/2416 1158/1105/2416 1075/1108/2416
f 1073/2102/2417 1099/2096/2417 1069/2084/2417
f 1070/2103/2418 1081/2104/2418 4641/2105/2418
f 1483/2106/2419 1482/2107/2420 1476/1289/2421 1477/2108/2422 1504/2109/2423 1490/2110/2423
f 1090/2111/2424 1071/2093/2424 1059/2112/2424
f 3361/2113/2425 1091/2114/2425 1082/1311/2425
f 2709/2115/2426 2722/2116/2427 487/1228/2428 2717/2117/2429
f 3780/671/2430 3754/2118/2431 3617/2119/2432 3758/2120/2432
f 1121/2121/2433 1088/2066/2433 1120/2122/2433
f 3748/2123/2434 3634/2124/2434 1850/325/2435 3739/324/2435
f 1154/1828/2436 1074/2125/2436 1091/2114/2436
f 1091/2114/2437 1159/1308/2437 1082/1311/2437
f 1180/2126/2438 1065/2086/2438 1171/1468/2438
f 4344/2127/2439 4332/2128/2440 4320/2129/2440 4327/2130/2439
f 1165/2078/2441 1142/2031/2441 1075/1108/2441
f 1162/2131/2442 1104/2132/2442 1066/2075/2442
f 3361/2113/2443 1076/1035/2443 1091/2114/2443
f 452/1167/2444 505/1121/2445 463/1115/2446 563/1063/2447
f 587/1320/2448 578/1328/2448 585/1350/2449 579/1352/2449
f 1078/2082/2450 1151/2133/2450 1072/1660/2450
f 1067/2095/2451 1079/2068/2451 1068/2101/2451
f 1170/2134/2452 1084/2070/2452 1060/2071/2452
f 1080/1107/2453 1172/1106/2453 1165/2078/2453
f 1022/1398/2454 914/1397/2454 923/1896/2455 589/1372/2455
f 3359/2135/2456 3354/2136/2456 1059/2112/2456
f 1159/1308/2457 1091/2114/2457 1176/2137/2457
f 1081/2104/2458 1070/2103/2458 1083/1843/2458
f 1065/2086/2459 1181/802/2459 1064/1538/2459
f 3361/2113/2460 1082/1311/2460 3362/2092/2460
f 1094/2138/2461 1137/2139/2461 1061/2073/2461
f 1084/2070/2462 1081/2104/2462 1083/1843/2462
f 1156/1310/2463 1090/2111/2463 1059/2112/2463
f 1172/1106/2464 1167/2140/2464 1165/2078/2464
f 1086/2076/2465 1085/2141/2465 1058/2077/2465
f 1146/253/2466 1115/1577/2466 1107/254/2466
f 1087/2142/2467 1104/2132/2467 1103/1461/2467
f 1750/1627/2468 1784/2143/2468 1748/2144/2469 2387/2145/2469
f 1083/1843/2470 1089/1842/2470 1060/2071/2470
f 1070/2103/2471 1092/1844/2471 1083/1843/2471
f 286/2146/2472 4820/14/2472 17/13/2473 237/2147/2474
f 1138/2098/2475 1090/2111/2475 1086/2076/2475
f 1104/2132/2476 1162/2131/2476 1178/1434/2476
f 1090/2111/2477 1140/2148/2477 1071/2093/2477
f 2586/2149/2478 2576/2150/2478 2574/2151/2479 2559/1194/2480
f 1140/2148/2481 1090/2111/2481 1138/2098/2481
f 1074/2125/2482 1120/2122/2482 1176/2137/2482
f 1076/1035/2483 1154/1828/2483 1091/2114/2483
f 1164/1827/2484 1150/1826/2484 1139/1435/2485 1162/2131/2485 1093/2152/2486
f 843/1741/2487 847/1783/2488 821/1738/2488 815/1742/2487
f 4716/2153/2489 1111/445/2489 1098/2030/2489
f 1154/1828/2490 1096/2064/2490 1074/2125/2490
f 1100/447/2491 1127/2154/2491 1128/2091/2491
f 1101/2065/2492 1093/2152/2492 1088/2066/2492
f 1099/2096/2493 1128/2091/2493 1102/2072/2493
f 1110/2099/2494 1118/2155/2494 1143/2100/2494
f 4715/2156/2495 719/1540/2495 1157/481/2495
f 1076/1035/2496 1163/1034/2496 1154/1828/2496
f 1104/2132/2497 1178/1434/2497 1103/1461/2497
f 1121/2121/2498 1096/2064/2498 1088/2066/2498
f 1089/1842/2499 1105/1841/2499 1147/2157/2499
f 4570/480/2500 4655/2158/2500 4715/2156/2500
f 1071/2093/2501 1067/2095/2501 1059/2112/2501
f 1149/2159/2502 1106/2160/2502 1108/2161/2502
f 1079/2068/2503 1173/2067/2503 1068/2101/2503
f 1149/2159/2504 1108/2161/2504 1145/255/2504
f 4715/2156/2505 1109/2162/2505 719/1540/2505
f 1118/2155/2506 1110/2099/2506 1173/2067/2506
f 1175/446/2507 1111/445/2507 4716/2153/2507
f 813/665/2508 601/1387/2509 598/1395/2509 597/1386/2508
f 1439/2163/2510 1438/2164/2511 1448/2165/2511 1449/2166/2510
f 3536/2167/2512 3528/2168/2513 3318/2169/2514 4013/2170/2515 4012/2171/2515
f 4098/2172/2516 3070/2173/2517 3079/2174/2517 4014/2175/2518
f 650/1609/2519 687/1584/2519 649/1436/2520 711/6/2520
f 1078/2082/2521 1072/1660/2521 737/1541/2521
f 4260/2176/2522 4259/2177/2523 4250/2178/2523 4212/2179/2522
f 1118/2155/2524 1117/2180/2524 1116/2181/2524
f 1118/2155/2525 1070/2103/2525 1143/2100/2525
f 1174/2182/2526 1089/1842/2526 1147/2157/2526
f 1087/2142/2527 1103/1461/2527 629/1463/2527
f 1151/2133/2528 1144/2183/2528 1072/1660/2528
f 3237/672/2529 3236/2184/2530 3227/2185/2530 3235/2186/2529
f 1134/2187/2531 1119/2188/2531 1112/2094/2531
f 1120/2122/2532 1088/2066/2532 1130/2189/2532
f 1074/2125/2533 1121/2121/2533 1120/2122/2533
f 1174/2182/2534 1166/2190/2534 1170/2134/2534
f 1109/2162/2535 1151/2133/2535 1078/2082/2535
f 1117/2180/2536 1118/2155/2536 1122/2069/2536
f 1118/2155/2537 1092/1844/2537 1070/2103/2537
f 1112/2094/2538 1117/2180/2538 1122/2069/2538
f 1071/2093/2539 1134/2187/2539 1112/2094/2539
f 2387/2145/2540 1748/2144/2541 1356/2191/2541 1433/2192/2540
f 1177/1585/2542 1126/1560/2542 1125/1482/2542
f 1098/2030/2543 1111/445/2543 1097/448/2543
f 1070/2103/2544 1697/2193/2544 1143/2100/2544
f 747/861/2545 324/843/2546 321/842/2547 345/1433/2548 331/1401/2549
f 1697/2193/2550 1070/2103/2550 4641/2105/2550
f 1128/2091/2551 1127/2154/2551 1102/2072/2551
f 1129/1576/2552 1141/1578/2552 739/1634/2552
f 1173/2067/2553 1110/2099/2553 1068/2101/2553
f 1176/2137/2554 1120/2122/2554 1130/2189/2554
f 1077/252/2555 4716/2153/2555 1098/2030/2555
f 2263/2194/2556 2241/2195/2557 2234/2196/2558 2170/2197/2559
f 1522/2198/2560 1528/2199/2560 1527/2200/2561 1521/2201/2561
f 1094/2138/2562 1166/2190/2562 1136/2074/2562
f 1135/2202/2563 1174/2182/2563 1134/2187/2563
f 1130/2189/2564 1066/2075/2564 1058/2077/2564
f 1137/2139/2565 1094/2138/2565 1136/2074/2565
f 1061/2073/2566 1137/2139/2566 1136/2074/2566
f 1169/2203/2567 1140/2148/2567 1138/2098/2567
f 1140/2148/2568 1135/2202/2568 1071/2093/2568
f 1153/2204/2569 1141/1578/2569 1165/2078/2569
f 1697/2193/2570 1161/2205/2570 1143/2100/2570
f 3219/552/2571 3218/551/2572 3141/1185/2573 3177/2206/2573
f 1149/2159/2574 1145/255/2574 1144/2183/2574
f 4625/2207/2575 4743/2208/2575 4602/2209/2576 4516/725/2577
f 2168/2210/2578 2359/2211/2578 2358/2212/2579 2264/2213/2579
f 1085/2141/2580 1090/2111/2580 1156/1310/2580
f 1147/2157/2581 1105/1841/2581 1119/2188/2581
f 1275/2214/2582 1254/2215/2583 1255/2216/2584 1249/2217/2584
f 1129/1576/2585 739/1634/2585 1072/1660/2586 1144/2183/2586
f 1156/1310/2587 1160/1309/2587 1058/2077/2587
f 1135/2202/2588 1166/2190/2588 1174/2182/2588
f 4272/982/2589 4249/2218/2589 4254/2219/2590 4270/2220/2591
f 1149/2159/2592 1109/2162/2592 1106/2160/2592
f 1119/2188/2593 1105/1841/2593 1116/2181/2593
f 1139/1435/2594 1150/1826/2594 649/1436/2594
f 1123/2085/2595 1069/2084/2595 1063/2081/2595
f 1151/2133/2596 1149/2159/2596 1144/2183/2596
f 1127/2154/2597 1100/447/2597 1062/2080/2597
f 1164/1827/2598 1096/2064/2598 1154/1828/2598
f 1085/2141/2599 1156/1310/2599 1058/2077/2599
f 4570/480/2600 4715/2156/2600 1157/481/2600
f 1135/2202/2601 1134/2187/2601 1071/2093/2601
f 1160/1309/2602 1159/1308/2602 1176/2137/2602
f 1074/2125/2603 1096/2064/2603 1121/2121/2603
f 2518/1205/2604 2499/2221/2605 2504/2222/2605 2519/1206/2604
f 3354/2136/2606 1156/1310/2606 1059/2112/2606
f 2263/2194/2607 2205/2223/2607 2242/2224/2608 2241/2195/2608
f 1109/2162/2609 1149/2159/2609 1151/2133/2609
f 1169/2203/2610 1138/2098/2610 1063/2081/2610
f 1180/2126/2611 1172/1106/2611 1158/1105/2611
f 1102/2072/2612 1127/2154/2612 1061/2073/2612
f 1154/1828/2613 1163/1034/2613 1133/1829/2613
f 1164/1827/2614 1093/2152/2614 1101/2065/2614
f 1156/1310/2615 3354/2136/2615 3362/2092/2615
f 1165/2078/2616 1167/2140/2616 1177/1585/2616
f 1155/803/2617 1087/2142/2617 629/1463/2617
f 1169/2203/2618 1063/2081/2618 1136/2074/2618
f 1115/1577/2619 1146/253/2619 1142/2031/2619
f 1104/2132/2620 1168/2225/2620 1131/2097/2620
f 1166/2190/2621 1169/2203/2621 1136/2074/2621
f 1166/2190/2622 1094/2138/2622 1170/2134/2622
f 416/1049/2623 1150/1826/2623 415/1050/2623
f 3680/2226/2624 1867/2227/2624 1865/2228/2625 3661/2229/2625
f 1172/1106/2626 1180/2126/2626 1171/1468/2626
f 1118/2155/2627 1173/2067/2627 1122/2069/2627
f 1162/2131/2628 1139/1435/2628 1178/1434/2628
f 1174/2182/2629 1170/2134/2629 1060/2071/2629
f 1170/2134/2630 1095/2079/2630 1084/2070/2630
f 1100/447/2631 1175/446/2631 1062/2080/2631
f 1062/2080/2632 1095/2079/2632 1061/2073/2632
f 1109/2162/2633 1078/2082/2633 719/1540/2633
f 1091/2114/2634 1074/2125/2634 1176/2137/2634
f 1177/1585/2635 1167/2140/2635 1126/1560/2635
f 408/1010/2636 2807/1036/2636 378/930/2636
f 1103/1461/2637 1179/1437/2637 630/1462/2637
f 1089/1842/2638 1174/2182/2638 1060/2071/2638
f 1090/2111/2639 1085/2141/2639 1086/2076/2639
f 1088/2066/2640 1093/2152/2640 1130/2189/2640
f 1181/802/2641 734/805/2641 1064/1538/2641
f 1087/2142/2642 1168/2225/2642 1104/2132/2642
f 1127/2154/2643 1062/2080/2643 1061/2073/2643
f 4402/2230/2644 4423/776/2644 4461/775/2645 4462/2231/2645
f 2220/2232/2646 2248/2233/2647 2219/392/2648 2218/2234/2648
f 1216/2235/2649 1209/2236/2649 1210/388/2649
f 1209/2236/2650 1182/430/2650 154/389/2650
f 1198/2237/2651 1216/2235/2651 1210/388/2651
f 1182/430/2652 1221/2238/2652 1186/1543/2652
f 175/444/2653 1198/2237/2653 1210/388/2653
f 1601/2239/2654 1184/2240/2654 1183/2241/2654
f 1196/352/2655 1208/2242/2655 1213/2243/2655
f 2015/2244/2656 2049/2245/2656 2094/2246/2657 2004/2247/2657
f 1197/2248/2658 1193/2249/2658 1185/353/2658
f 341/870/2659 326/849/2659 342/854/2660 323/834/2660
f 1201/437/2661 176/438/2662 156/443/2663 195/395/2664
f 1507/2250/2665 1518/2251/2666 1531/2252/2667 1503/2253/2668 1500/2254/2668
f 1211/2255/2669 1189/2256/2669 1198/2237/2669
f 1601/2239/2670 1191/2257/2670 1184/2240/2670
f 1190/348/2671 1205/2258/2671 1200/349/2671
f 2100/2259/2672 1952/2260/2673 2045/2261/2673 1925/2262/2672
f 1567/2263/2674 1192/2264/2674 1191/2257/2674
f 1195/2265/2675 1194/2266/2675 1193/2249/2675
f 1203/2267/2676 1207/2268/2676 1195/2265/2676
f 1191/2257/2677 1192/2264/2677 1184/2240/2677
f 1212/1343/2678 1197/2248/2678 1185/353/2678
f 1199/355/2679 1198/2237/2679 175/444/2679
f 176/438/2680 1199/355/2680 175/444/2680
f 1205/2258/2681 1201/437/2681 1200/349/2681
f 1207/2268/2682 1203/2267/2682 1192/2264/2682
f 1183/2241/2683 1219/2269/2683 1202/2270/2683
f 1606/2271/2684 1619/2272/2684 1214/1848/2684
f 1619/2272/2685 1222/1849/2685 1214/1848/2685
f 407/1037/2686 356/959/2687 353/944/2688 374/913/2689
f 3797/2273/2690 3817/2002/2690 3813/2274/2691 3819/2275/2691
f 2528/2276/2692 2529/76/2692 2535/2277/2693 2530/2278/2693
f 2610/2279/2694 2599/2280/2694 2607/2281/2695 2612/2282/2696
f 1215/2283/2697 1224/469/2697 100/2284/2697
f 1205/2258/2698 1190/348/2699 1201/437/2700
f 1920/2285/2701 1922/2286/2701 199/460/2702 173/145/2702
f 1220/1344/2703 1213/2243/2703 1183/2241/2703
f 2506/2287/2704 2029/2288/2705 2096/2289/2705 2034/2290/2704
f 1207/2268/2706 1192/2264/2706 1195/2265/2706
f 1219/2269/2707 1213/2243/2707 1202/2270/2707
f 1211/2255/2708 1198/2237/2708 1188/354/2708
f 1202/2270/2709 1213/2243/2709 1208/2242/2710 1225/351/2710 1215/2283/2711 1836/2291/2711
f 1710/2292/2712 1662/2087/2712 1654/2293/2713 1656/2294/2714 1625/9/2714
f 1210/388/2715 1209/2236/2715 154/389/2715
f 1181/802/2716 1065/2086/2716 1124/2083/2717 1123/2085/2717
f 1606/2271/2718 1608/2295/2719 1607/2296/2719 1619/2272/2718
f 1189/2256/2720 1211/2255/2720 1188/354/2720
f 1220/1344/2721 1196/352/2721 1213/2243/2721
f 1198/2237/2722 1199/355/2722 1188/354/2722
f 1223/2297/2723 1606/2271/2723 1214/1848/2723
f 1546/1847/2724 1223/2297/2724 1214/1848/2724
f 101/234/2725 1318/164/2726 1327/163/2726 1312/2298/2727 1325/2299/2727
f 1212/1343/2728 1203/2267/2728 1197/2248/2728
f 1198/2237/2729 1189/2256/2729 1216/2235/2729
f 4114/2300/2730 3094/2301/2731 3077/2302/2731 3995/2303/2732 4010/2304/2732
f 1218/2305/2733 1193/2249/2733 1221/2238/2733
f 1193/2249/2734 1218/2305/2734 1185/353/2734
f 1216/2235/2735 1206/2306/2735 1209/2236/2735
f 1544/2307/2736 1500/2254/2736 1194/2266/2736
f 1226/2308/2737 1189/2256/2737 1188/354/2737
f 1216/2235/2738 1189/2256/2738 1226/2308/2738
f 1213/2243/2739 1219/2269/2739 1183/2241/2739
f 1187/2309/2740 1193/2249/2741 1538/2310/2742 1512/2311/2743 1523/860/2744
f 1209/2236/2745 1221/2238/2745 1182/430/2745
f 1208/2242/2746 1196/352/2746 1225/351/2746
f 1262/872/2747 330/333/2747 571/332/2748 1305/902/2748
f 2885/2312/2749 2890/2313/2749 1309/2314/2750 2889/2315/2751 2887/1944/2751
f 1227/2316/2752 1223/2297/2752 1194/2266/2752
f 1215/2283/2753 1225/351/2753 1224/469/2753
f 1206/2306/2754 1216/2235/2754 1226/2308/2754
f 1223/2297/2755 1227/2316/2755 1195/2265/2755
f 1227/2316/2756 1194/2266/2756 1195/2265/2756
f 1256/1325/2757 1336/1324/2757 1030/2047/2757
f 1307/2317/2758 1242/2318/2758 1230/2319/2758
f 1247/2320/2759 1234/2321/2759 1230/2319/2759
f 1232/2322/2760 1326/2323/2760 1295/2324/2760
f 2972/2325/2761 2962/2326/2761 2956/2327/2762 2927/2328/2762
f 1250/2329/2763 1255/2216/2763 1230/2319/2763
f 1228/1777/2764 1241/2330/2764 1256/1325/2764
f 1273/1219/2765 1337/1779/2765 1229/2331/2765
f 1264/2332/2766 1237/2333/2766 1281/2334/2766
f 1234/2321/2767 1231/2335/2767 1230/2319/2767
f 2781/2336/2768 2190/2337/2768 2820/2338/2769 2833/2339/2769 2856/2340/2770
f 1246/2341/2771 1233/2342/2771 1232/2322/2771
f 1287/2343/2772 1235/2344/2772 1234/2321/2772
f 270/765/2773 279/681/2773 317/763/2774 281/766/2774
f 4357/108/2775 4373/2345/2776 4353/2346/2776 4356/2347/2777
f 1235/2344/2778 1231/2335/2778 1234/2321/2778
f 1337/1779/2779 1310/2348/2779 1229/2331/2779
f 1337/1779/2780 1338/2349/2780 1228/1777/2780
f 3818/1127/2781 4824/2350/2782 3815/2351/2782 3807/1128/2781
f 1235/2344/2783 1249/2217/2783 1231/2335/2783
f 1270/2352/2784 1261/1218/2784 1236/1217/2784
f 3538/2353/2785 3540/2354/2786 3085/2355/2787 3075/2356/2787 3084/2357/2788 3543/2358/2789
f 1270/2352/2790 1236/1217/2790 1249/2217/2790
f 1268/1778/2791 1239/2359/2791 1337/1779/2791
f 1280/903/2792 1298/2360/2792 320/838/2792
f 1635/2361/2793 1636/2362/2794 1694/2363/2795 1695/2364/2796 1676/2365/2796 3803/2366/2797
f 1245/2367/2798 1252/2368/2798 1241/2330/2798
f 1339/2369/2799 1248/2370/2799 1242/2318/2799
f 1243/2371/2800 1247/2320/2800 1242/2318/2800
f 1291/2372/2801 1258/2373/2801 1284/2374/2801
f 1233/2342/2802 1291/2372/2802 1232/2322/2802
f 1253/885/2803 1245/2367/2803 1246/2341/2803
f 2821/2375/2804 2773/2376/2805 2772/2377/2805 2814/2378/2806
f 1244/2379/2807 1274/2380/2807 1248/2370/2807
f 1246/2341/2808 1245/2367/2808 1233/2342/2808
f 1258/2373/2809 1291/2372/2809 1233/2342/2809
f 1314/2381/2810 1266/2382/2810 1310/2348/2810
f 1260/2383/2811 1264/2332/2811 1281/2334/2811
f 1242/2318/2812 1247/2320/2812 1230/2319/2812
f 1255/2216/2813 1307/2317/2813 1230/2319/2813
f 1245/2367/2814 1253/885/2814 1252/2368/2814
f 1338/2349/2815 1245/2367/2815 1228/1777/2815
f 1228/1777/2816 1245/2367/2816 1241/2330/2816
f 1250/2329/2817 1249/2217/2817 1255/2216/2817
f 320/838/2818 1298/2360/2818 1251/218/2818
f 1253/885/2819 1332/1326/2819 1252/2368/2819
f 1255/2216/2820 1254/2215/2820 1307/2317/2820
f 1298/2360/2821 1030/2047/2821 74/219/2821
f 1272/2384/2822 1270/2352/2822 1249/2217/2822
f 1316/505/2823 1259/2385/2823 1263/2386/2823
f 1308/2387/2824 2892/2388/2824 1330/2389/2824
f 2323/1342/2825 575/331/2825 574/1336/2826 569/1335/2827
f 1029/799/2828 1265/2046/2828 1257/2040/2828
f 1265/2046/2829 1336/1324/2829 1257/2040/2829
f 3735/2390/2830 3734/2391/2830 3736/2392/2831 3693/2393/2831
f 1261/1218/2832 1277/2394/2832 1233/2342/2832
f 1277/2394/2833 1258/2373/2833 1233/2342/2833
f 1247/2320/2834 1287/2343/2834 1234/2321/2834
f 1311/901/2835 1259/2385/2835 1305/902/2835
f 1309/2314/2836 2890/2313/2836 1308/2387/2836
f 1267/1216/2837 1343/2395/2837 1260/2383/2837
f 1338/2349/2838 1261/1218/2838 1233/2342/2838
f 2363/1945/2839 2889/2315/2840 1334/2396/2839
f 1317/2397/2841 1269/2398/2841 69/184/2841
f 1329/2399/2842 1285/2400/2842 1272/2384/2842
f 1316/505/2843 333/508/2843 1262/872/2843
f 1264/2332/2844 1263/2386/2844 1237/2333/2844
f 3053/2401/2845 2987/2402/2846 3019/2403/2847 2994/2404/2848
f 1251/218/2849 1298/2360/2849 74/219/2849
f 1331/1323/2850 1302/1327/2850 1257/2040/2850
f 1260/2383/2851 1263/2386/2851 1264/2332/2851
f 1276/2405/2852 1335/2406/2852 1259/2385/2852
f 1322/2407/2853 1836/2291/2853 80/175/2853
f 1248/2370/2854 1341/2408/2854 1242/2318/2854
f 2595/2409/2855 2962/2326/2856 2925/2410/2856
f 1836/2291/2857 1215/2283/2857 100/2284/2857
f 1343/2395/2858 1267/1216/2858 1266/2382/2858
f 1268/1778/2859 1256/1325/2859 1030/2047/2859
f 1857/793/2860 1322/2407/2860 1269/2398/2860
f 1344/2411/2861 1329/2399/2861 1235/2344/2861
f 1272/2384/2862 1283/2412/2862 1270/2352/2862
f 1301/2413/2863 2363/1945/2864 1334/2396/2865 1276/2405/2866 1259/2385/2866
f 1243/2371/2867 1271/2414/2867 1247/2320/2867
f 1285/2400/2868 1283/2412/2868 1272/2384/2868
f 1238/2415/2869 1254/2215/2870 1275/2214/2870 1281/2334/2871 1237/2333/2872 1263/2386/2872 1306/2416/2873
f 1267/1216/2874 1273/1219/2874 1229/2331/2874
f 1825/2417/2875 1341/2408/2875 1248/2370/2875
f 2883/2418/2876 2886/2419/2877 2891/2420/2878 2882/2421/2879
f 1275/2214/2880 1267/1216/2880 1281/2334/2880
f 1335/2406/2881 1276/2405/2881 1334/2396/2881
f 1278/2422/2882 1268/1778/2882 1030/2047/2882
f 1299/2423/2883 1278/2422/2883 1298/2360/2883
f 4086/2424/2884 4085/1088/2884 4055/2425/2885 4056/2426/2885
f 1314/2381/2886 1280/903/2886 1279/507/2886
f 1271/2414/2887 1287/2343/2887 1247/2320/2887
f 1832/794/2888 1857/793/2888 1269/2398/2888
f 1330/2389/2889 1339/2369/2889 1242/2318/2889
f 1267/1216/2890 1260/2383/2890 1281/2334/2890
f 1282/2427/2891 1303/2428/2891 1288/2429/2891
f 1304/2430/2892 1291/2372/2892 1284/2374/2892
f 1243/2371/2893 1288/2429/2893 1287/2343/2893
f 1285/2400/2894 1297/2431/2894 1284/2374/2894
f 1294/2432/2895 1300/2433/2895 1344/2411/2895
f 3093/2434/2896 3079/2174/2896 3069/2435/2897 3081/2436/2897
f 1283/2412/2898 1285/2400/2898 1284/2374/2898
f 1289/886/2899 1246/2341/2899 1232/2322/2899
f 1322/2407/2900 1857/793/2900 1836/2291/2900
f 1340/2437/2901 1323/795/2901 1324/2438/2901
f 1286/884/2902 1328/2439/2902 1302/1327/2902
f 1290/887/2903 1328/2439/2903 1286/884/2903
f 1288/2429/2904 1294/2432/2904 1287/2343/2904
f 1289/886/2905 1253/885/2905 1246/2341/2905
f 1423/2440/2906 1437/2441/2907 1385/2442/2908 1358/411/2909
f 1245/2367/2910 1338/2349/2910 1233/2342/2910
f 1297/2431/2911 1304/2430/2911 1284/2374/2911
f 1291/2372/2912 1304/2430/2912 1326/2323/2912
f 1320/183/2913 1317/2397/2913 69/184/2913
f 1292/506/2914 1314/2381/2914 1279/507/2914
f 1296/2443/2915 1328/2439/2915 1290/887/2915
f 1325/2299/2916 1319/2444/2916 1313/2445/2916
f 1302/1327/2917 1332/1326/2917 1253/885/2917
f 1289/886/2918 1232/2322/2918 1295/2324/2918
f 1293/2446/2919 1342/2447/2919 1803/2448/2919
f 1257/2040/2920 1302/1327/2920 140/359/2920
f 1294/2432/2921 1344/2411/2921 1287/2343/2921
f 1300/2433/2922 1294/2432/2922 1303/2428/2922
f 1300/2433/2923 1297/2431/2923 1344/2411/2923
f 1326/2323/2924 1296/2443/2924 1295/2324/2924
f 1336/1324/2925 1331/1323/2925 1257/2040/2925
f 2977/2449/2926 2656/2450/2926 2675/2451/2927 2296/2452/2927 2380/2453/2928
f 1254/2215/2929 1309/2314/2929 1307/2317/2929
f 1299/2423/2930 1298/2360/2930 1280/903/2930
f 1303/2428/2931 1296/2443/2931 1326/2323/2931
f 1286/884/2932 1302/1327/2932 1253/885/2932
f 1304/2430/2933 1303/2428/2933 1326/2323/2933
f 1340/2437/2934 1288/2429/2934 1243/2371/2934
f 1303/2428/2935 1294/2432/2935 1288/2429/2935
f 1271/2414/2936 1243/2371/2936 1287/2343/2936
f 1324/2438/2937 1282/2427/2937 1288/2429/2937
f 1340/2437/2938 1324/2438/2938 1288/2429/2938
f 1316/505/2939 1263/2386/2939 1260/2383/2939
f 1341/2408/2940 1243/2371/2940 1242/2318/2940
f 2372/2454/2941 2297/2455/2942 2269/2456/2943 2299/2457/2944 2284/2458/2945 2258/2459/2946
f 1252/2368/2947 1332/1326/2947 1241/2330/2947
f 1298/2360/2948 1278/2422/2948 1030/2047/2948
f 1241/2330/2949 1332/1326/2949 1256/1325/2949
f 1259/2385/2950 1335/2406/2950 1306/2416/2950
f 1309/2314/2951 1308/2387/2951 1307/2317/2951
f 1239/2359/2952 1310/2348/2952 1337/1779/2952
f 3854/1613/2953 3874/2460/2954 4348/2461/2954 3873/2462/2955 3871/2463/2955
f 1301/2413/2956 1311/901/2956 573/900/2956
f 946/1877/2957 958/1889/2957 924/1867/2958 925/1893/2958
f 583/1321/2959 584/1353/2960 572/878/2960 576/871/2959
f 1313/2445/2961 1319/2444/2961 1296/2443/2961
f 1325/2299/2962 1312/2298/2962 1319/2444/2962
f 1299/2423/2963 1314/2381/2963 1239/2359/2963
f 1321/2464/2964 1315/2465/2964 1324/2438/2964
f 1324/2438/2965 1313/2445/2965 1282/2427/2965
f 1321/2464/2966 1832/794/2966 1317/2397/2966
f 1832/794/2967 1269/2398/2967 1317/2397/2967
f 662/1553/2968 631/1466/2969 746/1467/2969 745/1554/2968
f 1319/2444/2970 1312/2298/2970 1327/163/2970
f 1321/2464/2971 1317/2397/2971 1320/183/2971
f 1321/2464/2972 1323/795/2972 1832/794/2972
f 1323/795/2973 1321/2464/2973 1324/2438/2973
f 1263/2386/2974 1259/2385/2974 1306/2416/2974
f 4669/2466/2975 4712/2467/2975 4566/2468/2976 4671/2469/2976
f 1315/2465/2977 1313/2445/2977 1324/2438/2977
f 101/234/2978 1325/2299/2978 1320/183/2978
f 364/985/2979 368/980/2980 398/979/2980 386/965/2979
f 1315/2465/2981 1325/2299/2981 1313/2445/2981
f 79/228/2982 101/234/2982 1320/183/2982
f 4033/2470/2983 4022/2471/2984 4025/2472/2984 4018/2473/2983
f 1232/2322/2985 1291/2372/2985 1326/2323/2985
f 1314/2381/2986 1299/2423/2986 1280/903/2986
f 1778/2474/2987 1747/2475/2988 1742/1579/2989 1766/1582/2987
f 1330/2389/2990 2892/2388/2990 1240/2476/2990
f 139/334/2991 140/359/2991 1333/340/2991
f 97/260/2992 1322/2407/2992 80/175/2992
f 1239/2359/2993 1314/2381/2993 1310/2348/2993
f 140/359/2994 1302/1327/2994 1333/340/2994
f 1335/2406/2995 1334/2396/2995 1306/2416/2995
f 2822/2477/2996 2783/2478/2997 2782/1505/2997 2774/1508/2996
f 1301/2413/2998 1259/2385/2998 1311/901/2998
f 1306/2416/2999 1334/2396/2999 1238/2415/2999
f 217/72/3000 20/27/3000 8/37/3001 246/17/3001
f 1330/2389/3002 1240/2476/3002 1339/2369/3002
f 1344/2411/3003 1297/2431/3003 1285/2400/3003
f 1293/2446/3004 2747/1650/3004 1342/2447/3004
f 1293/2446/3005 1803/2448/3005 2880/1651/3005
f 2747/1650/3006 1293/2446/3006 2880/1651/3006
f 1287/2343/3007 1344/2411/3007 1235/2344/3007
f 1329/2399/3008 1344/2411/3008 1285/2400/3008
f 1309/2314/3009 1254/2215/3009 1238/2415/3009
f 1308/2387/3010 1330/2389/3010 1307/2317/3010
f 2539/2479/3011 2536/2480/3011 2528/2276/3012 2530/2278/3013
f 1307/2317/3014 1330/2389/3014 1242/2318/3014
f 1836/2291/3015 100/2284/3015 80/175/3015
f 1400/2481/3016 1391/2482/3016 1351/2483/3016
f 1346/1369/3017 1345/2484/3017 1464/1370/3017
f 4302/2485/3018 4303/2486/3018 4349/2487/3019 1890/1305/3019
f 1448/2165/3020 1451/2488/3020 1347/2489/3020
f 1368/2490/3021 1461/2491/3021 1348/2492/3021
f 1441/2493/3022 1350/2494/3022 1410/817/3022
f 1365/797/3023 1453/2495/3023 301/813/3023
f 1391/2482/3024 1376/2496/3024 1351/2483/3024
f 2405/2497/3025 3381/2498/3026 3456/2499/3026 2406/2500/3025
f 1366/2501/3027 1469/2502/3027 1379/2503/3027
f 692/1624/3028 663/1552/3028 4706/2504/3029 4700/2505/3030
f 3802/2506/3031 3811/2001/3031 3810/2507/3032 3808/2508/3033
f 1378/2509/3034 1370/2510/3034 1959/2511/3034
f 876/1517/3035 885/1504/3036 633/1456/3037 645/180/3037
f 668/1537/3038 629/1463/3038 718/1539/3039 652/1535/3039
f 2455/2512/3040 2480/2513/3041 2481/2514/3041 2436/2515/3042
f 1357/2516/3043 1365/797/3043 283/740/3043
f 1433/2192/3044 1356/2191/3044 1456/1604/3044
f 1381/2517/3045 1357/2516/3045 283/740/3045
f 1404/412/3046 1358/411/3046 1385/2442/3046
f 1049/800/3047 1035/2054/3048 1055/2059/3049 1024/801/3050
f 1377/2518/3051 1383/2519/3051 1376/2496/3051
f 2356/113/3052 2357/2520/3052 2346/2521/3053 2333/1046/3053
f 1400/2481/3054 1392/1969/3054 1391/2482/3054
f 1382/2522/3055 1418/2523/3055 1459/2524/3055
f 1369/2525/3056 1377/2518/3056 1378/2509/3056
f 1390/2526/3057 1389/436/3057 1361/2527/3057
f 1970/2528/3058 1405/2529/3058 1390/1368/3058
f 1387/2530/3059 1363/2531/3059 1362/2532/3059
f 1462/876/3060 1415/2533/3060 1349/877/3060
f 1368/2490/3061 1364/875/3061 1411/2534/3061
f 2237/2535/3062 2377/2536/3063 2139/954/3064 2313/999/3062
f 4593/2537/3065 4494/1758/3066 4673/1757/3066 4685/2538/3067 4700/2505/3068
f 3041/2539/3069 3054/24/3070 3058/2540/3070 3026/2541/3071 3001/2542/3072
f 1416/1605/3073 1446/1971/3073 1436/1606/3073
f 1369/2525/3074 1378/2509/3074 1959/2511/3074
f 2215/229/3075 2340/232/3075 2210/2543/3076 2217/2544/3076
f 1355/1967/3077 1392/1969/3077 1400/2481/3077
f 1460/2545/3078 1408/2546/3078 1381/2517/3078
f 1370/2510/3079 1378/2509/3079 1391/2482/3079
f 1419/1709/3080 1371/1712/3080 1414/2547/3080
f 3608/2548/3081 1854/2549/3082 3676/2550/3083 3773/2551/3084
f 2990/2552/3085 2692/2553/3086 2719/1527/3087 2704/2554/3087
f 458/1180/3088 448/344/3089 447/347/3089 450/1243/3088
f 1394/2555/3090 1444/2556/3090 1374/874/3090
f 4774/2557/3091 4773/410/3091 1375/409/3091
f 1469/2502/3092 1406/2558/3092 1452/2559/3092
f 1378/2509/3093 1377/2518/3093 1376/2496/3093
f 1902/1935/3094 1905/1934/3094 1875/1284/3095 1887/2560/3096
f 1444/2556/3097 1445/2561/3097 1379/2503/3097
f 1387/2530/3098 1360/2562/3098 1451/2488/3098
f 258/682/3099 1380/2563/3099 1373/683/3099
f 1381/2564/3100 1355/1967/3100 1400/2481/3100
f 1383/2519/3101 1382/2522/3101 1376/2496/3101
f 1381/2517/3102 1408/2546/3102 1357/2516/3102
f 187/483/3103 189/543/3104 153/378/3104 158/380/3103
f 1396/2565/3105 1414/2547/3105 1347/2489/3105
f 3258/2566/3106 3337/784/3106 3334/783/3107 3333/2567/3107
f 1385/2442/3108 1363/2531/3108 1387/2530/3108
f 1367/2568/3109 1364/875/3109 1374/874/3109
f 1434/826/3110 1386/2569/3110 272/736/3110
f 1407/2570/3111 1431/2571/3111 1432/2572/3111
f 1380/2563/3112 1395/2573/3112 1373/683/3112
f 1388/2574/3113 1404/412/3113 1387/2530/3113
f 1390/2526/3114 1417/431/3114 1389/436/3114
f 1426/2575/3115 1427/2576/3115 1425/2577/3115
f 1392/1969/3116 1354/1968/3116 1391/2482/3116
f 1455/2578/3117 1359/2579/3117 1452/2559/3117
f 1390/2526/3118 1361/2527/3118 1346/2580/3118
f 739/1634/3119 1141/1578/3120 1152/1478/3121 634/1472/3122
f 1366/2501/3123 1429/2581/3123 1469/2502/3123
f 1421/2582/3124 1396/2565/3124 1347/2489/3124
f 885/1504/3125 880/1152/3125 879/1029/3126 372/1005/3126
f 41/98/3127 51/161/3128 26/93/3129 25/89/3130
f 378/930/3131 2855/2583/3132 346/919/3132
f 1441/2493/3133 1442/1265/3133 559/1166/3133
f 1459/2524/3134 1460/2584/3134 1400/2481/3134
f 1370/2510/3135 1401/2585/3135 1959/2511/3135
f 2425/2586/3136 2492/2587/3137 2419/2588/3138 2415/1171/3138
f 4750/1668/3139 3799/287/3140 4495/286/3141 4747/1669/3142
f 4242/2589/3143 4252/442/3144 4273/2590/3145 4444/2591/3146
f 1403/768/3147 1355/1967/3147 283/692/3147
f 1404/412/3148 1385/2442/3148 1387/2530/3148
f 3585/757/3149 3984/2592/3149 4009/2593/3150 3078/2594/3150
f 1405/2595/3151 1417/431/3151 1390/2526/3151
f 1364/875/3152 1463/2596/3152 1462/876/3152
f 1433/2192/3153 1457/2597/3153 1399/433/3153
f 1356/2191/3154 1428/1972/3154 1456/1604/3154
f 3511/2598/3155 3502/2599/3156 3481/2600/3156 3507/2601/3157
f 849/1799/3158 855/1797/3158 854/1796/3159 863/1789/3159
f 1396/2565/3160 1421/2582/3160 1430/2602/3160
f 1407/2570/3161 1432/2572/3161 1410/817/3161
f 3329/1423/3162 3306/1422/3163 3290/2603/3164 3272/585/3164
f 1401/2585/3165 1370/2510/3165 1391/2482/3165
f 1346/2580/3166 1371/1712/3166 1345/1711/3166
f 4037/2604/3167 4036/2605/3167 4035/2606/3168 4023/2607/3168
f 4770/2608/3169 1435/2609/3169 1348/2492/3169
f 1410/817/3170 1432/2572/3170 295/744/3170
f 1451/2488/3171 1360/2562/3171 1359/2579/3171
f 1362/2532/3172 1461/2491/3172 1411/2534/3172
f 4034/2610/3173 4049/2611/3174 4055/2425/3175 4017/2612/3176
f 719/1540/3177 665/1542/3178 4728/2613/3178 1157/481/3177
f 1361/2527/3179 1389/436/3179 1468/2614/3179
f 2886/2419/3180 2758/2615/3180 2888/41/3181 4831/2616/3182
f 1369/2525/3183 2066/2617/3183 1377/2518/3183
f 1414/2547/3184 1448/2165/3184 1347/2489/3184
f 1450/2618/3185 1979/1371/3185 1464/1370/3185
f 1435/2609/3186 1443/2619/3186 1415/2533/3186
f 1361/2527/3187 1371/1712/3187 1346/2580/3187
f 1389/436/3188 1409/435/3188 1468/2614/3188
f 3373/2620/3189 3402/2621/3189 3352/1918/3190 3351/2622/3190
f 4709/2623/3191 1108/2161/3191 4569/2624/3192 4620/2625/3193 4572/2626/3194 4573/2627/3194 4642/2628/3195
f 1419/1709/3196 1408/2546/3196 1418/1710/3196
f 1365/797/3197 296/738/3197 283/740/3197
f 1420/2629/3198 1354/1968/3198 1350/2494/3198
f 3116/1134/3199 3149/2630/3200 3148/2631/3200 3147/2632/3201
f 1425/2577/3202 1427/2576/3202 1436/1606/3202
f 1354/1968/3203 1407/2570/3203 1350/2494/3203
f 2086/2633/3204 1986/2634/3204 2085/2635/3205 1931/2636/3206
f 1457/2597/3207 1412/2637/3207 1353/434/3207
f 570/695/3208 580/694/3209 577/1322/3208
f 1426/2575/3210 1425/2577/3210 1424/2638/3210
f 1354/1968/3211 1420/2629/3211 1391/2482/3211
f 1378/2509/3212 1376/2496/3212 1391/2482/3212
f 3473/2639/3213 3474/2640/3214 3472/2641/3215 3364/2642/3215
f 1460/2584/3216 1381/2564/3216 1400/2481/3216
f 1432/2572/3217 1431/2571/3217 295/744/3217
f 2066/2617/3218 1369/2525/3218 1959/2511/3218
f 1426/2575/3219 1440/2643/3219 1439/2163/3219
f 1350/2494/3220 1407/2570/3220 1410/817/3220
f 1420/2629/3221 1401/2585/3221 1391/2482/3221
f 1418/2523/3222 1382/2522/3222 1345/2484/3222
f 4066/384/3223 4069/2644/3224 4060/97/3225 4058/2645/3225
f 1437/2441/3226 1363/2531/3226 1385/2442/3226
f 2386/2646/3227 1433/2192/3227 1399/433/3227
f 3278/2647/3228 3293/2648/3228 3591/2649/3229 3589/2650/3230
f 1435/2609/3231 1415/2533/3231 1348/2492/3231
f 1451/2488/3232 1421/2582/3232 1347/2489/3232
f 2349/489/3233 2348/492/3234 2239/2651/3234 569/1335/3235 2160/1341/3236
f 1444/2556/3237 1469/2502/3238 1452/2559/3238 1367/2568/3239 1374/874/3239
f 1345/2484/3240 1383/2519/3240 1464/1370/3240
f 2826/2652/3241 2789/2653/3241 2828/1366/3242 2764/452/3242
f 1382/2522/3243 1459/2524/3243 1376/2496/3243
f 1620/2654/3244 3626/2655/3245 1495/2656/3245 1517/2657/3244
f 4808/2658/3246 4812/2659/3246 1471/2660/3246
f 517/1120/3247 1442/1265/3247 1410/817/3247
f 1440/2643/3248 1438/2164/3248 1439/2163/3248
f 2107/2661/3249 1928/2662/3250 2062/2663/3251 2009/2664/3251
f 1442/1265/3252 1441/2493/3252 1410/817/3252
f 1414/2547/3253 1371/1712/3253 1448/2165/3253
f 1443/2619/3254 1467/2665/3254 1393/2666/3254
f 1441/2493/3255 1372/2667/3255 1350/2494/3255
f 1394/2555/3256 1445/2561/3256 1444/2556/3256
f 1466/2668/3257 1446/1971/3257 1465/1970/3257
f 1560/2669/3258 1580/2670/3259 1571/2671/3260 1595/2672/3261
f 1430/2602/3262 1421/2582/3262 1406/2558/3262
f 3763/2673/3263 3224/2674/3264 3684/2675/3265 3755/2676/3265
f 1940/2677/3266 1441/2493/3266 559/1166/3266
f 1466/2668/3267 1398/2678/3267 1446/1971/3267
f 1470/2679/3268 1450/2618/3268 1464/1370/3268
f 1448/2165/3269 1438/2164/3269 1451/2488/3269
f 4617/2680/3270 4755/237/3271 4623/1703/3271 4616/2681/3270
f 1364/875/3272 1367/2568/3272 1452/2559/3272
f 1453/2495/3273 1458/796/3273 301/813/3273
f 1382/2522/3274 1383/2519/3274 1345/2484/3274
f 2066/2617/3275 1454/2682/3275 1377/2518/3275
f 1377/2518/3276 1470/2679/3276 1383/2519/3276
f 1429/2581/3277 1430/2602/3277 1469/2502/3277
f 1427/2576/3278 1422/1603/3278 1436/1606/3278
f 1457/2597/3279 1433/2192/3279 1456/1604/3279
f 1940/2677/3280 1372/2667/3280 1441/2493/3280
f 1463/2596/3281 1364/875/3281 1368/2490/3281
f 1469/2502/3282 1444/2556/3282 1379/2503/3282
f 1418/2523/3283 1460/2584/3283 1459/2524/3283
f 1362/2532/3284 1363/2531/3284 1461/2491/3284
f 1424/2638/3285 1398/2678/3285 1375/409/3285
f 1408/2546/3286 1460/2545/3286 1418/1710/3286
f 1431/2571/3287 1403/768/3287 295/744/3287
f 1940/2677/3288 1401/2585/3288 1372/2667/3288
f 1488/2683/3289 1484/2684/3290 1479/2685/3291 1541/2686/3292 1487/2687/3293
f 1396/2565/3294 1419/1709/3294 1414/2547/3294
f 1463/2596/3295 1415/2533/3295 1462/876/3295
f 1447/2688/3296 1449/2166/3296 1468/2614/3296
f 1383/2519/3297 1470/2679/3297 1464/1370/3297
f 1467/2665/3298 1395/2573/3298 1393/2666/3298
f 3911/2689/3299 3875/1938/3300 3099/1937/3301 3076/2690/3302 3091/526/3302
f 1355/1967/3303 1381/2564/3303 283/692/3303
f 1455/2578/3304 1451/2488/3304 1359/2579/3304
f 1430/2602/3305 1406/2558/3305 1469/2502/3305
f 1970/2528/3306 2068/2691/3306 1405/2529/3306
f 1454/2682/3307 1470/2679/3307 1377/2518/3307
f 1461/2491/3308 1368/2490/3308 1411/2534/3308
f 1399/433/3309 1457/2597/3309 1353/434/3309
f 1471/2660/3310 4812/2659/3310 1402/2692/3310
f 3764/2693/3311 3719/2694/3311 1472/2695/3311
f 3092/1357/3312 3085/2355/3313 3540/2354/3314 3088/1358/3315
f 193/532/3316 1486/858/3316 197/519/3316
f 1527/2200/3317 1534/2696/3317 1492/2697/3317
f 482/1226/3318 531/1070/3318 424/1056/3319 510/1083/3319
f 1508/2698/3320 1539/2699/3321 1538/2310/3322 1496/2700/3323 1493/2701/3320
f 1180/2126/3324 1158/1105/3324 1124/2083/3325 1065/2086/3325
f 1501/2702/3326 1515/374/3326 1473/2703/3326
f 1528/2199/3327 1511/2704/3327 1497/2705/3327
f 1477/2108/3328 1476/1289/3328 1486/858/3328
f 1194/2266/3329 1538/2310/3329 1193/2249/3329
f 3652/2706/3330 3662/2707/3331 3660/2708/3332 3665/2709/3333 3651/2710/3334
f 1478/2711/3335 1489/2712/3335 1497/2705/3335
f 1479/2685/3336 1491/2713/3336 1513/2714/3336
f 1514/2715/3337 1480/2716/3337 1478/2711/3337
f 1480/2716/3338 1514/2715/3338 1501/2702/3338
f 1482/2107/3339 1481/1290/3339 1476/1289/3339
f 1484/2684/3340 1483/2106/3340 1490/2110/3340
f 1511/2704/3341 1478/2711/3341 1497/2705/3341
f 1494/2717/3342 1541/2686/3342 1497/2705/3342
f 1479/2685/3343 1484/2684/3343 1491/2713/3343
f 1527/2200/3344 1497/2705/3344 1534/2696/3344
f 2392/1730/3345 2408/2718/3346 2428/2719/3346 2399/2720/3345
f 1474/2721/3347 1485/2722/3347 1473/2703/3347
f 1541/2686/3348 1479/2685/3348 1513/2714/3348
f 1918/2723/3349 1919/2724/3349 1481/1290/3349
f 1542/857/3350 1477/2108/3350 1486/858/3350
f 999/2021/3351 1006/2024/3351 1008/2004/3352 993/1794/3352
f 1542/857/3353 1499/905/3353 1477/2108/3353
f 1534/2696/3354 1508/2698/3354 1492/2697/3354
f 1488/2683/3355 1918/2723/3355 1481/1290/3355
f 1489/2712/3356 1494/2717/3356 1497/2705/3356
f 1482/2107/3357 1484/2684/3357 1481/1290/3357
f 1484/2684/3358 1488/2683/3358 1481/1290/3358
f 1491/2713/3359 1490/2110/3359 1534/2696/3359
f 1481/1290/3360 1919/2724/3360 1921/1288/3360
f 1508/2698/3361 1493/2701/3361 1492/2697/3361
f 1541/2686/3362 1494/2717/3362 1487/2687/3362
f 4333/2725/3363 4321/2726/3363 4317/2727/3364 4320/2129/3365 4332/2128/3366 4354/2728/3367
f 1483/2106/3368 1484/2684/3368 1482/2107/3368
f 1490/2110/3369 1504/2109/3369 1534/2696/3369
f 2479/2729/3370 3352/1918/3371 3402/2621/3372 3475/2730/3373
f 1484/2684/3374 1490/2110/3374 1491/2713/3374
f 1499/905/3375 1504/2109/3375 1477/2108/3375
f 1533/2731/3376 1536/2732/3376 1472/2695/3376
f 1500/2254/3377 1496/2700/3377 1194/2266/3377
f 3626/2655/3378 3627/2733/3378 1495/2656/3378
f 1505/2734/3379 1506/2735/3379 1495/2656/3379
f 3627/2733/3380 1505/2734/3380 1495/2656/3380
f 1528/2199/3381 1497/2705/3381 1527/2200/3381
f 1618/2736/3382 1620/2654/3382 1517/2657/3382
f 3273/2737/3383 1498/376/3383 1543/2738/3383
f 1509/904/3384 1508/2698/3384 1499/905/3384
f 172/456/3385 174/2739/3386 197/519/3386
f 1618/2736/3387 1517/2657/3387 1546/1847/3387
f 1493/2701/3388 1496/2700/3388 1500/2254/3388
f 1993/2740/3389 2049/2245/3389 1454/2682/3390 2066/2617/3390
f 3404/2741/3391 3427/2742/3392 3388/2743/3392 3393/2744/3391
f 1503/2253/3393 1493/2701/3393 1500/2254/3393
f 1503/2253/3394 1531/2252/3394 1493/2701/3394
f 1504/2109/3395 1508/2698/3395 1534/2696/3395
f 1506/2735/3396 1505/2734/3396 3764/2693/3396
f 1447/2688/3397 1426/2575/3398 1439/2163/3399 1449/2166/3400
f 1509/904/3401 1512/2311/3401 1508/2698/3401
f 1826/2745/3402 1825/2417/3403 1828/2009/3404 1796/2746/3405
f 1514/2715/3406 1478/2711/3406 1511/2704/3406
f 4787/2747/3407 1704/2748/3407 1686/2749/3408 4814/2750/3408
f 1512/2311/3409 1509/904/3409 1523/860/3409
f 1497/2705/3410 1513/2714/3410 1534/2696/3410
f 1514/2715/3411 1530/2751/3411 1501/2702/3411
f 1537/2752/3412 1543/2738/3412 1514/2715/3412
f 1891/372/3413 1498/376/3413 3273/2737/3413
f 4069/2644/3414 4066/384/3415 4020/387/3415 4023/2607/3414
f 3577/2753/3416 3560/2754/3417 3576/2755/3417 3509/2756/3416
f 1543/2738/3418 1498/376/3418 1516/375/3418
f 4730/2757/3419 4509/2758/3420 4640/2759/3421 4633/2760/3421 4583/2761/3422
f 743/1608/3423 711/6/3423 744/5/3424 644/1512/3424
f 1521/2201/3425 1531/2252/3425 1518/2251/3425
f 4462/2231/3426 4461/775/3427 4490/774/3428 4415/2762/3429
f 1508/2698/3430 1504/2109/3430 1499/905/3430
f 4296/2763/3431 620/1432/3432 617/1231/3432 328/896/3433 86/236/3433
f 2867/2764/3434 2863/2765/3435 2859/2766/3436 2635/1858/3437
f 1502/2767/3438 1480/2716/3438 1501/2702/3438
f 1525/2768/3439 1521/2201/3439 1510/2769/3439
f 3822/2770/3440 3813/2274/3441 3812/1126/3441 3798/1129/3440
f 1540/2771/3442 1537/2752/3442 1514/2715/3442
f 1524/2772/3443 1521/2201/3443 1525/2768/3443
f 1508/2698/3444 1512/2311/3444 1539/2699/3444
f 3441/2773/3445 3462/2774/3445 3433/2775/3446 3436/2776/3446
f 1510/2769/3447 1521/2201/3447 1518/2251/3447
f 1507/2250/3448 1520/2777/3448 1518/2251/3448
f 1522/2198/3449 1524/2772/3449 1472/2695/3449
f 1528/2199/3450 1522/2198/3450 1511/2704/3450
f 1526/2778/3451 1524/2772/3451 1525/2768/3451
f 667/1278/3452 730/1277/3453 661/1547/3454 648/1511/3454
f 1529/2779/3455 1891/372/3455 3273/2737/3455
f 1540/2771/3456 1514/2715/3456 1511/2704/3456
f 1194/2266/3457 1496/2700/3457 1538/2310/3457
f 1524/2772/3458 1526/2778/3458 1472/2695/3458
f 1533/2731/3459 1532/2780/3459 1536/2732/3459
f 1513/2714/3460 1491/2713/3460 1534/2696/3460
f 2641/477/3461 2655/476/3461 2637/2781/3462 2640/478/3463
f 1522/2198/3464 1540/2771/3464 1511/2704/3464
f 2662/1033/3465 2657/1032/3466 2942/2782/3467 2937/2783/3467
f 1524/2772/3468 1522/2198/3468 1521/2201/3468
f 1526/2778/3469 3764/2693/3469 1472/2695/3469
f 1537/2752/3470 1540/2771/3470 1536/2732/3470
f 1541/2686/3471 1513/2714/3471 1497/2705/3471
f 1480/2716/3472 1502/2767/3472 1489/2712/3472
f 2033/2784/3473 1927/157/3473 2047/2785/3474 2108/2786/3474
f 1526/2778/3475 1506/2735/3475 3764/2693/3475
f 1480/2716/3476 1489/2712/3476 1478/2711/3476
f 1539/2699/3477 1512/2311/3477 1538/2310/3477
f 1502/2767/3478 1487/2687/3478 1489/2712/3478
f 4377/2787/3479 4359/2788/3479 4485/2789/3480 4375/2790/3480
f 1487/2687/3481 1494/2717/3481 1489/2712/3481
f 2565/2791/3482 2580/2792/3483 2587/2793/3484 2583/2794/3485
f 1507/2250/3486 1500/2254/3486 1544/2307/3486
f 4311/2795/3487 4318/2796/3487 4331/2797/3488 1890/1305/3488
f 1520/2777/3489 1507/2250/3489 1544/2307/3489
f 1520/2777/3490 1544/2307/3490 1546/1847/3490
f 3285/2798/3491 3224/2674/3491 3763/2673/3492 3685/2799/3492
f 1588/2800/3493 1590/2801/3493 1547/2802/3493
f 1582/2803/3494 1589/2804/3494 1578/2805/3494
f 1590/2801/3495 1552/2806/3495 1547/2802/3495
f 1830/263/3496 1848/2807/3496 1599/264/3496
f 3862/2808/3497 4087/2809/3497 3831/2810/3498 3842/397/3499 3926/2811/3500 3924/401/3500
f 1603/2812/3501 1595/2672/3501 1552/2806/3501
f 2571/2813/3502 2557/2814/3503 2579/2815/3504 3328/588/3505 3327/587/3506 3341/2816/3506
f 1551/2817/3507 1802/2016/3507 1596/2015/3507
f 366/962/3508 365/931/3508 402/864/3509 391/917/3509
f 1603/2812/3510 1552/2806/3510 1590/2801/3510
f 1554/2818/3511 1553/2819/3511 1592/2820/3511
f 1565/2821/3512 1564/2822/3512 1563/2823/3512
f 4511/2824/3513 4825/2825/3514 4823/2826/3515 4533/2827/3516
f 2504/2222/3517 2429/1524/3517 2511/1523/3518 2519/1206/3518
f 1853/2828/3519 1555/2829/3519 1554/2818/3519
f 1607/2296/3520 1556/2830/3520 1716/2831/3520
f 1557/2832/3521 1594/2833/3521 1548/2834/3521
f 1569/2835/3522 1580/2670/3522 1576/2836/3522
f 1588/2800/3523 1547/2802/3523 1573/2837/3523
f 1585/2838/3524 1723/2839/3524 1556/2830/3524
f 1553/2819/3525 1564/2822/3525 1558/2840/3525
f 1558/2840/3526 1557/2832/3526 1548/2834/3526
f 1853/2828/3527 1559/2841/3527 1555/2829/3527
f 139/334/3528 135/305/3528 123/343/3529 140/359/3529
f 1579/261/3530 1570/2014/3530 1561/2842/3530
f 1566/2843/3531 1562/2844/3531 1563/2823/3531
f 1562/2844/3532 1565/2821/3532 1563/2823/3532
f 1563/2823/3533 1564/2822/3533 1732/2845/3533
f 1564/2822/3534 1565/2821/3534 1558/2840/3534
f 1562/2844/3535 1566/2843/3535 1582/2803/3535
f 1595/2672/3536 1571/2671/3536 1567/2263/3536
f 2350/2846/3537 2229/2847/3538 2277/2848/3538 2330/2849/3537
f 1723/2839/3539 1585/2838/3539 1586/2850/3539
f 1575/2851/3540 1568/2852/3540 1567/2263/3540
f 3777/825/3541 3727/2853/3541 3776/1615/3542 3733/2854/3542
f 1602/2855/3543 1802/2016/3543 1548/2834/3543
f 1561/2842/3544 1570/2014/3544 1549/2018/3544
f 1583/2856/3545 1593/2857/3545 1569/2835/3545
f 1572/2858/3546 1575/2851/3546 1571/2671/3546
f 3310/1424/3547 3311/2859/3548 3308/2860/3547 3345/1425/3549
f 1571/2671/3550 1575/2851/3550 1567/2263/3550
f 1579/261/3551 1588/2800/3551 1573/2837/3551
f 1596/2015/3552 1570/2014/3552 1599/264/3552
f 1577/2861/3553 1569/2835/3553 1576/2836/3553
f 1589/2804/3554 1591/2862/3554 1578/2805/3554
f 4391/1201/3555 4392/2863/3555 4478/2864/3556 4437/2865/3556
f 1598/2866/3557 1601/2239/3557 1183/2241/3557
f 1587/2867/3558 1576/2836/3558 1594/2833/3558
f 1597/2017/3559 1581/2868/3559 1549/2018/3559
f 1580/2670/3560 1560/2669/3560 1576/2836/3560
f 1602/2855/3561 1594/2833/3561 1581/2868/3561
f 1552/2806/3562 1567/2263/3562 1191/2257/3562
f 1587/2867/3563 1577/2861/3563 1576/2836/3563
f 1552/2806/3564 1595/2672/3564 1567/2263/3564
f 1591/2862/3565 1604/2869/3565 1578/2805/3565
f 1556/2830/3566 1591/2862/3566 1589/2804/3566
f 1607/2296/3567 1584/2870/3567 1556/2830/3567
f 1584/2870/3568 1604/2869/3568 1591/2862/3568
f 1604/2869/3569 1584/2870/3569 1607/2296/3569
f 1586/2850/3570 1585/2838/3570 1589/2804/3570
f 1582/2803/3571 1586/2850/3571 1589/2804/3571
f 1577/2861/3572 1587/2867/3572 1565/2821/3572
f 1579/261/3573 1561/2842/3573 1588/2800/3573
f 1585/2838/3574 1556/2830/3574 1589/2804/3574
f 1488/2683/3575 1487/2687/3576 1485/2722/3577 1918/2723/3578
f 1584/2870/3579 1591/2862/3579 1556/2830/3579
f 1552/2806/3580 1191/2257/3580 1601/2239/3580
f 1592/2820/3581 1553/2819/3581 1558/2840/3581
f 1577/2861/3582 1583/2856/3582 1569/2835/3582
f 1604/2869/3583 1572/2858/3583 1578/2805/3583
f 1547/2802/3584 1600/2871/3584 1815/2872/3584
f 1587/2867/3585 1594/2833/3585 1557/2832/3585
f 1562/2844/3586 1577/2861/3586 1565/2821/3586
f 1583/2856/3587 1562/2844/3587 1582/2803/3587
f 1802/2016/3588 1801/2873/3588 1548/2834/3588
f 1598/2866/3589 1547/2802/3589 1601/2239/3589
f 1598/2866/3590 1600/2871/3590 1547/2802/3590
f 1570/2014/3591 1579/261/3591 1599/264/3591
f 1597/2017/3592 1602/2855/3592 1581/2868/3592
f 1594/2833/3593 1560/2669/3593 1581/2868/3593
f 1573/2837/3594 1547/2802/3594 1815/2872/3594
f 1600/2871/3595 1598/2866/3595 1839/2874/3595
f 1547/2802/3596 1552/2806/3596 1601/2239/3596
f 1594/2833/3597 1602/2855/3597 1548/2834/3597
f 1565/2821/3598 1557/2832/3598 1558/2840/3598
f 1576/2836/3599 1560/2669/3599 1594/2833/3599
f 1598/2866/3600 1183/2241/3600 1839/2874/3600
f 1587/2867/3601 1557/2832/3601 1565/2821/3601
f 1583/2856/3602 1577/2861/3602 1562/2844/3602
f 1556/2830/3603 1723/2839/3603 1716/2831/3603
f 1602/2855/3604 1597/2017/3605 1802/2016/3604
f 4828/2875/3606 2754/2876/3607 4827/2877/3608 2740/1649/3609
f 3444/2878/3610 3357/2879/3611 3356/2880/3612 3358/2881/3610
f 1608/2295/3613 1604/2869/3613 1607/2296/3613
f 1620/2654/3614 3628/2882/3614 3626/2655/3614
f 1610/1476/3615 1609/2883/3615 1607/2296/3615
f 1616/2884/3616 1612/223/3616 1605/2885/3616
f 1715/2886/3617 1731/2887/3617 1713/2888/3617
f 1568/2852/3618 1608/2295/3618 1606/2271/3618
f 584/1353/3619 587/1320/3619 579/1352/3620 565/1354/3620
f 1609/2883/3621 1617/1846/3621 1222/1849/3621
f 1715/2886/3622 1610/1476/3622 1607/2296/3622
f 1607/2296/3623 1609/2883/3623 1619/2272/3623
f 1611/1475/3624 1617/1846/3624 1609/2883/3624
f 1609/2883/3625 1222/1849/3625 1619/2272/3625
f 467/1102/3626 548/1104/3627 546/1223/3628 459/1064/3629
f 1605/2885/3630 3628/2882/3630 1620/2654/3630
f 1727/2889/3631 1733/2890/3631 1610/1476/3631
f 1611/1475/3632 1613/2891/3632 1617/1846/3632
f 1824/2892/3633 1826/2745/3634 1811/2893/3635 1820/464/3636
f 1613/2891/3637 1615/224/3637 1616/2884/3637
f 1613/2891/3638 1616/2884/3638 1620/2654/3638
f 1613/2891/3639 1620/2654/3639 1618/2736/3639
f 1615/224/3640 1614/1474/3640 1720/1473/3640
f 1725/221/3641 1615/224/3641 1720/1473/3641
f 1616/2884/3642 1615/224/3642 1612/223/3642
f 1617/1846/3643 1613/2891/3643 1618/2736/3643
f 1611/1475/3644 1609/2883/3644 1610/1476/3644
f 1617/1846/3645 1618/2736/3645 1546/1847/3645
f 1715/2886/3646 1727/2889/3646 1610/1476/3646
f 1615/224/3647 1613/2891/3647 1611/1475/3647
f 1614/1474/3648 1615/224/3648 1611/1475/3648
f 1733/2890/3649 1720/1473/3649 1610/1476/3649
f 1616/2884/3650 1605/2885/3650 1620/2654/3650
f 1731/2887/3651 1715/2886/3651 1716/2831/3651
f 1715/2886/3652 1607/2296/3652 1716/2831/3652
f 469/1211/3653 514/1245/3654 526/1221/3654 496/1143/3653
f 1698/2894/3655 1622/2895/3655 1632/2896/3655
f 1622/2895/3656 1639/2897/3656 1632/2896/3656
f 1702/1657/3657 1644/291/3657 1623/294/3657
f 1649/416/3658 1681/2898/3658 1701/2899/3658
f 1640/2900/3659 1671/2901/3659 1668/2902/3659
f 1690/2903/3660 1654/2293/3660 1624/2904/3660
f 230/583/3661 232/531/3661 211/618/3662 218/655/3662
f 1638/1001/3663 1691/2905/3663 1626/2906/3663
f 1663/2907/3664 1696/2908/3664 1694/2363/3664
f 1629/2909/3665 3805/290/3665 3800/289/3665
f 1628/2089/3666 1627/2910/3666 1631/2911/3666
f 1678/2912/3667 1629/2909/3667 3800/289/3667
f 1653/2913/3668 1658/2090/3668 1631/2911/3668
f 31/134/3669 50/124/3669 53/165/3670 68/140/3671
f 1683/2914/3672 4815/2915/3672 1700/2916/3672
f 1626/2906/3673 1691/2905/3673 1113/2917/3673
f 1641/2918/3674 1703/415/3674 1633/414/3674
f 1642/647/3675 1634/646/3675 1631/2911/3675
f 3803/2366/3676 4765/2919/3676 1635/2361/3676
f 1673/2088/3677 1648/2920/3677 1628/2089/3677
f 1703/415/3678 1641/2918/3678 1668/2902/3678
f 1643/2921/3679 4789/2922/3679 1636/2362/3679
f 1669/2923/3680 1637/2924/3680 1680/2925/3680
f 1634/646/3681 1653/2913/3681 1631/2911/3681
f 191/522/3682 187/483/3683 188/458/3684 167/457/3685
f 1637/2924/3686 1669/2923/3686 4789/2922/3686
f 4789/2922/3687 1669/2923/3687 1636/2362/3687
f 3410/2926/3688 1647/2927/3688 1638/1001/3688
f 1682/649/3689 1687/648/3689 1639/2897/3689
f 1682/649/3690 1639/2897/3690 1622/2895/3690
f 1652/1682/3691 1661/2928/3691 1684/1683/3691
f 1218/2305/3692 1221/2238/3692 1206/2306/3693 1226/2308/3693
f 1640/2900/3694 1642/647/3694 1671/2901/3694
f 4765/2919/3695 1643/2921/3695 1635/2361/3695
f 1688/2929/3696 1706/2930/3696 1701/2899/3696
f 1712/293/3697 1711/292/3697 1655/1681/3697
f 1321/2464/3698 1320/183/3698 1325/2299/3699 1315/2465/3700
f 1660/2931/3701 1651/2932/3701 1655/1681/3701
f 1639/2897/3702 1701/2899/3702 1632/2896/3702
f 2091/2933/3703 1947/2934/3704 1934/117/3705 2046/2935/3705
f 1679/2936/3706 1637/2924/3706 4815/2915/3706
f 4538/911/3707 673/1548/3708 760/1656/3708 672/1646/3709 4512/912/3709
f 1634/646/3710 1682/649/3710 1653/2913/3710
f 1638/1001/3711 1647/2927/3711 1691/2905/3711
f 1652/1682/3712 1711/292/3712 1644/291/3712
f 1628/2089/3713 1648/2920/3713 1627/2910/3713
f 3805/290/3714 1629/2909/3714 1625/9/3714
f 1649/416/3715 1703/415/3715 1681/2898/3715
f 1651/2932/3716 1650/2937/3716 1712/293/3716
f 1711/292/3717 1652/1682/3717 1655/1681/3717
f 4325/1449/3718 840/1428/3719 618/1430/3720 622/1450/3720
f 1654/2293/3721 1690/2903/3721 1621/2938/3721
f 1684/1683/3722 1661/2928/3722 1624/2904/3722
f 1656/2294/3723 1654/2293/3723 1621/2938/3723
f 2466/2939/3724 1651/2932/3724 1660/2931/3724
f 3636/2940/3725 3732/2941/3726 1797/2942/3726 3634/2124/3725
f 1626/2906/3727 1113/2917/3728 1666/2943/3729 4719/2944/3730 4705/2945/3731 4709/2623/3732 4642/2628/3733 4573/2627/3734 4500/2946/3735 3809/2947/3736 1623/2948/3737 1712/2949/3738 1646/1196/3738 1665/1198/3739 1657/1197/3740 2478/1919/3741 3477/2950/3742 1674/1003/3743 1692/1002/3744
f 1656/2294/3745 1621/2938/3745 1/10/3745
f 2876/1855/3746 2663/1860/3746 2672/2951/3747 2623/2952/3747
f 1671/2901/3748 1672/2953/3748 1668/2902/3748
f 4328/2954/3749 3917/2955/3749 4337/1925/3750 4322/1924/3751 4354/2728/3751
f 1650/2937/3752 1657/2956/3752 1646/2957/3752
f 1662/2087/3753 1658/2090/3753 1654/2293/3753
f 982/2000/3754 988/1984/3755 970/1982/3755 983/1981/3754
f 2466/2939/3756 1657/2956/3756 1650/2937/3756
f 1642/647/3757 1659/2958/3757 1671/2901/3757
f 1625/9/3758 1656/2294/3758 1/10/3758
f 2466/2939/3759 1650/2937/3759 1651/2932/3759
f 3349/2959/3760 3410/2926/3760 1638/1001/3760
f 3415/2960/3761 3389/2961/3761 1674/1003/3761
f 1693/2962/3762 1660/2931/3762 1655/1681/3762
f 1661/2928/3763 1645/1659/3763 1690/2903/3763
f 1650/2937/3764 1646/2957/3764 1712/293/3765
f 1698/2894/3766 1653/2913/3766 1622/2895/3766
f 1703/415/3767 1683/2914/3767 1700/2916/3767
f 1699/2963/3768 1676/2365/3768 1695/2364/3768
f 1677/2964/3769 1673/2088/3769 1710/2292/3769
f 1673/2088/3770 1677/2964/3770 1678/2912/3770
f 830/663/3771 820/1781/3772 819/1780/3772 818/1772/3771
f 1663/2907/3773 1648/2920/3773 1696/2908/3773
f 1627/2910/3774 1642/647/3774 1631/2911/3774
f 1636/2362/3775 1664/2965/3775 1694/2363/3775
f 532/1235/3776 543/1234/3776 537/1113/3777 538/1241/3778 461/700/3778
f 1692/1002/3779 1638/1001/3779 1626/2906/3779
f 1708/2966/3780 1667/2967/3780 1706/2930/3780
f 1679/2936/3781 4815/2915/3781 1668/2902/3781
f 1669/2923/3782 1664/2965/3782 1636/2362/3782
f 1658/2090/3783 1628/2089/3783 1631/2911/3783
f 1659/2958/3784 1672/2953/3784 1671/2901/3784
f 1673/2088/3785 1662/2087/3785 1710/2292/3785
f 3415/2960/3786 1674/1003/3786 3477/2950/3786
f 1661/2928/3787 1690/2903/3787 1624/2904/3787
f 122/328/3788 131/327/3789 119/309/3790 121/311/3790
f 3855/1612/3791 3829/1636/3791 3870/2968/3792 3906/2969/3792
f 1678/2912/3793 1677/2964/3793 1625/9/3793
f 1664/2965/3794 1659/2958/3794 1663/2907/3794
f 1823/2970/3795 1340/2437/3796 1243/2371/3796 1341/2408/3795
f 1629/2909/3797 1678/2912/3797 1625/9/3797
f 1681/2898/3798 1688/2929/3798 1701/2899/3798
f 1653/2913/3799 1682/649/3799 1622/2895/3799
f 3389/2961/3800 1675/1000/3800 1674/1003/3800
f 2016/2971/3801 2129/2972/3802 3113/1017/3803 1981/2973/3803
f 1296/2443/3804 1290/887/3805 1289/886/3806 1295/2324/3807
f 4815/2915/3808 1683/2914/3808 1668/2902/3808
f 1680/2925/3809 1637/2924/3809 1679/2936/3809
f 1676/2365/3810 1699/2963/3810 1678/2912/3810
f 1659/2958/3811 1664/2965/3811 1672/2953/3811
f 1706/2930/3812 1667/2967/3812 1632/2896/3812
f 1686/2749/3813 1705/2974/3813 1681/2898/3813
f 1659/2958/3814 1642/647/3814 1627/2910/3814
f 4306/2975/3815 4317/2727/3815 4312/2976/3816 4300/2977/3816 4301/2978/3817
f 1707/2979/3818 1689/2980/3818 1688/2929/3818
f 1691/2905/3819 1161/2205/3819 1113/2917/3819
f 2859/2766/3820 2863/2765/3821 2205/2223/3821 2170/2197/3820
f 1690/2903/3822 1645/1659/3822 2/1658/3822
f 1691/2905/3823 1647/2927/3823 1161/2205/3823
f 1693/2962/3824 1655/1681/3824 1670/1684/3824
f 1643/2921/3825 1636/2362/3825 1635/2361/3825
f 1696/2908/3826 1695/2364/3826 1694/2363/3826
f 1641/2918/3827 1640/2900/3827 1668/2902/3827
f 1113/2917/3828 1161/2205/3828 1697/2193/3828
f 2125/2981/3829 2113/2982/3830 2112/2983/3831 2124/2984/3829
f 2461/2985/3832 1693/2962/3832 1698/2894/3832
f 1141/1578/3833 1153/2204/3834 1148/639/3834 636/1479/3835 1152/1478/3833
f 1641/2918/3836 1633/414/3836 1630/413/3836
f 1686/2749/3837 1685/2986/3837 1700/2916/3837
f 1705/2974/3838 1688/2929/3838 1681/2898/3838
f 1664/2965/3839 1663/2907/3839 1694/2363/3839
f 2147/2987/3840 2161/2988/3840 2347/2989/3841 2240/2990/3841
f 1683/2914/3842 1703/415/3842 1668/2902/3842
f 1704/2748/3843 2441/2991/3843 1689/2980/3843
f 4090/2992/3844 4089/2993/3845 4088/1087/3845 4091/2994/3844
f 1701/2899/3846 1706/2930/3846 1632/2896/3846
f 1685/2986/3847 1686/2749/3847 1681/2898/3847
f 1675/1000/3848 3349/2959/3848 1638/1001/3848
f 1705/2974/3849 1707/2979/3849 1688/2929/3849
f 1708/2966/3850 1706/2930/3850 1688/2929/3850
f 1689/2980/3851 1709/2995/3851 1688/2929/3851
f 3953/2996/3852 3945/2997/3853 3948/2998/3854 3949/2999/3855
f 1677/2964/3856 1710/2292/3856 1625/9/3856
f 1707/2979/3857 1705/2974/3857 1689/2980/3857
f 1651/2932/3858 1712/293/3858 1655/1681/3858
f 2329/3000/3859 2287/3001/3859 2177/3002/3860 2224/3003/3860
f 1864/3004/3861 1735/3005/3861 1730/3006/3861
f 1738/3007/3862 1728/3008/3862 1713/2888/3862
f 1740/3009/3863 1714/86/3863 1722/3010/3863
f 1728/3008/3864 1715/2886/3864 1713/2888/3864
f 1738/3007/3865 1736/3011/3865 1728/3008/3865
f 1729/3012/3866 1731/2887/3866 1716/2831/3866
f 1736/3011/3867 1740/3009/3867 1728/3008/3867
f 1728/3008/3868 1727/2889/3868 1715/2886/3868
f 1717/85/3869 1721/3013/3869 1722/3010/3869
f 1717/85/3870 1719/3014/3870 1721/3013/3870
f 1714/86/3871 1717/85/3871 1722/3010/3871
f 1858/84/3872 1719/3014/3872 1717/85/3872
f 2081/3015/3873 1949/3016/3873 1955/3017/3874 1992/540/3874
f 1858/84/3875 1860/3018/3875 1719/3014/3875
f 1860/3018/3876 1724/3019/3876 1719/3014/3876
f 1722/3010/3877 1721/3013/3877 1720/1473/3877
f 1730/3006/3878 1723/2839/3878 1586/2850/3878
f 1726/3020/3879 1729/3012/3879 1723/2839/3879
f 1719/3014/3880 1724/3019/3880 1721/3013/3880
f 1724/3019/3881 1725/221/3881 1720/1473/3881
f 1721/3013/3882 1724/3019/3882 1720/1473/3882
f 1735/3005/3883 1726/3020/3883 1730/3006/3883
f 1730/3006/3884 1726/3020/3884 1723/2839/3884
f 1728/3008/3885 1740/3009/3885 1727/2889/3885
f 1740/3009/3886 1736/3011/3886 1714/86/3886
f 1723/2839/3887 1729/3012/3887 1716/2831/3887
f 1864/3004/3888 1730/3006/3888 1732/2845/3888
f 1731/2887/3889 1734/3021/3889 1713/2888/3889
f 1729/3012/3890 1734/3021/3890 1731/2887/3890
f 1730/3006/3891 1586/2850/3891 1732/2845/3891
f 1733/2890/3892 1722/3010/3892 1720/1473/3892
f 1726/3020/3893 1734/3021/3893 1729/3012/3893
f 1734/3021/3894 1726/3020/3894 1738/3007/3894
f 1734/3021/3895 1738/3007/3895 1713/2888/3895
f 1737/3022/3896 1739/3023/3896 1735/3005/3896
f 1736/3011/3897 1718/87/3897 1714/86/3897
f 1739/3023/3898 1737/3022/3898 1718/87/3898
f 1726/3020/3899 1739/3023/3899 1738/3007/3899
f 1739/3023/3900 1718/87/3900 1738/3007/3900
f 1739/3023/3901 1726/3020/3901 1735/3005/3901
f 1718/87/3902 1736/3011/3902 1738/3007/3902
f 1803/2448/3903 1805/3024/3904 1274/2380/3905 1244/2379/3905
f 413/973/3906 349/920/3907 346/919/3908 2848/3025/3908 411/1048/3909
f 1630/413/3910 1649/416/3911 1701/2899/3911 1639/2897/3912 1687/648/3913 1642/647/3913 1640/2900/3914 1641/2918/3915
f 1790/3026/3916 1784/2143/3916 1751/3027/3916
f 1767/1580/3917 1782/1348/3917 1741/1581/3917
f 1747/2475/3918 1755/3028/3918 1767/1580/3918
f 1782/1348/3919 1766/1582/3919 1741/1581/3919
f 1743/3029/3920 1791/3030/3920 1776/3031/3920
f 1788/1347/3921 1762/3032/3921 1744/3033/3921
f 2409/3034/3922 2428/2719/3923 2410/1170/3924 2391/1169/3924
f 3781/3035/3925 3735/2390/3925 3693/2393/3926 3712/3036/3926
f 1772/1038/3927 4769/1044/3927 1745/3037/3927
f 1746/1041/3928 2495/1040/3928 1756/2045/3928
f 4659/3038/3929 4697/3039/3929 4595/3040/3930 4498/2003/3930 4530/3041/3931
f 4830/3042/3932 4832/3043/3933 4833/3044/3934 4836/3045/3935
f 1749/3046/3936 1748/2144/3936 1784/2143/3936
f 1774/3047/3937 1780/3048/3937 1771/3049/3937
f 670/1591/3938 4728/2613/3938 665/1542/3939 686/1559/3939
f 1770/3050/3940 1749/3046/3940 1790/3026/3940
f 1763/1039/3941 1772/1038/3941 1785/3051/3941
f 1784/2143/3942 1750/1627/3942 1751/3027/3942
f 1775/1939/3943 1773/1349/3943 1782/1348/3943
f 1750/1627/3944 1786/3052/3944 1751/3027/3944
f 1759/3053/3945 4776/3054/3945 1752/3055/3945
f 1787/3056/3946 1760/3057/3946 1753/3058/3946
f 1777/3059/3947 1754/1940/3947 1775/1939/3947
f 4807/1942/3948 1765/1941/3948 1755/3028/3948
f 570/695/3949 577/1322/3950 339/869/3950 371/868/3949
f 1758/1346/3951 1764/1042/3951 1756/2045/3951
f 1743/3029/3952 1757/3060/3952 1791/3030/3952
f 1759/3053/3953 1752/3055/3953 1745/3037/3953
f 1761/3061/3954 2547/3062/3954 1778/2474/3954
f 1787/3056/3955 1781/3063/3955 1760/3057/3955
f 1748/2144/3956 1770/3050/3956 1428/1972/3956
f 1768/3064/3957 1781/3063/3957 1782/1348/3957
f 1761/3061/3958 1778/2474/3958 1787/3056/3958
f 4769/1044/3959 1759/3053/3959 1745/3037/3959
f 1788/1347/3960 1758/1346/3960 1762/3032/3960
f 1186/1543/3961 1221/2238/3962 1193/2249/3962 1187/2309/3963
f 55/142/3964 42/150/3965 46/148/3966 39/127/3966
f 1752/3055/3967 1757/3060/3967 1743/3029/3967
f 1449/2166/3968 1448/2165/3969 1371/1712/3970 1361/2527/3971 1468/2614/3972
f 1775/1939/3973 1779/1345/3973 1773/1349/3973
f 1790/3026/3974 1749/3046/3974 1784/2143/3974
f 1789/1974/3975 4801/3065/3975 4800/3066/3975
f 1781/3063/3976 1787/3056/3976 1766/1582/3976
f 1767/1580/3977 1775/1939/3977 1782/1348/3977
f 1781/3063/3978 1768/3064/3978 1760/3057/3978
f 1769/3067/3979 1764/1042/3979 1758/1346/3979
f 3446/3068/3980 3358/2881/3981 3453/3069/3982 3432/3070/3983
f 1749/3046/3984 1770/3050/3984 1748/2144/3984
f 1771/3049/3985 4801/3065/3985 1789/1974/3985
f 1786/3052/3986 1785/3051/3986 1751/3027/3986
f 3886/3071/3987 3899/3072/3988 3900/3073/3989 3885/3074/3989
f 3195/1018/3990 2129/2972/3991 2016/2971/3991 1994/3075/3992 2053/3076/3990
f 293/1916/3993 265/1280/3994 557/1074/3995 553/429/3995 260/1304/3996
f 1779/1345/3997 1769/3067/3997 1758/1346/3997
f 1755/3028/3998 1775/1939/3998 1767/1580/3998
f 1224/469/3999 178/350/4000 157/186/4001 100/2284/4001
f 1744/3033/4002 1768/3064/4002 1782/1348/4002
f 1765/1941/4003 1777/3059/4003 1755/3028/4003
f 1777/3059/4004 1775/1939/4004 1755/3028/4004
f 1752/3055/4005 1743/3029/4005 1776/3031/4005
f 1747/2475/4006 1767/1580/4006 1742/1579/4006
f 1780/3048/4007 4801/3065/4007 1771/3049/4007
f 1782/1348/4008 1781/3063/4008 1766/1582/4008
f 1769/3067/4009 1779/1345/4009 1764/1042/4009
f 1748/2144/4010 1428/1972/4010 1356/2191/4010
f 1786/3052/4011 2495/1040/4011 1785/3051/4011
f 1787/3056/4012 1778/2474/4012 1766/1582/4012
f 1788/1347/4013 1744/3033/4013 1782/1348/4013
f 1757/3060/4014 4818/3077/4014 1791/3030/4014
f 1785/3051/4015 1772/1038/4015 1745/3037/4015
f 1428/1972/4016 1789/1974/4016 1352/1973/4016
f 1777/3059/4017 1765/1941/4017 1754/1940/4017
f 1764/1042/4018 1746/1041/4018 1756/2045/4018
f 1783/1043/4019 4807/1942/4019 4769/1044/4019
f 2495/1040/4020 1763/1039/4020 1785/3051/4020
f 1791/3030/4021 1770/3050/4021 1790/3026/4021
f 1776/3031/4022 1791/3030/4022 1790/3026/4022
f 4771/3078/4023 4808/2658/4024 1471/2660/4024 1467/2665/4023
f 4064/3079/4025 3950/423/4025 3952/422/4026 4027/3080/4026
f 1794/2008/4027 1793/3081/4027 1796/2746/4027
f 1831/2007/4028 1809/3082/4028 1794/2008/4028
f 4511/2824/4029 4533/2827/4030 4560/3083/4031 4697/3039/4031
f 4626/1544/4032 4735/3084/4033 4689/3085/4033 4628/1545/4032
f 1814/3086/4034 3634/2124/4034 1797/2942/4034
f 1854/2549/4035 1798/3087/4035 1797/2942/4035
f 1798/3087/4036 3607/3088/4036 1559/2841/4036
f 1812/326/4037 1800/3089/4037 1799/3090/4037
f 1837/3091/4038 1835/3092/4038 1801/2873/4038
f 689/1279/4039 646/1495/4040 642/1497/4041 706/1623/4042 716/1276/4042
f 1804/2006/4043 1822/3093/4043 1831/2007/4043
f 1853/2828/4044 1554/2818/4044 1801/2873/4044
f 646/1495/4045 705/511/4046 656/510/4047 691/1496/4048
f 1844/3094/4049 1816/323/4049 1806/3095/4049
f 1838/3096/4050 1807/3097/4050 1342/2447/4050
f 1855/3098/4051 1810/3099/4051 1829/3100/4051
f 3739/324/4052 1816/323/4052 1829/3100/4052
f 3736/2392/4053 3792/3101/4054 3611/3102/4055 3706/3103/4056
f 1794/2008/4057 1809/3082/4057 1793/3081/4057
f 1810/3099/4058 1807/3097/4058 1838/3096/4058
f 3732/2941/4059 1854/2549/4059 1797/2942/4059
f 2928/3104/4060 2927/2328/4060 2914/3105/4061 2912/3106/4061
f 1812/326/4062 1799/3090/4062 1835/3092/4062
f 1822/3093/4063 1845/3107/4063 1831/2007/4063
f 1551/2817/4064 1792/821/4064 1802/2016/4064
f 1800/3089/4065 1850/325/4065 3634/2124/4065
f 1813/3108/4066 1851/2010/4066 1805/3024/4066
f 1812/326/4067 1850/325/4068 1800/3089/4068
f 1814/3086/4069 1800/3089/4069 3634/2124/4069
f 1844/3094/4070 1845/3107/4070 1822/3093/4070
f 663/1552/4071 667/1278/4071 4649/3109/4072 4689/3085/4072 4706/2504/4073
f 1844/3094/4074 1855/3098/4074 1816/323/4074
f 1818/792/4075 1841/791/4075 1827/3110/4075
f 1840/3111/4076 1821/461/4076 1811/2893/4076
f 4118/3112/4077 4131/3113/4078 4141/3114/4077
f 1820/464/4079 1819/463/4079 1323/795/4079
f 1821/461/4080 1840/3111/4080 1856/462/4080
f 1856/462/4081 1840/3111/4081 1841/791/4081
f 1855/3098/4082 1813/3108/4082 1810/3099/4082
f 3607/3088/4083 1861/3115/4083 1555/2829/4083
f 1559/2841/4084 3607/3088/4084 1555/2829/4084
f 1179/1437/4085 649/1436/4086 675/1583/4087 630/1462/4087
f 1813/3108/4088 1852/3116/4088 1851/2010/4088
f 1535/1760/4089 3691/1759/4090 3737/1022/4090 1533/2731/4091 1472/2695/4092 3719/2694/4093
f 1846/820/4094 1845/3107/4094 1808/3117/4094
f 1811/2893/4095 1817/3118/4095 1830/263/4095
f 1824/2892/4096 1820/464/4096 1823/2970/4096
f 1847/3119/4097 1817/3118/4097 1831/2007/4097
f 1833/819/4098 1834/818/4098 1849/3120/4098
f 1852/3116/4099 1822/3093/4099 1804/2006/4099
f 1825/2417/4100 1823/2970/4100 1341/2408/4100
f 3100/3121/4101 1906/3122/4102 1904/3123/4103 1908/3124/4104
f 2518/3125/4105 2384/3126/4105 2498/3127/4106 2499/3128/4106
f 1796/2746/4107 1793/3081/4107 1826/2745/4107
f 4803/3129/4108 4590/3130/4109 4698/1839/4110 4636/3131/4111
f 3828/1177/4112 3962/3132/4112 451/3133/4113 437/1215/4114 430/699/4114 541/702/4115
f 1818/792/4116 1827/3110/4116 1839/2874/4116
f 1827/3110/4117 1841/791/4117 1815/2872/4117
f 4175/3134/4118 4153/3135/4119 4154/3136/4120 4179/3137/4120
f 1816/323/4121 1855/3098/4121 1829/3100/4121
f 1834/818/4122 1551/2817/4122 1848/2807/4122
f 1621/2938/4123 1690/2903/4123 2/1658/4124 3/11/4124 1/10/4125
f 1342/2447/4126 1807/3097/4126 1803/2448/4126
f 1817/3118/4127 1809/3082/4127 1831/2007/4127
f 1817/3118/4128 1811/2893/4128 1809/3082/4128
f 1809/3082/4129 1811/2893/4129 1793/3081/4129
f 1835/3092/4130 1853/2828/4130 1801/2873/4130
f 1808/3117/4131 1845/3107/4131 1806/3095/4131
f 2593/3138/4132 2549/3139/4132 2571/2813/4133 3341/2816/4133
f 3379/3140/4134 3399/3141/4135 3365/1520/4135 3380/1519/4134
f 1793/3081/4136 1811/2893/4136 1826/2745/4136
f 1852/3116/4137 1842/3142/4137 1822/3093/4137
f 1829/3100/4138 1810/3099/4138 1838/3096/4138
f 2018/3143/4139 2044/3144/4140 2043/3145/4140 2023/3146/4141 1965/3147/4139
f 1842/3142/4142 1844/3094/4142 1822/3093/4142
f 1830/263/4143 1849/3120/4143 1848/2807/4143
f 1843/3148/4144 1835/3092/4144 1837/3091/4144
f 1845/3107/4145 1844/3094/4145 1806/3095/4145
f 1792/821/4146 1846/820/4146 1837/3091/4146
f 1845/3107/4147 1833/819/4147 1831/2007/4147
f 1834/818/4148 1792/821/4148 1551/2817/4148
f 1846/820/4149 1833/819/4149 1845/3107/4149
f 1847/3119/4150 1833/819/4150 1849/3120/4150
f 1849/3120/4151 1834/818/4152 1848/2807/4152
f 1842/3142/4153 1813/3108/4153 1855/3098/4153
f 1833/819/4154 1847/3119/4154 1831/2007/4154
f 2744/3149/4155 3621/1640/4155 3739/324/4155
f 1814/3086/4156 1797/2942/4156 1795/3150/4156
f 1851/2010/4157 1828/2009/4157 1274/2380/4157
f 1851/2010/4158 1852/3116/4158 1804/2006/4158
f 1797/2942/4159 1798/3087/4159 1853/2828/4159
f 1806/3095/4160 1816/323/4160 1812/326/4160
f 1835/3092/4161 1799/3090/4161 1795/3150/4161
f 1854/2549/4162 3607/3088/4162 1798/3087/4162
f 1843/3148/4163 1812/326/4163 1835/3092/4163
f 1842/3142/4164 1855/3098/4164 1844/3094/4164
f 1798/3087/4165 1559/2841/4165 1853/2828/4165
f 1842/3142/4166 1852/3116/4166 1813/3108/4166
f 1810/3099/4167 1813/3108/4167 1805/3024/4167
f 1805/3024/4168 1851/2010/4168 1274/2380/4168
f 2830/48/4169 2321/51/4169 2811/3151/4170 2808/1506/4170
f 1828/2009/4171 1794/2008/4171 1796/2746/4171
f 1910/3152/4172 1860/3018/4172 1858/84/4172
f 3490/3153/4173 3486/3154/4173 3546/3155/4174 3499/3156/4174
f 1859/88/4175 1912/3157/4175 1910/3152/4175
f 1859/88/4176 1910/3152/4176 1858/84/4176
f 1910/3152/4177 1724/3019/4177 1860/3018/4177
f 1861/3115/4178 1862/3158/4178 1555/2829/4178
f 1863/3159/4179 1864/3004/4179 1732/2845/4179
f 1564/2822/4180 1863/3159/4180 1732/2845/4180
f 1863/3159/4181 1913/3160/4181 1864/3004/4181
f 1862/3158/4182 1868/3161/4182 1553/2819/4182
f 4549/3162/4183 4550/3163/4183 4526/3164/4184 4527/3165/4184
f 1868/3161/4185 1866/3166/4185 1553/2819/4185
f 1865/2228/4186 1913/3160/4186 1863/3159/4186
f 3699/3167/4187 3669/1736/4187 3625/1735/4188 3713/3168/4188
f 3662/2707/4189 3661/2229/4189 1868/3161/4189
f 1865/2228/4190 1867/2227/4190 1913/3160/4190
f 3661/2229/4191 1865/2228/4191 1866/3166/4191
f 3666/3169/4192 3703/3170/4192 1867/2227/4192
f 3660/2708/4193 1868/3161/4193 1862/3158/4193
f 1870/3171/4194 3661/2229/4194 1866/3166/4194
f 3660/2708/4195 1862/3158/4195 1861/3115/4195
f 1869/3172/4196 3666/3169/4196 1867/2227/4196
f 1868/3161/4197 1870/3171/4197 1866/3166/4197
f 1869/3172/4198 1867/2227/4198 3680/2226/4198
f 3661/2229/4199 1870/3171/4199 1868/3161/4199
f 1899/3173/4200 1874/3174/4200 1873/3175/4200
f 1872/3176/4201 1485/2722/4201 1474/2721/4201
f 3174/3177/4202 3139/3178/4203 3220/3179/4203 3202/3180/4202
f 2022/3181/4204 1980/3182/4204 1984/3183/4205 2017/3184/4205
f 1873/3175/4206 1874/3174/4206 198/3185/4206
f 1872/3176/4207 1873/3175/4207 198/3185/4207
f 4645/728/4208 4499/3186/4209 4714/1671/4210 4500/3187/4211 4646/3188/4211
f 2832/1189/4212 2788/3189/4213 2822/2477/4214 2827/1190/4215
f 1866/3166/4216 1865/2228/4217 1863/3159/4218 1564/2822/4219 1553/2819/4220
f 1879/3190/4221 1883/1999/4221 1887/2560/4221
f 1890/1305/4222 1885/3191/4222 1888/1306/4222
f 2835/3192/4223 2780/3193/4223 2841/3194/4224 2824/3195/4224
f 1886/192/4225 1885/3191/4225 61/193/4225
f 1885/3191/4226 65/207/4226 61/193/4226
f 1896/1768/4227 1878/1767/4227 1884/1774/4227
f 1879/612/4228 1889/611/4228 1882/3196/4228
f 1885/3191/4229 4349/2487/4229 65/207/4229
f 1883/1999/4230 1903/3197/4230 1887/2560/4230
f 1877/613/4231 1888/1306/4231 91/214/4231
f 2939/830/4232 2942/2782/4233 2943/3198/4234 2955/3199/4235
f 1903/3197/4236 1902/1935/4236 1887/2560/4236
f 1882/3196/4237 1889/611/4237 1876/213/4237
f 1896/1768/4238 1884/1774/4238 1892/1773/4238
f 1881/200/4239 1885/3191/4239 1886/192/4239
f 1883/1999/4240 1879/3190/4240 1882/1775/4240
f 1889/611/4241 91/214/4241 1876/213/4241
f 1890/1305/4242 4349/2487/4242 1885/3191/4242
f 3102/3200/4243 1901/373/4243 1891/372/4243
f 190/520/4244 172/456/4245 177/455/4246 168/534/4247
f 2224/3003/4248 2302/3201/4249 2236/3202/4250 2329/3000/4251
f 117/306/4252 138/162/4252 37/149/4253 40/91/4253 129/314/4254
f 963/1955/4255 961/1958/4256 981/1985/4256 980/1956/4255
f 4284/882/4257 4265/3203/4258 4268/3204/4259 4215/883/4260
f 4608/3205/4261 4609/1921/4262 4672/1702/4261
f 3949/2999/4263 3867/3206/4264 3951/3207/4265 3908/3208/4263
f 3102/3200/4266 1893/1534/4266 1901/373/4266
f 1515/374/4267 1893/1534/4267 1475/1533/4267
f 1529/2779/4268 3102/3200/4268 1891/372/4268
f 1475/1533/4269 1871/1532/4269 1474/2721/4269
f 3542/35/4270 3558/34/4270 3541/3209/4271 3540/2354/4271
f 1165/2078/4272 1177/1585/4273 1148/639/4274 1153/2204/4275
f 280/721/4276 317/731/4277 291/705/4278 263/767/4276
f 1898/1531/4279 1895/1769/4279 1897/3210/4279
f 1900/3211/4280 1895/1769/4280 1898/1531/4280
f 3104/3212/4281 1900/3211/4281 1893/1534/4281
f 1900/3211/4282 1898/1531/4282 1893/1534/4282
f 236/559/4283 208/558/4283 238/3213/4284 241/620/4285
f 3104/3212/4286 1893/1534/4286 3102/3200/4286
f 3104/3212/4287 1908/3124/4287 1900/3211/4287
f 2586/2149/4288 2584/3214/4289 2573/3215/4290 2590/3216/4291 2576/2150/4291
f 1901/373/4292 1893/1534/4292 1515/374/4292
f 3099/1937/4293 1907/1936/4293 1906/3122/4293
f 458/1180/4294 450/1243/4295 445/1176/4295 542/1147/4294
f 1905/1934/4296 3853/3217/4296 1875/1284/4296
f 1905/1934/4297 3875/1938/4297 3853/3217/4297
f 602/484/4298 1031/2048/4299 1022/1398/4300 589/1372/4300
f 361/998/4301 362/975/4302 2202/974/4302 420/1329/4303 369/696/4303
f 2522/2043/4304 2507/1626/4305 2517/1207/4306 2514/3218/4307
f 4302/2485/4308 4309/3219/4309 4338/3220/4309 4298/3221/4308
f 1894/1766/4310 1904/3123/4310 1903/3197/4310
f 1904/3123/4311 1902/1935/4311 1903/3197/4311
f 3401/3222/4312 3478/3223/4312 3479/3224/4313 3414/3225/4314
f 1908/3124/4315 1904/3123/4315 1900/3211/4315
f 1910/3152/4316 1909/222/4316 1725/221/4316
f 1912/3157/4317 1909/222/4317 1910/3152/4317
f 1724/3019/4318 1910/3152/4318 1725/221/4318
f 1911/3226/4319 1914/3227/4319 1612/223/4319
f 1911/3226/4320 1909/222/4320 1912/3157/4320
f 1915/3228/4321 1912/3157/4321 1859/88/4321
f 1911/3226/4322 1915/3228/4322 1864/3004/4322
f 1909/222/4323 1911/3226/4323 1612/223/4323
f 1915/3228/4324 1911/3226/4324 1912/3157/4324
f 1914/3227/4325 1911/3226/4325 1864/3004/4325
f 4518/3229/4326 4517/3230/4326 4519/1489/4326 4731/1488/4326
f 1915/3228/4327 1859/88/4327 1737/3022/4327
f 1913/3160/4328 1914/3227/4328 1864/3004/4328
f 1915/3228/4329 1737/3022/4329 1735/3005/4329
f 1864/3004/4330 1915/3228/4330 1735/3005/4330
f 1917/3231/4331 1916/450/4331 171/449/4331
f 1917/3231/4332 171/449/4332 160/451/4332
f 4349/2487/4333 4304/3232/4334 4294/208/4334 65/207/4333
f 1919/2724/4335 1918/2723/4335 1920/2285/4335
f 1919/2724/4336 1920/2285/4336 173/145/4336
f 1922/2286/4337 1872/3176/4337 198/3185/4337
f 1872/3176/4338 1922/2286/4338 1918/2723/4338
f 1918/2723/4339 1922/2286/4339 1920/2285/4339
f 2109/3233/4340 1932/3234/4340 2043/3145/4340
f 491/1233/4341 554/1141/4342 441/1140/4343 490/1220/4341
f 2048/3235/4344 2085/2635/4344 1929/3236/4344
f 308/735/4345 258/682/4345 275/684/4346 306/711/4346
f 1998/3237/4347 2089/3238/4347 2061/3239/4347
f 1947/2934/4348 2037/3240/4348 1923/118/4348
f 1924/3241/4349 1985/3242/4349 1998/3237/4349
f 2075/3243/4350 1926/3244/4350 1925/2262/4350
f 1975/3245/4351 1958/3246/4351 1974/3247/4351
f 2086/2633/4352 2122/3248/4352 1967/3249/4352
f 1993/2740/4353 2094/2246/4353 2049/2245/4353
f 3878/3250/4354 3961/3251/4355 3826/3252/4355 3850/3253/4354
f 2025/3254/4356 1988/3255/4356 2090/3256/4356
f 2008/3257/4357 1975/3245/4357 1974/3247/4357
f 2060/3258/4358 2095/3259/4358 2116/3260/4358
f 1975/3245/4359 2055/3261/4359 1958/3246/4359
f 2071/3262/4360 2081/3015/4360 2070/539/4361 2681/750/4362
f 2091/2933/4363 2046/2935/4363 1961/156/4363
f 1961/156/4364 2046/2935/4364 1927/157/4364
f 1928/2662/4365 1935/3263/4365 1454/2682/4365
f 2062/2663/4366 1928/2662/4366 1929/3236/4366
f 1989/3264/4367 1930/3265/4367 2109/3233/4367
f 1966/3266/4368 2035/3267/4368 1942/3268/4368
f 1931/2636/4369 2105/3269/4369 2086/2633/4369
f 3218/551/4370 2087/3270/4371 2012/3271/4370
f 2109/3233/4372 1933/3272/4372 1932/3234/4372
f 4257/3273/4373 4238/3274/4373 3901/3275/4374 3902/3276/4374
f 967/1845/4375 964/1952/4376 987/1154/4376 888/1153/4375
f 2124/2984/4377 2112/2983/4377 1931/2636/4377
f 3892/3277/4378 3879/3278/4379 3889/1503/4378
f 1935/3263/4380 1995/3279/4380 1450/2618/4380
f 1937/3280/4381 1936/3281/4381 2116/3260/4381
f 2075/3243/4382 1939/116/4382 1938/119/4382
f 2060/3258/4383 2116/3260/4383 2109/3233/4383
f 1953/3282/4384 1966/3266/4384 1942/3268/4384
f 2011/3283/4385 1937/3280/4385 2116/3260/4385
f 1928/2662/4386 1943/3284/4386 1929/3236/4386
f 2034/2290/4387 2096/2289/4387 2095/3259/4387
f 2046/2935/4388 1934/117/4388 1939/116/4388
f 2063/3285/4389 2009/2664/4389 2062/2663/4389
f 1991/3286/4390 2002/3287/4390 2025/3254/4390
f 4342/3288/4391 4365/1285/4392 3853/3217/4393 3852/782/4393 3895/1502/4394
f 2046/2935/4395 2047/2785/4395 1927/157/4395
f 2033/2784/4396 2681/750/4396 1945/3289/4396
f 1946/3290/4397 2027/3291/4397 2000/3292/4397
f 1983/3293/4398 1968/3294/4398 1926/3244/4398
f 2011/3283/4399 2384/3126/4399 1937/3280/4399
f 2099/3295/4400 2083/3296/4400 1947/2934/4400
f 982/2000/4401 983/1981/4402 973/1966/4403 980/1956/4403
f 1966/3266/4404 1949/3016/4404 2035/3267/4404
f 2697/772/4405 1950/3297/4405 2091/2933/4405
f 1963/3298/4406 2067/3299/4406 1951/3300/4406
f 1953/3282/4407 1942/3268/4407 1952/2260/4407
f 1470/2679/4408 1454/2682/4408 1450/2618/4408
f 2005/3301/4409 1954/3302/4409 2132/3303/4409
f 1795/3150/4410 1797/2942/4410 1853/2828/4411 1835/3092/4411
f 1998/3237/4412 1977/3304/4412 2089/3238/4412
f 1955/3017/4413 1949/3016/4413 1966/3266/4413
f 1999/3305/4414 2062/2663/4414 1924/3241/4414
f 2098/3306/4415 1956/3307/4415 2036/3308/4415
f 1965/3147/4416 2023/3146/4416 1964/3309/4416
f 2004/2247/4417 1957/3310/4417 2124/2984/4417
f 2042/1339/4418 3155/3311/4418 3214/3312/4418
f 2010/1337/4419 2053/3076/4419 1958/3246/4419
f 2008/3257/4420 2038/3313/4420 1975/3245/4420
f 1401/2585/4421 2097/3314/4421 1959/2511/4421
f 1934/117/4422 1947/2934/4422 1923/118/4422
f 2515/3315/4423 1969/3316/4423 2034/2290/4423
f 2014/3317/4424 2510/3318/4424 2515/3315/4424
f 1924/3241/4425 2127/3319/4425 1985/3242/4425
f 682/1632/4426 410/1607/4426 754/1667/4427 723/1012/4427 762/1483/4428
f 2052/3320/4429 2515/3315/4429 2034/2290/4429
f 2687/1530/4430 2710/1529/4430 1961/156/4430
f 2081/3015/4431 2071/3262/4431 1949/3016/4431
f 1986/2634/4432 2127/3319/4432 1929/3236/4432
f 2040/3321/4433 2125/2981/4433 1973/3322/4433
f 1992/540/4434 528/3323/4434 2126/541/4434
f 1980/3182/4435 1946/3290/4435 2000/3292/4435
f 2578/3324/4436 2590/3216/4437 2573/3215/4438 3299/3325/4438
f 1953/3282/4439 1978/3326/4439 1966/3266/4439
f 1962/3327/4440 1971/1338/4440 2010/1337/4440
f 2052/3320/4441 2014/3317/4441 2515/3315/4441
f 1954/3302/4442 2005/3301/4442 2063/3285/4442
f 2079/155/4443 2687/1530/4443 1961/156/4443
f 2123/3328/4444 1963/3298/4444 2099/3295/4444
f 2050/3329/4445 1972/3330/4445 2026/3331/4445
f 2084/3332/4446 1965/3147/4446 1964/3309/4446
f 1997/3333/4447 2128/3334/4447 1955/3017/4447
f 1978/3326/4448 1997/3333/4448 1966/3266/4448
f 2023/3146/4449 2082/3335/4449 1988/3255/4449
f 1968/3294/4450 1967/3249/4450 1926/3244/4450
f 1990/3336/4451 1936/3281/4452 2103/3337/4453 1944/3338/4454 1405/2529/4455
f 3194/3339/4456 3195/1018/4456 2053/3076/4456
f 2110/3340/4457 1972/3330/4457 2089/3238/4457
f 1951/3300/4458 2101/3341/4458 2083/3296/4458
f 2100/2259/4459 2106/3342/4459 1953/3282/4459
f 2128/3334/4460 1973/3322/4460 1957/3310/4460
f 1976/3343/4461 2024/3344/4461 2055/3261/4461
f 1994/3075/4462 2111/3345/4462 1974/3247/4462
f 1976/3343/4463 2055/3261/4463 1975/3245/4463
f 2006/3346/4464 2086/2633/4464 1967/3249/4464
f 1977/3304/4465 2032/3347/4465 2090/3256/4465
f 1978/3326/4466 2113/2982/4466 2040/3321/4466
f 3659/3348/4467 3604/3349/4467 3605/3350/4468 3652/2706/4469
f 1450/2618/4470 1995/3279/4470 1979/1371/4470
f 2097/3314/4471 1993/2740/4471 1959/2511/4471
f 2118/3351/4472 2033/2784/4472 1945/3289/4472
f 2119/3352/4473 1948/3353/4473 3196/3354/4473
f 2117/3355/4474 1980/3182/4474 2022/3181/4474
f 2849/3356/4475 2765/1362/4475 2376/632/4476 2189/636/4476
f 2006/3346/4477 2098/3306/4477 2036/3308/4477
f 3770/3357/4478 3692/3358/4479 3662/2707/4480 3652/2706/4478
f 1982/3359/4481 2008/3257/4481 1974/3247/4481
f 1923/118/4482 1983/3293/4482 1938/119/4482
f 2024/3344/4483 1976/3343/4483 1984/3183/4483
f 3449/3360/4484 3448/3361/4485 3395/3362/4486 2806/3363/4486
f 2127/3319/4487 1986/2634/4487 1985/3242/4487
f 2082/3335/4488 2110/3340/4488 1988/3255/4488
f 1972/3330/4489 2050/3329/4489 2061/3239/4489
f 1384/3364/4490 297/712/4491 275/684/4491 1373/683/4492 1395/2573/4492
f 1991/3286/4493 2007/3365/4493 2002/3287/4493
f 2070/539/4494 2081/3015/4494 1992/540/4494
f 2093/3366/4495 2108/2786/4495 2035/3267/4495
f 1405/2595/4496 1944/3367/4496 1413/432/4497 1417/431/4498
f 1933/3272/4499 2026/3331/4499 1932/3234/4499
f 1958/3246/4500 1994/3075/4500 1974/3247/4500
f 2102/3368/4501 1978/3326/4501 1953/3282/4501
f 2107/2661/4502 1995/3279/4502 1935/3263/4502
f 1536/2732/4503 3273/2737/4504 1543/2738/4505 1537/2752/4506
f 1926/3244/4507 2122/3248/4507 1925/2262/4507
f 2054/3369/4508 3128/1340/4508 3194/3339/4508
f 2118/3351/4509 2079/155/4509 2078/158/4509
f 2128/3334/4510 1997/3333/4510 2040/3321/4510
f 1999/3305/4511 1924/3241/4511 1998/3237/4511
f 2027/3291/4512 2077/3370/4512 2000/3292/4512
f 3967/3371/4513 4137/3372/4514 3965/1912/4515 4001/3373/4516
f 1989/3264/4517 2115/3374/4517 1930/3265/4517
f 1468/2614/4518 1409/435/4519 1353/434/4520 1412/2637/4521 1447/2688/4522
f 2002/3287/4523 2036/3308/4523 2025/3254/4523
f 1518/2251/4524 1520/2777/4525 1545/3375/4526 1519/3376/4526
f 2003/3377/4527 1982/3359/4528 1974/3247/4529 2111/3345/4530 2104/3378/4531 2044/3144/4531
f 2001/3379/4532 1957/3310/4532 2004/2247/4532
f 2005/3301/4533 2039/3380/4533 2063/3285/4533
f 2007/3365/4534 2006/3346/4534 2002/3287/4534
f 997/2013/4535 976/317/4535 998/316/4536 867/1813/4536
f 1937/3280/4537 2384/3126/4537 2103/3337/4537
f 2107/2661/4538 1935/3263/4538 1928/2662/4538
f 4695/3381/4539 4705/2945/4539 4719/2944/4540 1175/446/4540
f 3128/1340/4541 2042/1339/4541 3214/3312/4541
f 2116/3260/4542 1989/3264/4542 2109/3233/4542
f 3128/1340/4543 2054/3369/4543 2010/1337/4543
f 2775/3382/4544 2776/3383/4545 2802/1359/4546 2818/3384/4547
f 2095/3259/4548 2011/3283/4548 2116/3260/4548
f 2080/3385/4549 2005/3301/4549 2132/3303/4549
f 2038/3313/4550 2017/3184/4550 1984/3183/4550
f 3166/3386/4551 3218/551/4551 2012/3271/4551
f 2120/3387/4552 2013/3388/4552 2085/2635/4552
f 2014/3317/4553 1981/2973/4553 1948/3353/4553
f 2003/3377/4554 2018/3143/4554 1982/3359/4554
f 2032/3347/4555 1977/3304/4555 1998/3237/4555
f 2018/3143/4556 2084/3332/4556 2017/3184/4556
f 2019/3389/4557 2104/3378/4557 2095/3259/4557
f 2058/3390/4558 2101/3341/4558 1951/3300/4558
f 2101/3341/4559 2020/3391/4559 2037/3240/4559
f 2050/3329/4560 1933/3272/4560 2109/3233/4560
f 1699/2963/4561 1648/2920/4562 1673/2088/4563 1678/2912/4564
f 3357/2879/4565 3370/3392/4565 3410/2926/4566 3356/2880/4566
f 2106/3342/4567 2100/2259/4567 2105/3269/4567
f 2021/3393/4568 2056/3394/4568 2101/3341/4568
f 2080/3385/4569 1990/3336/4569 2068/2691/4569
f 54/126/4570 125/335/4571 1333/340/4572 1327/163/4573 21/79/4573
f 1931/2636/4574 2112/2983/4574 2105/3269/4574
f 1991/3286/4575 2025/3254/4575 2090/3256/4575
f 1949/3016/4576 2071/3262/4576 2035/3267/4576
f 2017/3184/4577 2084/3332/4577 2022/3181/4577
f 1932/3234/4578 2023/3146/4578 2043/3145/4578
f 2077/3370/4579 2024/3344/4579 2000/3292/4579
f 301/813/4580 1458/796/4580 294/679/4581 279/681/4581
f 2084/3332/4582 1964/3309/4582 2025/3254/4582
f 1997/3333/4583 1978/3326/4583 2040/3321/4583
f 1968/3294/4584 2006/3346/4584 1967/3249/4584
f 2121/3395/4585 2064/3396/4585 2117/3355/4585
f 2026/3331/4586 2031/3397/4586 1932/3234/4586
f 2059/3398/4587 2077/3370/4587 2027/3291/4587
f 1817/3118/4588 1847/3119/4588 1849/3120/4589 1830/263/4590
f 1987/1287/4591 1996/2058/4591 2028/1118/4591
f 1943/3284/4592 2048/3235/4592 1929/3236/4592
f 2030/3399/4593 2104/3378/4593 2052/3320/4593
f 1973/3322/4594 2125/2981/4594 1957/3310/4594
f 2025/3254/4595 1964/3309/4595 1988/3255/4595
f 2041/3400/4596 2080/3385/4596 2068/2691/4596
f 2087/3270/4597 3166/3386/4597 2012/3271/4597
f 2110/3340/4598 2031/3397/4598 1972/3330/4598
f 2129/2972/4599 3195/1018/4599 3113/1017/4599
f 2044/3144/4600 2018/3143/4600 2003/3377/4600
f 1997/3333/4601 1955/3017/4601 1966/3266/4601
f 1927/157/4602 2033/2784/4602 2078/158/4602
f 2128/3334/4603 1957/3310/4603 1941/3401/4603
f 2055/3261/4604 2010/1337/4604 1958/3246/4604
f 2710/1529/4605 2091/2933/4605 1961/156/4605
f 4379/3402/4606 4358/109/4607 4357/108/4607 4336/1927/4608 4347/1926/4609 3916/3403/4610 4216/3404/4610 4243/879/4611 4224/3405/4612
f 2115/3374/4613 2080/3385/4613 2132/3303/4613
f 2552/3406/4614 2583/2794/4615 2551/3/4616 2647/3407/4617
f 2086/2633/4618 2105/3269/4618 2122/3248/4618
f 4572/3408/4619 4617/2680/4619 4616/2681/4620 4596/729/4620
f 2030/3399/4621 2052/3320/4621 2034/2290/4621
f 1956/3307/4622 2117/3355/4622 2025/3254/4622
f 2035/3267/4623 2108/2786/4623 1942/3268/4623
f 2114/3409/4624 1998/3237/4624 2061/3239/4624
f 2006/3346/4625 2036/3308/4625 2002/3287/4625
f 1132/3410/4626 1181/802/4627 1123/2085/4628 1063/2081/4629
f 1964/3309/4630 2023/3146/4630 1988/3255/4630
f 2039/3380/4631 2009/2664/4631 2063/3285/4631
f 2080/3385/4632 2039/3380/4632 2005/3301/4632
f 2040/3321/4633 2113/2982/4633 2125/2981/4633
f 2039/3380/4634 2080/3385/4634 2041/3400/4634
f 2000/3292/4635 2024/3344/4635 1984/3183/4635
f 2104/3378/4636 2030/3399/4636 2095/3259/4636
f 2042/1339/4637 2076/3411/4637 3155/3311/4637
f 2113/2982/4638 2102/3368/4638 2112/2983/4638
f 2104/3378/4639 1981/2973/4639 2052/3320/4639
f 2044/3144/4640 2019/3389/4640 2043/3145/4640
f 2121/3395/4641 2021/3393/4641 2058/3390/4641
f 2030/3399/4642 2034/2290/4642 2095/3259/4642
f 2050/3329/4643 2026/3331/4643 1933/3272/4643
f 2041/3400/4644 2068/2691/4644 1970/2528/4644
f 2047/2785/4645 2046/2935/4645 2045/2261/4645
f 1943/3284/4646 2049/2245/4646 2048/3235/4646
f 1999/3305/4647 2114/3409/4647 2063/3285/4647
f 2053/3076/4648 1994/3075/4648 1958/3246/4648
f 91/214/4649 1888/1306/4650 1885/3191/4650 1881/200/4649
f 2098/3306/4651 2006/3346/4651 1968/3294/4651
f 2049/2245/4652 2120/3387/4652 2048/3235/4652
f 2031/3397/4653 2110/3340/4653 2082/3335/4653
f 2013/3388/4654 2004/2247/4654 1931/2636/4654
f 2114/3409/4655 2050/3329/4655 1954/3302/4655
f 1667/2967/4656 2461/2985/4657 1698/2894/4657 1632/2896/4656
f 1963/3298/4658 2123/3328/4658 2067/3299/4658
f 2067/3299/4659 2073/770/4659 2051/3412/4659
f 2077/3370/4660 2076/3411/4660 2024/3344/4660
f 2052/3320/4661 1981/2973/4661 2014/3317/4661
f 2054/3369/4662 3194/3339/4662 2053/3076/4662
f 2045/2261/4663 2075/3243/4663 1925/2262/4663
f 1971/1338/4664 1962/3327/4664 2055/3261/4664
f 2123/3328/4665 2057/771/4665 2067/3299/4665
f 2020/3391/4666 2056/3394/4666 2098/3306/4666
f 1967/3249/4667 2122/3248/4667 1926/3244/4667
f 2057/771/4668 2073/770/4668 2067/3299/4668
f 1963/3298/4669 1951/3300/4669 2083/3296/4669
f 2059/3398/4670 2058/3390/4670 2051/3412/4670
f 2016/2971/4671 1981/2973/4671 2111/3345/4671
f 2060/3258/4672 2019/3389/4672 2095/3259/4672
f 2089/3238/4673 1972/3330/4673 2061/3239/4673
f 1999/3305/4674 2063/3285/4674 2062/2663/4674
f 2075/3243/4675 1983/3293/4675 1926/3244/4675
f 2121/3395/4676 2059/3398/4676 2064/3396/4676
f 2128/3334/4677 2065/3413/4677 1996/2058/4677
f 2059/3398/4678 2121/3395/4678 2058/3390/4678
f 1993/2740/4679 2066/2617/4679 1959/2511/4679
f 1930/3265/4680 2050/3329/4680 2109/3233/4680
f 2068/2691/4681 1990/3336/4681 1405/2529/4681
f 2058/3390/4682 2021/3393/4682 2101/3341/4682
f 2019/3389/4683 2060/3258/4683 2109/3233/4683
f 2108/2786/4684 2093/3366/4685 2681/750/4685 2033/2784/4684
f 2093/3366/4686 2071/3262/4686 2681/750/4686
f 3888/1610/4687 3883/3414/4688 3866/1635/4688 3887/1611/4687
f 1398/2678/4689 1424/2638/4689 1425/2577/4690 1436/1606/4691 1446/1971/4691
f 1981/2973/4692 2104/3378/4692 2111/3345/4692
f 2117/3355/4693 2064/3396/4693 1980/3182/4693
f 2059/3398/4694 2051/3412/4694 2088/3415/4694
f 2013/3388/4695 1931/2636/4695 2085/2635/4695
f 3201/407/4696 2072/406/4696 2087/3270/4696
f 2077/3370/4697 2059/3398/4697 2088/3415/4697
f 2072/406/4698 2074/3416/4698 2087/3270/4698
f 1983/3293/4699 2075/3243/4699 1938/119/4699
f 2076/3411/4700 2074/3416/4700 3155/3311/4700
f 2024/3344/4701 2076/3411/4701 2042/1339/4701
f 2076/3411/4702 2088/3415/4702 2087/3270/4702
f 2076/3411/4703 2077/3370/4703 2088/3415/4703
f 2074/3416/4704 2076/3411/4704 2087/3270/4704
f 2085/2635/4705 1986/2634/4705 1929/3236/4705
f 3218/551/4706 3201/407/4706 2087/3270/4706
f 2037/3240/4707 1983/3293/4707 1923/118/4707
f 1954/3302/4708 2050/3329/4708 1930/3265/4708
f 4184/3417/4709 4183/1753/4709 842/1776/4710 4151/1027/4711 4152/1026/4712
f 2080/3385/4713 2115/3374/4713 1990/3336/4713
f 2056/3394/4714 2021/3393/4714 1956/3307/4714
f 2031/3397/4715 2082/3335/4715 2023/3146/4715
f 2114/3409/4716 1999/3305/4716 1998/3237/4716
f 2083/3296/4717 2037/3240/4717 1947/2934/4717
f 2084/3332/4718 2018/3143/4718 1965/3147/4718
f 2039/3380/4719 2041/3400/4719 2009/2664/4719
f 2038/3313/4720 1976/3343/4720 1975/3245/4720
f 1980/3182/4721 2000/3292/4721 1984/3183/4721
f 2122/3248/4722 2100/2259/4722 1925/2262/4722
f 2007/3365/4723 1986/2634/4723 2086/2633/4723
f 2088/3415/4724 3166/3386/4724 2087/3270/4724
f 3812/1126/4725 3824/3418/4725 3814/3419/4726 3818/1127/4726
f 1977/3304/4727 2090/3256/4727 2089/3238/4727
f 2127/3319/4728 2062/2663/4728 1929/3236/4728
f 2048/3235/4729 2120/3387/4729 2085/2635/4729
f 2065/3413/4730 2092/2057/4730 1996/2058/4730
f 2031/3397/4731 2023/3146/4731 1932/3234/4731
f 1962/3327/4732 2010/1337/4732 2055/3261/4732
f 2071/3262/4733 2093/3366/4733 2035/3267/4733
f 2050/3329/4734 2114/3409/4734 2061/3239/4734
f 1454/2682/4735 1935/3263/4735 1450/2618/4735
f 2001/3379/4736 2004/2247/4736 2094/2246/4736
f 2096/2289/4737 2011/3283/4737 2095/3259/4737
f 2102/3368/4738 2113/2982/4738 1978/3326/4738
f 1940/2677/4739 2097/3314/4739 1401/2585/4739
f 2098/3306/4740 2056/3394/4740 1956/3307/4740
f 1963/3298/4741 2083/3296/4741 2099/3295/4741
f 2100/2259/4742 1953/3282/4742 1952/2260/4742
f 2013/3388/4743 2015/2244/4743 2004/2247/4743
f 2083/3296/4744 2101/3341/4744 2037/3240/4744
f 1936/3281/4745 1937/3280/4745 2103/3337/4745
f 1942/3268/4746 2108/2786/4746 1952/2260/4746
f 2019/3389/4747 2044/3144/4747 2104/3378/4747
f 2112/2983/4748 2106/3342/4748 2105/3269/4748
f 2107/2661/4749 2009/2664/4749 1995/3279/4749
f 1968/3294/4750 1983/3293/4750 2037/3240/4750
f 2010/1337/4751 2054/3369/4751 2053/3076/4751
f 2019/3389/4752 2109/3233/4752 2043/3145/4752
f 1988/3255/4753 2110/3340/4753 2089/3238/4753
f 2016/2971/4754 2111/3345/4754 1994/3075/4754
f 4366/3420/4755 4215/883/4755 4268/3204/4756 4239/3421/4757 4225/3422/4757 4299/3423/4758
f 2114/3409/4759 1954/3302/4759 2063/3285/4759
f 2049/2245/4760 1943/3284/4760 1454/2682/4760
f 1990/3336/4761 2115/3374/4761 1989/3264/4761
f 2582/3424/4762 2570/3425/4763 2581/3426/4764 2563/3427/4765
f 2121/3395/4766 2117/3355/4766 1956/3307/4766
f 2033/2784/4767 2118/3351/4767 2078/158/4767
f 2132/3303/4768 1954/3302/4768 1930/3265/4768
f 4143/3428/4769 4140/3429/4770 4116/3430/4771 4138/3431/4772 3973/3432/4773
f 2682/3433/4774 2697/772/4774 2091/2933/4774
f 2090/3256/4775 1988/3255/4775 2089/3238/4775
f 2015/2244/4776 2120/3387/4776 2049/2245/4776
f 2021/3393/4777 2121/3395/4777 1956/3307/4777
f 4481/1303/4778 4450/3434/4779 4267/652/4780 4449/651/4781
f 1972/3330/4782 2031/3397/4782 2026/3331/4782
f 2006/3346/4783 2007/3365/4783 2086/2633/4783
f 2032/3347/4784 1991/3286/4784 2090/3256/4784
f 2105/3269/4785 2100/2259/4785 2122/3248/4785
f 2056/3394/4786 2020/3391/4786 2101/3341/4786
f 2069/542/4787 2126/541/4787 519/1084/4787
f 1957/3310/4788 2125/2981/4788 2124/2984/4788
f 2036/3308/4789 1956/3307/4789 2025/3254/4789
f 2062/2663/4790 2127/3319/4790 1924/3241/4790
f 1943/3284/4791 1928/2662/4791 1454/2682/4791
f 2128/3334/4792 2040/3321/4792 1973/3322/4792
f 2065/3413/4793 2128/3334/4793 1941/3401/4793
f 2004/2247/4794 2124/2984/4794 1931/2636/4794
f 2038/3313/4795 2008/3257/4796 1982/3359/4797 2018/3143/4798 2017/3184/4799
f 2057/771/4800 1950/3297/4800 2697/772/4800
f 1976/3343/4801 2038/3313/4801 1984/3183/4801
f 2120/3387/4802 2015/2244/4802 2013/3388/4802
f 2092/2057/4803 2065/3413/4803 2131/1119/4803
f 2115/3374/4804 2132/3303/4804 1930/3265/4804
f 2134/960/4805 2133/3435/4805 352/1045/4805
f 2187/3436/4806 2174/3437/4806 2137/3438/4806
f 2138/3439/4807 2165/3440/4807 2324/3441/4807
f 2288/3442/4808 364/985/4808 2139/954/4808
f 3852/782/4809 3853/3217/4809 3875/1938/4810 3876/779/4810
f 2140/3443/4811 2360/1298/4811 2965/3444/4811
f 2318/114/4812 2316/3445/4812 2136/865/4812
f 2635/1858/4813 2170/2197/4813 2234/2196/4813
f 2197/3446/4814 2282/3447/4814 2765/1362/4814
f 2355/112/4815 2141/115/4815 2168/2210/4815
f 2166/3448/4816 2287/3001/4816 2195/3449/4816
f 479/1133/4817 549/994/4818 470/996/4819
f 2142/3450/4820 2154/3451/4820 2155/3452/4820
f 2210/2543/4821 2340/232/4821 2351/3453/4821
f 2143/3454/4822 2333/1046/4822 2346/2521/4822
f 2299/2457/4823 2144/3455/4823 2284/2458/4823
f 1894/1766/4824 1903/3197/4825 1883/1999/4825 1878/1767/4824
f 3023/3456/4826 2185/3457/4826 2145/49/4826
f 2147/2987/4827 2146/1596/4827 2161/2988/4827
f 2165/3440/4828 2183/634/4828 2324/3441/4828
f 2303/231/4829 2307/3458/4829 2340/232/4829
f 586/1330/4830 2254/3459/4830 568/1331/4830
f 2205/2223/4831 2863/2765/4831 2370/3460/4831
f 2150/1963/4832 2149/3461/4832 2315/3462/4832
f 2151/3463/4833 2378/3464/4833 2342/3465/4833
f 2309/1597/4834 2232/3466/4834 2152/3467/4834
f 2335/3468/4835 2311/3469/4835 2153/3470/4835
f 2155/3452/4836 2154/3451/4836 2282/3447/4836
f 2207/3471/4837 2156/1643/4837 2316/3445/4837
f 2158/3472/4838 2326/3473/4838 2157/3474/4838
f 2175/548/4839 2158/3472/4839 2327/3475/4839
f 4838/3476/4840 4840/3477/4841 2612/2282/4842
f 4099/3478/4843 4041/3479/4844 4042/3480/4845 4098/2172/4845
f 2242/2224/4846 2167/3481/4846 2295/3482/4846
f 2475/3483/4847 2484/3484/4848 2425/2586/4849 2422/3485/4849
f 2849/3356/4850 2818/3384/4850 2765/1362/4850
f 2265/3486/4851 2317/3487/4851 2318/114/4851
f 2162/3488/4852 2161/2988/4852 2160/1341/4852
f 2162/3488/4853 2347/2989/4853 2161/2988/4853
f 2848/3025/4854 2845/3489/4855 2190/2337/4855 2199/3490/4854
f 2352/3491/4856 2379/3492/4856 2151/3463/4856
f 2163/3493/4857 2175/548/4857 2327/3475/4857
f 2348/492/4858 2366/491/4858 2164/3494/4858
f 2138/3439/4859 2248/2233/4859 2165/3440/4859
f 2148/3495/4860 2257/3496/4860 2166/3448/4860
f 2222/3497/4861 2289/3498/4861 2154/3451/4861
f 1406/2558/4862 1421/2582/4863 1451/2488/4863 1455/2578/4864 1452/2559/4864
f 2276/3499/4865 2166/3448/4865 2195/3449/4865
f 2167/3481/4866 2242/2224/4866 2205/2223/4866
f 2373/3500/4867 2635/1858/4867 2234/2196/4867
f 2189/636/4868 2798/3501/4868 2849/3356/4868
f 2264/2213/4869 2357/2520/4869 2168/2210/4869
f 2257/3496/4870 2169/3502/4870 2288/3442/4870
f 2329/3000/4871 2286/3503/4871 2287/3001/4871
f 546/1223/4872 1987/1287/4873 2028/1118/4874 466/1065/4874
f 2205/2223/4875 2244/3504/4875 2170/2197/4875
f 2542/3505/4876 2541/3506/4876 2534/3507/4877 2538/3508/4878 2469/1260/4878 2441/2991/4879
f 2323/1342/4880 2238/3509/4880 2338/1333/4880
f 2282/3447/4881 2267/3510/4881 2765/1362/4881
f 2141/115/4882 2359/2211/4883 2168/2210/4883
f 2245/3511/4884 1301/2413/4884 573/900/4884
f 2171/3512/4885 2249/3513/4885 2319/3514/4885
f 2249/3513/4886 2171/3512/4886 2248/2233/4886
f 12/19/4887 6/18/4887 4/15/4888 15/26/4888
f 2353/3515/4889 2193/3516/4889 2172/3517/4889
f 43/329/4890 27/101/4891 49/135/4891 36/137/4892 151/368/4892
f 2146/1596/4893 2261/490/4893 2161/2988/4893
f 2322/3518/4894 2369/3519/4894 2361/3520/4894
f 1536/2732/4895 1540/2771/4896 1522/2198/4896 1472/2695/4895
f 2188/3521/4897 2175/548/4897 2174/3437/4897
f 4390/3522/4898 4484/3523/4899 4452/3524/4900 4428/3525/4901
f 4605/599/4902 4604/3526/4902 4534/3527/4903 4654/3528/4904
f 3066/3529/4905 3056/3530/4905 2995/1699/4906 3063/1663/4907
f 4105/3531/4908 4143/3428/4908 4111/3532/4909 4117/3533/4910
f 2179/3534/4911 2178/3535/4911 2369/3519/4911
f 3101/3536/4912 3098/3537/4913 3069/2435/4913 3080/527/4914
f 2376/632/4915 2267/3510/4915 2264/2213/4915
f 4129/3538/4916 4141/3114/4917 4131/3113/4917 3985/3539/4916
f 1989/3264/4918 2116/3260/4918 1936/3281/4919 1990/3336/4920
f 2217/2544/4921 2192/394/4922 2381/1642/4922 2215/229/4921
f 2381/1642/4923 2171/3512/4923 2319/3514/4923
f 2183/634/4924 2306/3540/4924 2182/971/4924
f 2185/3457/4925 2184/50/4925 2145/49/4925
f 2291/3541/4926 2221/989/4926 2309/1597/4926
f 2186/3542/4927 2177/3002/4927 2287/3001/4927
f 2186/3542/4928 2293/3543/4928 2177/3002/4928
f 2360/1298/4929 2188/3521/4929 2187/3436/4929
f 2204/3544/4930 2270/3545/4930 2291/3541/4930
f 2844/3546/4931 2190/2337/4931 2189/636/4931
f 2255/707/4932 2212/3547/4932 2254/3459/4932
f 2353/3515/4933 2194/3548/4933 2193/3516/4933
f 2253/972/4934 2133/3435/4934 2134/960/4934
f 2811/3151/4935 2321/51/4935 2320/3549/4935
f 3035/3550/4936 3051/3551/4937 3006/1587/4937 2792/1586/4936
f 2330/2849/4938 2277/2848/4938 2308/3552/4938
f 2196/3553/4939 2213/3554/4939 2341/3555/4939
f 2198/1191/4940 2155/3452/4940 2197/3446/4940
f 2199/3490/4941 2844/3546/4941 2314/635/4941
f 2299/2457/4942 2200/3556/4942 2144/3455/4942
f 2162/3488/4943 2160/1341/4943 568/1331/4943
f 2201/3557/4944 2310/3558/4944 2352/3491/4944
f 2336/3559/4945 2201/3557/4945 2352/3491/4945
f 2350/2846/4946 2206/3560/4946 2207/3471/4946
f 2256/3561/4947 586/1330/4947 2202/974/4947
f 2261/490/4948 2349/489/4948 2161/2988/4948
f 2203/3562/4949 2309/1597/4949 2146/1596/4949
f 1055/2059/4950 899/1865/4951 1034/545/4952 1057/2036/4953 1025/798/4954 1024/801/4955
f 2136/865/4956 2156/1643/4956 2135/866/4956
f 1445/2561/4957 1458/796/4957 1453/2495/4958 1379/2503/4958
f 2236/3202/4959 2169/3502/4959 2148/3495/4959
f 2211/3563/4960 2210/2543/4960 2351/3453/4960
f 2204/3544/4961 2291/3541/4961 2172/3517/4961
f 2164/3494/4962 2366/491/4963 2176/1595/4963 2367/3564/4964 2268/3565/4965 2332/3566/4966 2373/3500/4967 2234/2196/4968 2241/2195/4969 2294/3567/4969
f 4233/3568/4970 4237/3569/4971 3901/3275/4971 4238/3274/4970
f 2381/1642/4972 2192/394/4972 2171/3512/4972
f 2263/2194/4973 2244/3504/4973 2205/2223/4973
f 2181/230/4974 2206/3560/4974 2303/231/4974
f 2208/3570/4975 2309/1597/4975 2152/3467/4975
f 2297/2455/4976 2209/3571/4976 2364/1297/4976
f 2211/3563/4977 2293/3543/4977 2210/2543/4977
f 2867/2764/4978 2884/3572/4978 2887/1944/4979 2371/1947/4979
f 2141/115/4980 2318/114/4980 2331/867/4980
f 2249/3513/4981 2247/3573/4981 2319/3514/4981
f 2381/1642/4982 2319/3514/4982 2135/866/4982
f 2992/3574/4983 3020/3575/4983 2692/2553/4984 2990/2552/4984
f 1566/2843/4985 1563/2823/4986 1732/2845/4986 1586/2850/4987 1582/2803/4987
f 2179/3534/4988 2159/3576/4988 2149/3461/4988
f 2212/3547/4989 2162/3488/4989 568/1331/4989
f 2254/3459/4990 2212/3547/4990 568/1331/4990
f 2213/3554/4991 2298/3577/4991 2144/3455/4991
f 3446/3068/4992 3443/3578/4993 3444/2878/4994 3358/2881/4995
f 368/980/4996 364/985/4996 363/976/4996
f 2375/3579/4997 2204/3544/4997 2193/3516/4997
f 2316/3445/4998 2156/1643/4998 2136/865/4998
f 2245/3511/4999 2214/1946/4999 2363/1945/4999
f 2207/3471/5000 2206/3560/5000 2156/1643/5000
f 1292/506/5001 1316/505/5001 1260/2383/5002 1343/2395/5002
f 2326/3473/5003 2328/3580/5003 2157/3474/5003
f 2192/394/5004 2217/2544/5004 2191/391/5004
f 1138/2098/5005 1131/2097/5006 1132/3410/5007 1063/2081/5007
f 2357/2520/5008 2267/3510/5008 2222/3497/5008
f 1107/254/5009 1129/1576/5009 1144/2183/5010 1145/255/5010
f 2353/3515/5011 2301/3581/5011 2231/3582/5011
f 2243/3583/5012 2271/1964/5012 2150/1963/5012
f 2357/2520/5013 2222/3497/5013 2346/2521/5013
f 2223/3584/5014 2228/3585/5014 2293/3543/5014
f 2177/3002/5015 2292/3586/5015 2224/3003/5015
f 2224/3003/5016 2240/2990/5016 2347/2989/5016
f 2383/1641/5017 2206/3560/5017 2181/230/5017
f 280/721/5018 277/691/5018 281/815/5019 317/731/5019
f 2312/1047/5020 2265/3486/5020 2318/114/5020
f 2225/3587/5021 2240/2990/5021 2224/3003/5021
f 2226/710/5022 2224/3003/5022 2347/2989/5022
f 2971/1195/5023 2559/1194/5024 2574/2151/5024 2566/3588/5023
f 2325/3589/5025 2169/3502/5025 2236/3202/5025
f 2206/3560/5026 2350/2846/5026 2303/231/5026
f 1705/2974/5027 1686/2749/5028 1704/2748/5029 1689/2980/5030
f 2357/2520/5031 2355/112/5031 2168/2210/5031
f 2228/3585/5032 2292/3586/5032 2293/3543/5032
f 2255/707/5033 2226/710/5033 2347/2989/5033
f 2246/1962/5034 2230/3590/5034 2179/3534/5034
f 2748/3591/5035 2739/3592/5036 2744/3149/5037 2745/3593/5037
f 2223/3584/5038 2243/3583/5038 2231/3582/5038
f 227/592/5039 220/589/5040 214/590/5041 236/559/5042
f 2232/3466/5043 2203/3562/5043 2147/2987/5043
f 2189/636/5044 2190/2337/5044 2798/3501/5044
f 2179/3534/5045 2230/3590/5045 2178/3535/5045
f 2251/3594/5046 2302/3201/5046 2226/710/5046
f 2200/3556/5047 2235/3595/5047 2144/3455/5047
f 2198/1191/5048 2142/3450/5048 2155/3452/5048
f 2240/2990/5049 2225/3587/5049 2208/3570/5049
f 2219/392/5050 2191/391/5050 2257/3496/5050
f 2239/2651/5051 2238/3509/5051 2323/1342/5051
f 2380/2453/5052 2281/3596/5052 2944/2051/5052
f 2240/2990/5053 2208/3570/5053 2152/3467/5053
f 2242/2224/5054 2295/3482/5055 2241/2195/5054
f 2147/2987/5056 2203/3562/5056 2146/1596/5056
f 2243/3583/5057 2223/3584/5057 2216/3597/5057
f 2244/3504/5058 2263/2194/5058 2170/2197/5058
f 2167/3481/5059 2245/3511/5059 573/900/5059
f 2251/3594/5060 2226/710/5060 2250/709/5060
f 2150/1963/5061 2246/1962/5061 2149/3461/5061
f 2281/3596/5062 2951/3598/5062 2944/2051/5062
f 2365/121/5063 2297/2455/5063 2364/1297/5063
f 2249/3513/5064 2248/2233/5064 2247/3573/5064
f 2251/3594/5065 2250/709/5065 2280/708/5065
f 2271/1964/5066 2252/3599/5066 2308/3552/5066
f 2161/2988/5067 2349/489/5067 2160/1341/5067
f 2279/3600/5068 2245/3511/5068 2167/3481/5068
f 2369/3519/5069 2178/3535/5069 2361/3520/5069
f 2182/971/5070 2306/3540/5070 2253/972/5070
f 2951/3598/5071 2281/3596/5071 2299/2457/5071
f 4250/2178/5072 4238/3601/5072 4211/3602/5073 4212/2179/5073
f 2175/548/5074 2163/3493/5074 2174/3437/5074
f 1814/3086/5075 1795/3150/5075 1799/3090/5076 1800/3089/5077
f 2169/3502/5078 2257/3496/5078 2148/3495/5078
f 2337/3603/5079 2213/3554/5079 2144/3455/5079
f 2281/3596/5080 2200/3556/5080 2299/2457/5080
f 2188/3521/5081 2374/549/5081 2175/548/5081
f 2157/3474/5082 2260/3604/5082 2163/3493/5082
f 2271/1964/5083 2243/3583/5083 2216/3597/5083
f 2261/490/5084 2176/1595/5084 2366/491/5084
f 2262/988/5085 2290/987/5085 2268/3565/5085
f 2193/3516/5086 2204/3544/5086 2172/3517/5086
f 2176/1595/5087 2261/490/5087 2146/1596/5087
f 2264/2213/5088 2267/3510/5088 2357/2520/5088
f 2212/3547/5089 2255/707/5089 2347/2989/5089
f 2810/1507/5090 2143/3454/5090 2346/2521/5090
f 2266/3605/5091 2265/3486/5091 2361/3520/5091
f 2222/3497/5092 2267/3510/5092 2289/3498/5092
f 2367/3564/5093 2262/988/5093 2268/3565/5093
f 2269/2456/5094 2300/3606/5094 2299/2457/5094
f 2228/3585/5095 2223/3584/5095 2292/3586/5095
f 2280/708/5096 2325/3589/5096 2236/3202/5096
f 2270/3545/5097 2305/986/5097 2221/989/5097
f 4432/3607/5098 4434/3608/5099 4403/3609/5099 4386/1908/5098
f 3773/2551/5100 3657/3610/5101 3607/3088/5101 3608/2548/5102
f 2274/3611/5103 2663/1860/5103 2273/3612/5103
f 2311/3469/5104 2322/3518/5104 2153/3470/5104
f 2209/3571/5105 2188/3521/5105 2360/1298/5105
f 2186/3542/5106 2217/2544/5106 2210/2543/5106
f 2644/3613/5107 2194/3548/5107 2339/3614/5107
f 2233/3615/5108 2276/3499/5108 2286/3503/5108
f 2863/2765/5109 2371/1947/5109 2370/3460/5109
f 2149/3461/5110 2196/3553/5110 2315/3462/5110
f 2230/3590/5111 2246/1962/5111 2382/1961/5112 2229/2847/5112
f 2382/1961/5113 2271/1964/5113 2308/3552/5113
f 2277/2848/5114 2382/1961/5114 2308/3552/5114
f 2297/2455/5115 2278/3616/5115 2209/3571/5115
f 2185/3457/5116 3023/3456/5116 2137/3438/5116
f 2372/2454/5117 2278/3616/5117 2297/2455/5117
f 2270/3545/5118 2221/989/5118 2291/3541/5118
f 2279/3600/5119 2167/3481/5119 2205/2223/5119
f 2251/3594/5120 2280/708/5120 2236/3202/5120
f 2179/3534/5121 2369/3519/5121 2159/3576/5121
f 2276/3499/5122 2233/3615/5122 2166/3448/5122
f 2187/3436/5123 2188/3521/5123 2174/3437/5123
f 2281/3596/5124 2235/3595/5124 2200/3556/5124
f 2197/3446/5125 2155/3452/5125 2282/3447/5125
f 2213/3554/5126 2337/3603/5126 2341/3555/5126
f 2272/3617/5127 2283/3618/5127 2239/2651/5127
f 958/1889/5128 909/1871/5128 923/1896/5129 914/1397/5130
f 2272/3617/5131 2348/492/5131 2164/3494/5131
f 4165/3619/5132 4185/3620/5132 4160/3621/5133 4161/3622/5133
f 2341/3555/5134 2354/3623/5134 2285/3624/5134
f 2377/2536/5135 2288/3442/5135 2139/954/5135
f 2158/3472/5136 2345/547/5136 2378/3464/5136
f 2288/3442/5137 2325/3589/5137 364/985/5137
f 2635/1858/5138 2859/2766/5138 2170/2197/5138
f 2154/3451/5139 2289/3498/5139 2282/3447/5139
f 2290/987/5140 2332/3566/5140 2268/3565/5140
f 2644/3613/5141 2304/3625/5141 2194/3548/5141
f 2340/232/5142 2307/3458/5142 2351/3453/5142
f 2293/3543/5143 2292/3586/5143 2177/3002/5143
f 2256/3561/5144 2254/3459/5144 586/1330/5144
f 369/696/5145 371/868/5145 404/932/5146 361/998/5147
f 2241/2195/5148 2295/3482/5148 2294/3567/5148
f 2289/3498/5149 2267/3510/5149 2282/3447/5149
f 1527/2200/5150 1492/2697/5151 1493/2701/5152 1531/2252/5153 1521/2201/5153
f 2507/1626/5154 2495/1040/5154 1786/3052/5155 1750/1627/5155
f 2375/3579/5156 2305/986/5156 2270/3545/5157 2204/3544/5157
f 2365/121/5158 2300/3606/5158 2297/2455/5158
f 2225/3587/5159 2301/3581/5159 2353/3515/5159
f 2209/3571/5160 2278/3616/5160 2188/3521/5160
f 835/1452/5161 803/1714/5162 827/1417/5163 625/1416/5161
f 2481/2514/5164 2480/2513/5164 2443/3626/5165 2475/3483/5165 2432/3627/5166
f 3370/3392/5167 3368/3628/5167 1647/2927/5168 3410/2926/5168
f 2339/3614/5169 2194/3548/5169 2353/3515/5169
f 2292/3586/5170 2223/3584/5170 2301/3581/5170
f 2196/3553/5171 2341/3555/5171 2285/3624/5171
f 2272/3617/5172 2239/2651/5172 2348/492/5172
f 2305/986/5173 2332/3566/5173 2290/987/5173
f 3807/1128/5174 3804/3629/5175 1676/2365/5176 3798/1129/5177
f 2252/3599/5178 2211/3563/5178 2351/3453/5178
f 2246/1962/5179 2179/3534/5179 2149/3461/5179
f 2321/51/5180 2184/50/5180 2185/3457/5180
f 2143/3454/5181 2201/3557/5181 2333/1046/5181
f 2302/3201/5182 2251/3594/5182 2236/3202/5182
f 2330/2849/5183 2307/3458/5183 2303/231/5183
f 2304/3625/5184 2375/3579/5184 2193/3516/5184
f 2306/3540/5185 2218/2234/5185 2133/3435/5185
f 364/985/5186 2280/708/5186 363/976/5186
f 2326/3473/5187 2158/3472/5187 2378/3464/5187
f 2279/3600/5188 2205/2223/5188 2370/3460/5188
f 2196/3553/5189 2285/3624/5189 2315/3462/5189
f 2374/549/5190 2258/2459/5190 2227/546/5190
f 2336/3559/5191 2312/1047/5191 2333/1046/5191
f 2330/2849/5192 2308/3552/5192 2307/3458/5192
f 2369/3519/5193 2322/3518/5193 2311/3469/5193
f 2257/3496/5194 2191/391/5194 2166/3448/5194
f 2194/3548/5195 2304/3625/5195 2193/3516/5195
f 942/1720/5196 943/1724/5196 935/1881/5197 898/1851/5197
f 2309/1597/5198 2203/3562/5198 2232/3466/5198
f 2352/3491/5199 2310/3558/5199 2379/3492/5199
f 2206/3560/5200 2383/1641/5200 2156/1643/5200
f 2373/3500/5201 2665/1859/5201 2635/1858/5201
f 1790/3026/5202 1751/3027/5203 1752/3055/5204 1776/3031/5204
f 2312/1047/5205 2336/3559/5205 2265/3486/5205
f 2339/3614/5206 2353/3515/5206 2354/3623/5206
f 2213/3554/5207 2196/3553/5207 2149/3461/5207
f 172/456/5208 190/520/5208 192/382/5209 174/2739/5209
f 2920/3630/5210 2275/3631/5210 3023/3456/5210
f 2248/2233/5211 2220/2232/5211 2165/3440/5211
f 2308/3552/5212 2252/3599/5212 2307/3458/5212
f 2314/635/5213 2844/3546/5213 2189/636/5213
f 2886/2419/5214 2883/2418/5215 2892/2388/5216 2890/2313/5216 2884/3572/5217
f 2233/3615/5218 2148/3495/5218 2166/3448/5218
f 2221/989/5219 2367/3564/5219 2176/1595/5219
f 2243/3583/5220 2150/1963/5220 2315/3462/5220
f 2285/3624/5221 2231/3582/5221 2315/3462/5221
f 2318/114/5222 2317/3487/5222 2316/3445/5222
f 2183/634/5223 2182/971/5223 411/1048/5223
f 2334/633/5224 2376/632/5224 2264/2213/5224
f 2135/866/5225 2319/3514/5225 2331/867/5225
f 2321/51/5226 2328/3580/5226 2320/3549/5226
f 2358/2212/5227 2138/3439/5227 2324/3441/5227
f 2346/2521/5228 2222/3497/5228 2154/3451/5228
f 2320/3549/5229 2326/3473/5229 2378/3464/5229
f 2266/3605/5230 2317/3487/5230 2265/3486/5230
f 2174/3437/5231 2163/3493/5231 2137/3438/5231
f 2239/2651/5232 2323/1342/5232 569/1335/5232
f 2199/3490/5233 2183/634/5233 411/1048/5233
f 2811/3151/5234 2201/3557/5234 2810/1507/5234
f 2358/2212/5235 2359/2211/5235 2319/3514/5235
f 2169/3502/5236 2325/3589/5236 2288/3442/5236
f 2166/3448/5237 2186/3542/5237 2287/3001/5237
f 2252/3599/5238 2271/1964/5238 2211/3563/5238
f 2185/3457/5239 2260/3604/5239 2157/3474/5239
f 2278/3616/5240 2374/549/5240 2188/3521/5240
f 2320/3549/5241 2328/3580/5241 2326/3473/5241
f 2343/3632/5242 2230/3590/5242 2229/2847/5242
f 2260/3604/5243 2185/3457/5243 2137/3438/5243
f 2328/3580/5244 2185/3457/5244 2157/3474/5244
f 1339/2369/5245 1244/2379/5246 1248/2370/5245
f 2227/546/5247 2258/2459/5247 2298/3577/5247
f 2319/3514/5248 2141/115/5248 2331/867/5248
f 2311/3469/5249 2335/3468/5249 2151/3463/5249
f 2265/3486/5250 2336/3559/5250 2180/3633/5250
f 2273/3612/5251 2332/3566/5251 2305/986/5251
f 2201/3557/5252 2336/3559/5252 2333/1046/5252
f 2334/633/5253 2264/2213/5253 2358/2212/5253
f 2663/1860/5254 2332/3566/5254 2273/3612/5254
f 2336/3559/5255 2335/3468/5255 2153/3470/5255
f 2235/3595/5256 2337/3603/5256 2144/3455/5256
f 2199/3490/5257 2314/635/5257 2183/634/5257
f 2810/1507/5258 2201/3557/5258 2143/3454/5258
f 2238/3509/5259 2295/3482/5259 2338/1333/5259
f 2295/3482/5260 2167/3481/5260 573/900/5260
f 2310/3558/5261 2201/3557/5261 2811/3151/5261
f 2259/3634/5262 2644/3613/5262 2339/3614/5262
f 2337/3603/5263 2235/3595/5263 2341/3555/5263
f 2159/3576/5264 2368/3635/5264 2342/3465/5264
f 2247/3573/5265 2248/2233/5265 2138/3439/5265
f 3050/3636/5266 3055/3637/5266 3039/3638/5267 3048/3639/5267
f 2212/3547/5268 2347/2989/5268 2162/3488/5268
f 2335/3468/5269 2352/3491/5269 2151/3463/5269
f 2350/2846/5270 2330/2849/5270 2303/231/5270
f 2307/3458/5271 2252/3599/5271 2351/3453/5271
f 2220/2232/5272 2306/3540/5272 2165/3440/5272
f 2336/3559/5273 2352/3491/5273 2335/3468/5273
f 2306/3540/5274 2183/634/5274 2165/3440/5274
f 2357/2520/5275 2356/113/5275 2355/112/5275
f 2328/3580/5276 2321/51/5276 2185/3457/5276
f 2665/1859/5277 2332/3566/5277 2663/1860/5277
f 2218/2234/5278 2219/392/5278 2257/3496/5278
f 2301/3581/5279 2223/3584/5279 2231/3582/5279
f 2951/3598/5280 2896/3640/5280 2944/2051/5280
f 2965/3444/5281 2360/1298/5281 2187/3436/5281
f 2306/3540/5282 2133/3435/5282 2253/972/5282
f 2361/3520/5283 2265/3486/5283 2180/3633/5283
f 2175/548/5284 2345/547/5284 2158/3472/5284
f 2192/394/5285 2362/393/5285 2171/3512/5285
f 1301/2413/5286 2245/3511/5286 2363/1945/5286
f 2216/3597/5287 2223/3584/5287 2293/3543/5287
f 661/1547/5288 678/1514/5288 651/1516/5289 674/1509/5289
f 2420/3641/5290 2416/3642/5291 2421/3643/5292 2401/3644/5293
f 2371/1947/5294 2214/1946/5294 2370/3460/5294
f 2293/3543/5295 2186/3542/5295 2210/2543/5295
f 2338/1333/5296 2295/3482/5296 573/900/5296
f 2368/3635/5297 2151/3463/5297 2342/3465/5297
f 2227/546/5298 2298/3577/5298 2344/3645/5298
f 4479/3646/5299 4207/3647/5300 4187/3648/5300 4210/3649/5301
f 2258/2459/5302 2374/549/5302 2372/2454/5302
f 2378/3464/5303 2345/547/5303 2342/3465/5303
f 2231/3582/5304 2243/3583/5304 2315/3462/5304
f 2332/3566/5305 2665/1859/5305 2373/3500/5305
f 2310/3558/5306 2811/3151/5306 2320/3549/5306
f 2374/549/5307 2278/3616/5307 2372/2454/5307
f 1846/820/5308 1808/3117/5309 1806/3095/5310 1812/326/5310 1843/3148/5311 1837/3091/5312
f 2286/3503/5313 2329/3000/5313 2236/3202/5313
f 2267/3510/5314 2376/632/5314 2765/1362/5314
f 2368/3635/5315 2311/3469/5315 2151/3463/5315
f 2377/2536/5316 2237/2535/5316 2288/3442/5316
f 2226/710/5317 2302/3201/5317 2224/3003/5317
f 2325/3589/5318 2280/708/5318 364/985/5318
f 2272/3617/5319 2164/3494/5319 2294/3567/5319
f 2359/2211/5320 2141/115/5320 2319/3514/5320
f 2364/1297/5321 2209/3571/5321 2360/1298/5321
f 2151/3463/5322 2379/3492/5322 2378/3464/5322
f 2306/3540/5323 2220/2232/5323 2218/2234/5323
f 2281/3596/5324 2380/2453/5324 2235/3595/5324
f 2262/988/5325 2367/3564/5325 2221/989/5325
f 2140/3443/5326 2173/122/5327 2360/1298/5326
f 2215/229/5328 2381/1642/5328 2181/230/5328
f 2229/2847/5329 2382/1961/5329 2277/2848/5329
f 2381/1642/5330 2383/1641/5330 2181/230/5330
f 2300/3606/5331 2269/2456/5331 2297/2455/5331
f 2163/3493/5332 2260/3604/5332 2137/3438/5332
f 2343/3632/5333 2229/2847/5333 2350/2846/5333
f 2386/2646/5334 2387/2145/5334 1433/2192/5334
f 2385/3650/5335 2516/3651/5335 2390/3652/5335
f 2508/3653/5336 2385/3650/5336 2384/3654/5336
f 2388/1208/5337 2387/2145/5337 2386/2646/5337
f 2096/2289/5338 2389/3655/5338 2011/3283/5338
f 2389/3655/5339 2384/3126/5339 2011/3283/5339
f 3012/1700/5340 3018/3656/5340 2791/3657/5341 3119/3658/5342
f 2389/3655/5343 2498/3127/5343 2384/3126/5343
f 2678/3659/5344 2601/3660/5345 2625/3661/5345 2600/3662/5344
f 2516/3651/5346 2388/1208/5346 2390/3652/5346
f 2384/3654/5347 2385/3650/5347 2390/3652/5347
f 1329/2399/5348 1272/2384/5348 1249/2217/5349 1235/2344/5349
f 2392/1730/5350 2399/2720/5350 2395/3663/5350
f 3752/1734/5351 3635/3664/5352 3779/3665/5353 3625/1735/5354
f 2310/3558/5355 2320/3549/5355 2378/3464/5356 2379/3492/5357
f 2398/3666/5358 2397/3667/5358 2418/3668/5358
f 4708/3669/5359 4611/601/5359 4618/3670/5360 4496/3671/5360
f 1218/2305/5361 1226/2308/5362 1188/354/5362 1185/353/5363
f 2512/3672/5364 2499/3128/5364 2506/2287/5365 2502/3673/5365
f 2415/1171/5366 2419/2588/5366 2404/1168/5366
f 2420/3674/5367 2401/3675/5367 2417/1732/5367
f 3599/3676/5368 3596/3677/5369 3594/754/5370 3593/3678/5370
f 2397/3667/5371 2393/1731/5371 2392/1730/5371
f 2407/3679/5372 2401/3644/5372 2406/2500/5372
f 2396/3680/5373 2398/3666/5373 2418/3668/5373
f 2426/3681/5374 2547/3062/5374 1753/3058/5374
f 2402/1804/5375 3221/3682/5375 2405/2497/5375
f 2407/3683/5376 2413/3684/5376 2424/1733/5376
f 2423/3685/5377 2418/3668/5377 2395/3663/5377
f 2394/3686/5378 2400/1525/5378 2393/1731/5378
f 2394/3686/5379 2393/1731/5379 2397/3667/5379
f 2418/3668/5380 2392/1730/5380 2395/3663/5380
f 2423/3685/5381 2396/3680/5381 2418/3668/5381
f 2398/3666/5382 2394/3686/5382 2397/3667/5382
f 2503/3687/5383 2427/1526/5383 2394/3686/5383
f 1774/3047/5384 1771/3049/5385 1791/3030/5386 4818/3077/5387
f 2657/1032/5388 2673/1031/5389 2676/3688/5390 2668/3689/5391
f 2117/3355/5392 2022/3181/5393 2084/3332/5394 2025/3254/5395
f 2421/3643/5396 2520/3690/5397 2403/1805/5398 2402/1804/5399 2401/3644/5399
f 2527/77/5400 2411/3691/5400 2404/1168/5400
f 2428/2719/5401 2426/3681/5402 1760/3057/5403
f 2405/2497/5404 3405/3692/5404 3381/2498/5404
f 3367/3693/5405 2407/3679/5405 2406/2500/5405
f 2423/3685/5406 2395/3663/5406 2412/3694/5407 1744/3033/5407
f 2503/3687/5408 2394/3686/5408 2398/3666/5408
f 2412/3694/5409 2395/3663/5409 1768/3064/5409
f 2412/3694/5410 1768/3064/5410 1744/3033/5410
f 2751/3695/5411 2614/3696/5411 2617/3697/5412 2609/3698/5412
f 2399/2720/5413 2428/2719/5413 1760/3057/5413
f 2422/3485/5414 2425/2586/5414 2415/1171/5414
f 3456/2499/5415 3363/3699/5415 2406/2500/5415
f 2404/1168/5416 2411/3691/5416 2391/1169/5416
f 3037/3700/5417 3043/3701/5418 3031/3702/5419 3000/3703/5419 3036/3704/5417
f 2408/2718/5420 2392/1730/5420 2415/1171/5420
f 3363/3699/5421 3367/3693/5421 2406/2500/5421
f 2413/3684/5422 2422/3485/5422 2424/1733/5422
f 2408/2718/5423 2415/1171/5423 2410/1170/5423
f 2391/1169/5424 2525/3705/5424 2409/3034/5424
f 2424/1733/5425 2422/3485/5425 2415/1171/5425
f 2420/3641/5426 2400/3706/5426 2416/3642/5426
f 1857/793/5427 1818/792/5428 1839/2874/5429 1836/2291/5427
f 2418/3668/5430 2397/3667/5430 2392/1730/5430
f 2428/2719/5431 2408/2718/5431 2410/1170/5431
f 3221/3682/5432 2402/1804/5432 2414/1803/5432
f 2475/3483/5433 2422/3485/5433 2413/3684/5433
f 1758/1346/5434 2497/2044/5434 1762/3032/5434
f 1762/3032/5435 2423/3685/5435 1744/3033/5435
f 4277/3707/5436 4279/3708/5437 4276/1653/5438 4251/1652/5439 4283/3709/5439
f 2392/1730/5440 2424/1733/5440 2415/1171/5440
f 2416/3642/5441 2400/3706/5441 2523/3710/5441
f 3367/3711/5442 2433/3712/5442 2407/3683/5442
f 2400/1525/5443 2420/3674/5443 2417/1732/5443
f 1760/3057/5444 2426/3681/5444 1753/3058/5444
f 2433/3712/5445 2413/3684/5445 2407/3683/5445
f 2427/1526/5446 2400/1525/5446 2394/3686/5446
f 2400/3706/5447 2429/3713/5447 2523/3710/5447
f 2459/3714/5448 1709/2995/5448 1689/2980/5448
f 3478/3223/5449 2448/3715/5449 3367/3693/5449
f 2456/3716/5450 2455/2512/5450 2436/2515/5450
f 2430/3717/5451 2474/3718/5451 2454/3719/5451
f 2465/3720/5452 2470/3721/5452 2450/3722/5452
f 2443/3626/5453 2483/3723/5453 2484/3484/5453
f 2460/3724/5454 2462/3725/5454 2439/1262/5454
f 2459/3714/5455 2482/1263/5455 1667/2967/5455
f 2449/3726/5456 2467/3727/5456 2434/3728/5456
f 2477/3729/5457 2491/3730/5457 2473/3731/5457
f 2464/3732/5458 2471/3733/5458 2435/3734/5458
f 2432/3627/5459 2431/3735/5459 2481/2514/5459
f 2445/3736/5460 2476/3737/5460 2456/3716/5460
f 2452/3738/5461 2472/3739/5462 2462/3725/5461
f 2458/3740/5463 2451/3741/5463 2452/3738/5463
f 2488/3742/5464 2437/3743/5464 2470/3721/5464
f 2471/3733/5465 2449/3726/5465 2434/3728/5465
f 2451/3741/5466 2444/3744/5466 2452/3738/5466
f 2431/3735/5467 2432/3627/5467 2433/3712/5467
f 1667/2967/5468 2482/1263/5468 2461/2985/5468
f 2446/3745/5469 2444/3744/5469 2451/3741/5469
f 2532/3746/5470 2524/75/5470 2434/3728/5470
f 2452/3738/5471 2533/3747/5471 2467/3727/5471
f 2488/3742/5472 2464/3732/5472 2435/3734/5472
f 2449/3726/5473 2464/3732/5473 2465/3720/5473
f 2469/1260/5474 2459/3714/5474 1689/2980/5474
f 2436/2515/5475 2481/2514/5475 2448/3748/5475
f 2453/3749/5476 2492/2587/5476 2474/3718/5476
f 2486/3750/5477 2438/3751/5477 2437/3743/5477
f 2447/3752/5478 2463/3753/5478 2466/2939/5478
f 2463/3753/5479 1657/2956/5479 2466/2939/5479
f 2489/3754/5480 2440/3755/5480 2476/3737/5480
f 2533/3747/5481 2532/3746/5481 2434/3728/5481
f 2471/3733/5482 2442/74/5482 2435/3734/5482
f 2660/3756/5483 2648/3757/5483 2659/3758/5484 2661/3759/5485
f 2441/2991/5486 2469/1260/5486 1689/2980/5486
f 2538/3508/5487 2468/1261/5487 2469/1260/5487
f 2452/3738/5488 2444/3744/5488 2472/3739/5488
f 2447/3752/5489 2446/3745/5489 2445/3736/5489
f 1872/3176/5490 1918/2723/5490 1485/2722/5491
f 3351/3760/5492 2436/2515/5492 2448/3748/5492
f 2430/3717/5493 2453/3749/5493 2474/3718/5493
f 3861/346/5494 3882/3761/5495 3914/3762/5496 3826/3252/5497 3961/3251/5497
f 2458/3740/5498 2449/3726/5498 2465/3720/5498
f 2451/3741/5499 2458/3740/5499 2450/3722/5499
f 2444/3744/5500 2447/3752/5500 2472/3739/5500
f 2426/3681/5501 2428/2719/5501 2409/3034/5502 2525/3705/5503 2526/3763/5503 2547/3062/5504
f 2460/3724/5505 2452/3738/5505 2462/3725/5505
f 2538/3508/5506 2487/3764/5506 2468/1261/5506
f 2492/2587/5507 2453/3749/5507 2419/2588/5507
f 2457/3765/5508 2430/3717/5508 2454/3719/5508
f 2476/3737/5509 2440/3755/5509 2455/2512/5509
f 2456/3716/5510 2476/3737/5510 2455/2512/5510
f 2430/3717/5511 2457/3765/5511 2527/77/5511
f 2458/3740/5512 2452/3738/5512 2467/3727/5512
f 2449/3726/5513 2458/3740/5513 2467/3727/5513
f 2472/3739/5514 2447/3752/5514 1660/2931/5514
f 2481/2514/5515 2431/3735/5515 2448/3748/5515
f 2488/3742/5516 2435/3734/5516 2477/3729/5516
f 2469/1260/5517 2482/1263/5517 2459/3714/5517
f 2464/3732/5518 2488/3742/5518 2470/3721/5518
f 2468/1261/5519 2460/3724/5519 2439/1262/5519
f 2462/3725/5520 2472/3739/5520 2461/2985/5520
f 2448/3748/5521 2431/3735/5521 3367/3711/5521
f 2431/3735/5522 2433/3712/5522 3367/3711/5522
f 2484/3484/5523 2492/2587/5523 2425/2586/5523
f 2462/3725/5524 2482/1263/5524 2439/1262/5524
f 2472/3739/5525 1693/2962/5525 2461/2985/5525
f 2463/3753/5526 2456/3716/5526 2436/2515/5526
f 2465/3720/5527 2464/3732/5527 2470/3721/5527
f 2524/75/5528 2442/74/5528 2471/3733/5528
f 2447/3752/5529 2466/2939/5529 1660/2931/5529
f 2467/3727/5530 2533/3747/5530 2434/3728/5530
f 2470/3721/5531 2489/3754/5531 2450/3722/5531
f 2463/3753/5532 2447/3752/5532 2445/3736/5532
f 1811/2893/5533 1821/461/5534 1820/464/5534
f 2446/3745/5535 2489/3754/5535 2476/3737/5535
f 2487/3764/5536 2533/3747/5536 2452/3738/5536
f 2524/75/5537 2471/3733/5537 2434/3728/5537
f 1693/2962/5538 2472/3739/5538 1660/2931/5538
f 2463/3753/5539 2445/3736/5539 2456/3716/5539
f 2446/3745/5540 2447/3752/5540 2444/3744/5540
f 2457/3765/5541 2442/74/5541 2527/77/5541
f 2438/3751/5542 2486/3750/5542 2483/3723/5542
f 2488/3742/5543 2477/3729/5543 2473/3731/5543
f 2486/3750/5544 2473/3731/5544 2483/3723/5544
f 1709/2995/5545 2459/3714/5545 1667/2967/5545
f 2471/3733/5546 2464/3732/5546 2449/3726/5546
f 2419/2588/5547 2453/3749/5547 2404/1168/5547
f 2483/3723/5548 2492/2587/5548 2484/3484/5548
f 2477/3729/5549 2485/3766/5549 2474/3718/5549
f 2445/3736/5550 2446/3745/5550 2476/3737/5550
f 3352/1918/5551 2490/1917/5551 3351/2622/5551
f 2435/3734/5552 2485/3766/5552 2477/3729/5552
f 2485/3766/5553 2457/3765/5553 2454/3719/5553
f 2443/3626/5554 2480/2513/5554 2455/2512/5554
f 2491/3730/5555 2477/3729/5555 2474/3718/5555
f 2489/3754/5556 2446/3745/5556 2451/3741/5556
f 2457/3765/5557 2485/3766/5557 2435/3734/5557
f 2458/3740/5558 2465/3720/5558 2450/3722/5558
f 2478/1919/5559 2479/2729/5559 3477/2950/5559
f 3352/1918/5560 2479/2729/5560 2478/1919/5560
f 2522/2043/5561 2514/3218/5561 2493/3767/5562 2497/2044/5562
f 2442/74/5563 2457/3765/5563 2435/3734/5563
f 2482/1263/5564 2462/3725/5564 2461/2985/5564
f 2473/3731/5565 2491/3730/5565 2483/3723/5565
f 2468/1261/5566 2487/3764/5566 2460/3724/5566
f 2443/3626/5567 2484/3484/5567 2475/3483/5567
f 2474/3718/5568 2485/3766/5568 2454/3719/5568
f 2491/3730/5569 2492/2587/5569 2483/3723/5569
f 2486/3750/5570 2437/3743/5570 2473/3731/5570
f 2487/3764/5571 2452/3738/5571 2460/3724/5571
f 2437/3743/5572 2488/3742/5572 2473/3731/5572
f 2489/3754/5573 2451/3741/5573 2450/3722/5573
f 2437/3743/5574 2489/3754/5574 2470/3721/5574
f 2440/3755/5575 2489/3754/5575 2437/3743/5575
f 3351/3760/5576 2490/3768/5576 2436/2515/5576
f 2492/2587/5577 2491/3730/5577 2474/3718/5577
f 2403/1805/5578 2505/3769/5578 2509/1806/5578
f 2514/3218/5579 2501/3770/5579 2493/3767/5579
f 2505/3769/5580 1969/3316/5580 2515/3315/5580
f 3835/3771/5581 4043/3772/5581 3834/3773/5582 4133/3774/5583
f 3109/3775/5584 2494/3776/5584 1960/3777/5584
f 2496/1204/5585 2388/1208/5585 2516/3651/5585
f 764/1679/5586 782/748/5586 917/747/5587
f 4079/3778/5588 4083/3779/5588 4084/3780/5589 4081/3781/5590
f 2385/3650/5591 2508/3653/5591 2516/3651/5591
f 2513/3782/5592 2501/3770/5592 2500/3783/5592
f 2547/3062/5593 1761/3061/5594 1787/3056/5594 1753/3058/5593
f 2503/3687/5595 2513/3782/5595 2427/1526/5595
f 1240/2476/5596 1803/2448/5597 1244/2379/5598 1339/2369/5599
f 2513/3782/5600 2511/1523/5600 2427/1526/5600
f 621/1451/5601 622/1450/5602 618/1430/5602 615/1431/5603 620/1432/5603
f 3116/1134/5604 3189/1137/5605 3118/3784/5605 3108/3785/5606
f 2520/3690/5607 2505/3769/5607 2403/1805/5607
f 2388/1208/5608 1750/1627/5608 2387/2145/5608
f 1363/2531/5609 1437/2441/5610 1348/2492/5610 1461/2491/5609
f 4210/3649/5611 4162/3786/5611 4393/3787/5612 4479/3646/5612
f 2499/3128/5613 2029/2288/5613 2506/2287/5613
f 2507/1626/5614 2522/2043/5614 2495/1040/5614
f 193/532/5615 197/519/5615 174/2739/5616 192/382/5616
f 2518/1205/5617 2508/3653/5617 2384/3654/5617
f 2513/3782/5618 2503/3687/5618 2398/3666/5618
f 2505/3769/5619 2494/3776/5619 2509/1806/5619
f 2032/3347/5620 1998/3237/5620 1985/3242/5621 1986/2634/5622
f 2511/1523/5623 2513/3782/5623 2500/3783/5623
f 2494/3776/5624 2505/3769/5624 2515/3315/5624
f 2508/3653/5625 2496/1204/5625 2516/3651/5625
f 2521/3788/5626 2512/3672/5626 2502/3673/5626
f 1163/1034/5627 408/1010/5628 1114/964/5629 1133/1829/5630
f 2429/3713/5631 2521/3788/5631 2523/3710/5631
f 751/1637/5632 680/1593/5633 717/1443/5634 693/1465/5634
f 2518/1205/5635 2496/1204/5635 2508/3653/5635
f 2504/3789/5636 2521/3788/5636 2429/3713/5636
f 2501/3770/5637 2514/3218/5637 2517/1207/5637
f 2501/3770/5638 2517/1207/5638 2500/3783/5638
f 2497/2044/5639 1758/1346/5639 1756/2045/5639
f 2521/3788/5640 2502/3673/5640 2520/3690/5640
f 2523/3710/5641 2521/3788/5641 2520/3690/5641
f 2535/2277/5642 2529/76/5642 2532/3746/5642
f 2544/1565/5643 2540/1564/5643 2526/3763/5643
f 2545/3790/5644 2530/2278/5644 2535/2277/5644
f 2544/1565/5645 2526/3763/5645 2411/3691/5645
f 2532/3746/5646 2529/76/5646 2524/75/5646
f 2534/3507/5647 2487/3764/5647 2538/3508/5647
f 2526/3763/5648 2525/3705/5648 2391/1169/5648
f 2528/2276/5649 2546/1562/5649 2529/76/5649
f 3092/1357/5650 3096/3791/5650 3087/3792/5651 3086/3793/5651 3085/2355/5652
f 2546/1562/5653 2544/1565/5653 2529/76/5653
f 3593/3678/5654 3603/3794/5655 3582/756/5656 3587/3795/5654
f 2543/3796/5657 2541/3506/5657 2532/3746/5657
f 2533/3747/5658 2543/3796/5658 2532/3746/5658
f 2541/3506/5659 2543/3796/5659 2534/3507/5659
f 2541/3506/5660 2545/3790/5660 2535/2277/5660
f 2541/3506/5661 2535/2277/5661 2532/3746/5661
f 2541/3506/5662 2542/3505/5662 2545/3790/5662
f 2531/1563/5663 2536/2480/5663 2540/1564/5663
f 2487/3764/5664 2534/3507/5664 2533/3747/5664
f 2542/3505/5665 2537/3797/5665 2545/3790/5665
f 2527/77/5666 2544/1565/5666 2411/3691/5666
f 881/1820/5667 855/1797/5667 877/1818/5668 875/1817/5668
f 2411/3691/5669 2526/3763/5669 2391/1169/5669
f 307/3798/5670 291/705/5671 290/732/5671 293/1916/5670
f 2540/1564/5672 2536/2480/5672 2526/3763/5672
f 2534/3507/5673 2543/3796/5673 2533/3747/5673
f 2529/76/5674 2544/1565/5674 2527/77/5674
f 2545/3790/5675 2539/2479/5675 2530/2278/5675
f 2537/3797/5676 2539/2479/5676 2545/3790/5676
f 2526/3763/5677 2536/2480/5677 2547/3062/5677
f 2548/3799/5678 2962/2326/5678 2595/2409/5678
f 2574/2151/5679 2560/3800/5679 2566/3588/5679
f 2549/3139/5680 2573/3215/5680 2584/3214/5680
f 4281/3801/5681 3894/3802/5682 3910/3803/5682 3932/3804/5683
f 818/1772/5684 819/1780/5685 823/933/5686 845/1150/5686
f 2745/3593/5687 4827/2877/5687 2746/3805/5688 2748/3591/5689
f 686/1559/5690 655/1499/5691 697/1622/5691 695/1592/5692 670/1591/5692
f 2581/3426/5693 2632/4/5693 2563/3427/5693
f 3280/1420/5694 2594/1419/5694 2549/3139/5694
f 2569/1158/5695 2548/3799/5695 2595/2409/5695
f 2558/3806/5696 2582/3424/5696 2554/3807/5696
f 2554/3807/5697 2580/2792/5697 2555/3808/5697
f 2555/3808/5698 2580/2792/5698 2591/1160/5698
f 2579/2815/5699 2557/2814/5699 2556/3809/5699
f 2590/3216/5700 2570/3425/5700 2558/3806/5700
f 2065/3413/5701 1941/3401/5702 1993/2740/5703 2097/3314/5704 1940/2677/5705 2131/1119/5701
f 2574/2151/5706 2575/3810/5706 2560/3800/5706
f 2593/3138/5707 3341/2816/5707 3280/1420/5707
f 2577/3811/5708 2743/3812/5708 2581/3426/5708
f 2572/1157/5709 2580/2792/5709 2562/1081/5709
f 2743/3812/5710 2627/3813/5710 2581/3426/5710
f 2567/3814/5711 2592/3815/5711 2566/3588/5711
f 2564/1079/5712 2568/3816/5712 2569/1158/5712
f 1220/1344/5713 1183/2241/5713 1184/2240/5714 1212/1343/5714
f 2560/3800/5715 2567/3814/5715 2566/3588/5715
f 2568/3816/5716 2919/3817/5716 2548/3799/5716
f 2569/1158/5717 2568/3816/5717 2548/3799/5717
f 2556/3809/5718 2571/2813/5718 2584/3214/5718
f 4318/2796/5719 4295/3818/5720 4314/3819/5721 4355/3820/5722 4310/3821/5723 4351/3822/5723
f 2570/3425/5724 2578/3324/5724 2581/3426/5724
f 2571/2813/5725 2549/3139/5725 2584/3214/5725
f 2591/1160/5726 2580/2792/5726 2572/1157/5726
f 2557/2814/5727 2571/2813/5727 2556/3809/5727
f 2578/3324/5728 3299/3325/5728 2577/3811/5728
f 2548/3799/5729 2919/3817/5729 2962/2326/5729
f 2576/2150/5730 2575/3810/5730 2574/2151/5730
f 2300/3606/5731 2365/121/5731 2951/3598/5732 2299/2457/5732
f 2578/3324/5733 2577/3811/5733 2581/3426/5733
f 2592/3815/5734 2567/3814/5734 2560/3800/5734
f 2045/2261/5735 2046/2935/5736 1939/116/5737 2075/3243/5737
f 2552/3406/5738 2647/3407/5738 2670/1078/5738
f 2580/2792/5739 2565/2791/5739 2562/1081/5739
f 2553/1159/5740 2592/3815/5740 2591/1160/5740
f 3933/1296/5741 2579/2815/5741 2556/3809/5741
f 2925/2410/5742 2566/3588/5742 2592/3815/5743 2561/3823/5744 2595/2409/5745
f 2587/2793/5746 2580/2792/5746 2582/3424/5746
f 2558/3806/5747 2570/3425/5747 2582/3424/5747
f 2581/3426/5748 2627/3813/5748 2632/4/5748
f 2582/3424/5749 2580/2792/5749 2554/3807/5749
f 4423/776/5750 4399/1066/5751 4419/3824/5752 4414/3825/5753 4436/777/5753
f 2585/3826/5754 2556/3809/5754 2584/3214/5754
f 2572/1157/5755 2562/1081/5755 2550/1080/5755
f 54/126/5756 52/125/5756 22/81/5757 126/83/5758 125/335/5759
f 2632/4/5760 2583/2794/5760 2563/3427/5760
f 2569/1158/5761 2561/3823/5761 2553/1159/5761
f 2564/1079/5762 2569/1158/5762 2550/1080/5762
f 2586/2149/5763 2585/3826/5763 2584/3214/5763
f 2585/3826/5764 2586/2149/5764 2559/1194/5764
f 3933/1296/5765 2585/3826/5765 2559/1194/5765
f 2583/2794/5766 2587/2793/5766 2563/3427/5766
f 2587/2793/5767 2582/3424/5767 2563/3427/5767
f 2561/3823/5768 2592/3815/5768 2553/1159/5768
f 2558/3806/5769 2554/3807/5769 2576/2150/5769
f 2583/2794/5770 2632/4/5770 2551/3/5770
f 2918/1192/5771 2589/129/5771 2588/1193/5771
f 1560/2669/5772 1595/2672/5772 1603/2812/5773 1581/2868/5773
f 2590/3216/5774 2578/3324/5774 2570/3425/5774
f 2585/3826/5775 3933/1296/5775 2556/3809/5775
f 2593/3138/5776 3280/1420/5776 2549/3139/5776
f 2549/3139/5777 2594/1419/5777 2573/3215/5777
f 2590/3216/5778 2558/3806/5778 2576/2150/5778
f 2561/3823/5779 2569/1158/5779 2595/2409/5779
f 2599/2280/5780 2604/3827/5780 2729/1988/5780
f 2614/3696/5781 2642/3828/5781 2620/301/5781
f 649/1436/5782 1150/1826/5782 416/1049/5783 711/6/5783
f 2598/1886/5784 2597/3829/5784 2596/1887/5784
f 2633/1885/5785 2605/3830/5785 2598/1886/5785
f 2618/3831/5786 2596/1887/5786 2599/2280/5786
f 2604/3827/5787 2628/1989/5787 2729/1988/5787
f 2613/3832/5788 2600/3662/5788 2618/3831/5788
f 1840/3111/5789 1811/2893/5790 1830/263/5791 1574/262/5791
f 2624/3833/5792 2678/3659/5792 2600/3662/5792
f 2666/3834/5793 2602/298/5793 2620/301/5793
f 2622/3835/5794 2671/3836/5794 2614/3696/5794
f 1871/1532/5795 1873/3175/5796 1872/3176/5796 1474/2721/5797
f 2599/2280/5798 2596/1887/5798 2604/3827/5798
f 4175/3134/5799 4170/421/5800 4180/420/5800 4153/3135/5799
f 2598/1886/5801 2605/3830/5801 2597/3829/5801
f 2596/1887/5802 2597/3829/5802 2604/3827/5802
f 2633/1885/5803 2631/3837/5803 2605/3830/5803
f 2607/2281/5804 2599/2280/5804 2729/1988/5804
f 2629/1/5805 2633/1885/5805 2608/1888/5805
f 2610/2279/5806 2606/3838/5806 2599/2280/5806
f 3668/3839/5807 3649/3840/5808 1605/2885/5808 1612/223/5809 1914/3227/5809
f 2240/2990/5810 2152/3467/5810 2232/3466/5811 2147/2987/5812
f 4447/3841/5813 4424/3842/5814 4433/3843/5814 4434/3844/5813
f 2619/3845/5815 2617/3697/5815 2616/3846/5815
f 3030/3847/5816 3029/3848/5816 3045/3849/5817 2986/3850/5817
f 2020/3391/5818 2098/3306/5819 1968/3294/5820 2037/3240/5820
f 2621/299/5821 2624/3833/5821 2600/3662/5821
f 2621/299/5822 2602/298/5822 2624/3833/5822
f 2790/3851/5823 2825/3852/5824 2829/3853/5824 2766/3854/5825
f 4675/3855/5826 4544/3856/5827 4581/3857/5827 4676/3858/5828
f 2616/3846/5829 2613/3832/5829 2606/3838/5829
f 2616/3846/5830 2615/300/5830 2613/3832/5830
f 2615/300/5831 2614/3696/5831 2620/301/5831
f 2615/300/5832 2617/3697/5832 2614/3696/5832
f 2751/3695/5833 2622/3835/5833 2614/3696/5833
f 2617/3697/5834 2615/300/5834 2616/3846/5834
f 2600/3662/5835 2626/3859/5835 2618/3831/5835
f 2754/2876/5836 2756/1786/5836 2619/3845/5836
f 2642/3828/5837 2666/3834/5837 2620/301/5837
f 2613/3832/5838 2621/299/5838 2600/3662/5838
f 2615/300/5839 2621/299/5839 2613/3832/5839
f 2624/3833/5840 2602/298/5840 2678/3659/5840
f 2625/3661/5841 2626/3859/5841 2600/3662/5841
f 2659/3758/5842 2648/3757/5842 2625/3661/5842
f 2648/3757/5843 2634/2/5843 2626/3859/5843
f 2648/3757/5844 2626/3859/5844 2625/3661/5844
f 2605/3830/5845 2630/3860/5845 2597/3829/5845
f 2628/1989/5846 2630/3860/5846 2627/3813/5846
f 2605/3830/5847 2631/3837/5847 2627/3813/5847
f 2631/3837/5848 2629/1/5848 2632/4/5848
f 2317/3487/5849 2343/3632/5850 2350/2846/5850 2207/3471/5851 2316/3445/5852
f 2623/2952/5853 2672/2951/5853 2622/3835/5853
f 2634/2/5854 2647/3407/5854 2551/3/5854
f 2630/3860/5855 2605/3830/5855 2627/3813/5855
f 2626/3859/5856 2634/2/5856 2608/1888/5856
f 2627/3813/5857 2631/3837/5857 2632/4/5857
f 1510/2769/5858 1518/2251/5858 1519/3376/5859 1525/2768/5859
f 2634/2/5860 2629/1/5860 2608/1888/5860
f 2629/1/5861 2631/3837/5861 2633/1885/5861
f 2664/3861/5862 2658/3862/5862 2650/3863/5862
f 2657/1032/5863 2668/3689/5863 2674/3864/5863
f 525/1117/5864 547/1264/5865 546/1223/5866 548/1104/5864
f 2638/3865/5867 2640/478/5867 2644/3613/5867
f 2640/478/5868 2637/2781/5868 2274/3611/5868
f 2602/298/5869 2677/3866/5869 2678/3659/5869
f 2666/3834/5870 2658/3862/5870 2602/298/5870
f 2664/3861/5871 2677/3866/5871 2658/3862/5871
f 1168/2225/5872 1181/802/5872 1132/3410/5873 1131/2097/5873
f 2638/3865/5874 2644/3613/5874 2259/3634/5874
f 2658/3862/5875 2677/3866/5875 2602/298/5875
f 2296/2452/5876 2646/3867/5876 2259/3634/5876
f 2639/1030/5877 2661/3759/5877 2659/3758/5877
f 4210/3649/5878 4189/3868/5879 4205/3869/5880 4162/3786/5881
f 2656/2450/5882 2657/1032/5882 2674/3864/5882
f 2671/3836/5883 2667/3870/5883 2642/3828/5883
f 2652/3871/5884 2649/475/5884 2645/474/5884
f 2637/2781/5885 2655/476/5885 2671/3836/5885
f 4256/441/5886 4292/440/5886 4249/2218/5887 4255/3872/5887
f 1955/3017/5888 2128/3334/5889 1996/2058/5890 1992/540/5890
f 2643/3873/5891 2676/3688/5891 2664/3861/5891
f 2644/3613/5892 2640/478/5892 2274/3611/5892
f 2676/3688/5893 2643/3873/5893 2668/3689/5893
f 4058/2645/5894 4060/97/5895 4067/96/5895 4076/3874/5896
f 2646/3867/5897 2645/474/5897 2259/3634/5897
f 2634/2/5898 2648/3757/5898 2647/3407/5898
f 1530/2751/5899 1514/2715/5899 1543/2738/5900 1516/375/5901
f 2667/3870/5902 2654/3875/5902 2650/3863/5902
f 2651/3876/5903 2643/3873/5903 2664/3861/5903
f 2946/3877/5904 2942/2782/5904 2656/2450/5904
f 2654/3875/5905 2651/3876/5905 2650/3863/5905
f 2669/3878/5906 2653/3879/5906 2652/3871/5906
f 2653/3879/5907 2651/3876/5907 2654/3875/5907
f 2653/3879/5908 2654/3875/5908 2655/476/5908
f 2669/3878/5909 2652/3871/5909 2674/3864/5909
f 2656/2450/5910 2942/2782/5910 2657/1032/5910
f 2660/3756/5911 2564/1079/5911 2670/1078/5911
f 2653/3879/5912 2669/3878/5912 2651/3876/5912
f 2652/3871/5913 2653/3879/5913 2649/475/5913
f 572/878/5914 330/333/5915 329/863/5915 576/871/5916
f 887/1840/5917 871/1825/5918 975/1992/5919 1005/1811/5920
f 2675/2451/5921 2652/3871/5921 2646/3867/5921
f 2645/474/5922 2638/3865/5922 2259/3634/5922
f 2660/3756/5923 2937/2783/5923 2568/3816/5923
f 2672/2951/5924 2637/2781/5924 2671/3836/5924
f 2652/3871/5925 2645/474/5925 2646/3867/5925
f 2639/1030/5926 2662/1033/5926 2661/3759/5926
f 2653/3879/5927 2655/476/5927 2649/475/5927
f 115/295/5928 142/296/5929 111/367/5930 110/141/5931
f 1666/2943/5932 1113/2917/5933 1697/2193/5933 4641/2105/5932
f 2937/2783/5934 2660/3756/5934 2661/3759/5934
f 2662/1033/5935 2937/2783/5935 2661/3759/5935
f 2676/3688/5936 2677/3866/5936 2664/3861/5936
f 2564/1079/5937 2660/3756/5937 2568/3816/5937
f 2651/3876/5938 2664/3861/5938 2650/3863/5938
f 2675/2451/5939 2656/2450/5939 2674/3864/5939
f 2667/3870/5940 2666/3834/5940 2642/3828/5940
f 2643/3873/5941 2669/3878/5941 2668/3689/5941
f 2614/3696/5942 2671/3836/5942 2642/3828/5942
f 2651/3876/5943 2669/3878/5943 2643/3873/5943
f 1921/1288/5944 165/144/5944 197/519/5945 1486/858/5945
f 2647/3407/5946 2660/3756/5946 2670/1078/5946
f 2622/3835/5947 2672/2951/5947 2671/3836/5947
f 2676/3688/5948 2673/1031/5948 2601/3660/5948
f 2652/3871/5949 2675/2451/5949 2674/3864/5949
f 2648/3757/5950 2660/3756/5950 2647/3407/5950
f 2677/3866/5951 2676/3688/5951 2601/3660/5951
f 2977/2449/5952 2946/3877/5952 2656/2450/5952
f 2668/3689/5953 2669/3878/5953 2674/3864/5953
f 2678/3659/5954 2677/3866/5954 2601/3660/5954
f 2645/474/5955 2640/478/5955 2638/3865/5955
f 2675/2451/5956 2646/3867/5956 2296/2452/5956
f 2695/3880/5957 2706/3881/5957 2079/155/5957
f 2683/3882/5958 2680/3883/5958 2679/3884/5958
f 2681/750/5959 2714/3885/5959 1945/3289/5959
f 2716/3886/5960 3177/2206/5960 2682/3433/5960
f 2810/1507/5961 2346/2521/5962 2154/3451/5963 2142/3450/5964
f 2684/3887/5965 2683/3882/5965 2685/749/5965
f 1679/2936/5966 1668/2902/5966 1672/2953/5967 1680/2925/5967
f 2692/2553/5968 3178/553/5968 2716/3886/5968
f 2683/3882/5969 2679/3884/5969 2685/749/5969
f 2991/3888/5970 2702/3889/5970 2980/30/5970
f 3919/3890/5971 3918/3891/5971 3829/1636/5972 3866/1635/5972
f 2719/1527/5973 2716/3886/5973 2715/1528/5973
f 2693/3892/5974 2689/3893/5974 2723/3894/5974
f 3178/553/5975 3177/2206/5975 2716/3886/5975
f 2683/3882/5976 2694/3895/5976 2680/3883/5976
f 1203/2267/5977 1195/2265/5978 1193/2249/5979 1197/2248/5977
f 2706/3881/5980 2704/2554/5980 2687/1530/5980
f 4279/3708/5981 4389/3896/5982 4480/3897/5982 4273/2590/5981
f 2719/1527/5983 2692/2553/5983 2716/3886/5983
f 2685/749/5984 2679/3884/5984 2681/750/5984
f 606/1402/5985 1041/487/5985 593/486/5986 603/1363/5986
f 2945/3898/5987 3017/3899/5987 2693/3892/5987
f 2707/3900/5988 2690/3901/5988 2689/3893/5988
f 2079/155/5989 2706/3881/5989 2687/1530/5989
f 2691/3902/5990 2709/2115/5990 2717/2117/5990
f 2717/2117/5991 487/1228/5991 431/1110/5991
f 2686/3903/5992 2711/3904/5992 2695/3880/5992
f 2704/2554/5993 2719/1527/5993 2687/1530/5993
f 2720/28/5994 2707/3900/5994 2689/3893/5994
f 2712/3905/5995 2705/3906/5995 2711/3904/5995
f 2686/3903/5996 2714/3885/5996 2680/3883/5996
f 2700/1109/5997 2717/2117/5997 431/1110/5997
f 3919/3890/5998 3957/3907/5999 3899/3072/5999 3918/3891/5998
f 2705/3906/6000 2712/3905/6000 2707/3900/6000
f 2718/3908/6001 2724/3909/6001 2696/3910/6001
f 3177/2206/6002 2130/769/6002 2697/772/6002
f 2709/2115/6003 2694/3895/6003 2683/3882/6003
f 2713/3911/6004 2721/3912/6004 1945/3289/6004
f 2680/3883/6005 2714/3885/6005 2679/3884/6005
f 2118/3351/6006 2721/3912/6006 2079/155/6006
f 3690/3913/6007 3632/3914/6007 3764/2693/6008 1505/2734/6008
f 2709/2115/6009 2691/3902/6009 2694/3895/6009
f 2721/3912/6010 2695/3880/6010 2079/155/6010
f 2711/3904/6011 2686/3903/6011 2694/3895/6011
f 2894/3915/6012 2945/3898/6012 2696/3910/6012
f 2682/3433/6013 3177/2206/6013 2697/772/6013
f 487/1228/6014 2722/2116/6014 2699/1240/6014
f 2724/3909/6015 2717/2117/6015 2700/1109/6015
f 2679/3884/6016 2714/3885/6016 2681/750/6016
f 2703/3916/6017 2708/31/6017 2702/3889/6017
f 2718/3908/6018 2712/3905/6018 2691/3902/6018
f 2704/2554/6019 2703/3916/6019 2702/3889/6019
f 2694/3895/6020 2686/3903/6020 2680/3883/6020
f 2703/3916/6021 2704/2554/6021 2706/3881/6021
f 2708/31/6022 2705/3906/6022 2707/3900/6022
f 2711/3904/6023 2706/3881/6023 2695/3880/6023
f 2708/31/6024 2707/3900/6024 2720/28/6024
f 2702/3889/6025 2708/31/6025 2980/30/6025
f 2691/3902/6026 2712/3905/6026 2694/3895/6026
f 2990/2552/6027 2704/2554/6027 2702/3889/6027
f 2705/3906/6028 2703/3916/6028 2706/3881/6028
f 2712/3905/6029 2711/3904/6029 2694/3895/6029
f 2714/3885/6030 2713/3911/6030 1945/3289/6030
f 2716/3886/6031 2682/3433/6031 2715/1528/6031
f 2724/3909/6032 2691/3902/6032 2717/2117/6032
f 2699/1240/6033 2722/2116/6033 2698/1086/6033
f 2708/31/6034 2703/3916/6034 2705/3906/6034
f 2903/893/6035 2724/3909/6035 2700/1109/6035
f 2709/2115/6036 2683/3882/6036 2684/3887/6036
f 2689/3893/6037 2690/3901/6037 2723/3894/6037
f 2711/3904/6038 2705/3906/6038 2706/3881/6038
f 1555/2829/6039 1862/3158/6040 1553/2819/6041 1554/2818/6042
f 2721/3912/6043 2118/3351/6043 1945/3289/6043
f 2945/3898/6044 2693/3892/6044 2696/3910/6044
f 446/894/6045 2903/893/6045 2700/1109/6045
f 2722/2116/6046 2709/2115/6046 2684/3887/6046
f 2693/3892/6047 2723/3894/6047 2696/3910/6047
f 2721/3912/6048 2686/3903/6048 2695/3880/6048
f 2724/3909/6049 2718/3908/6049 2691/3902/6049
f 2991/3888/6050 2990/2552/6050 2702/3889/6051
f 2499/3128/6052 2498/3127/6053 2389/3655/6054 2096/2289/6054 2029/2288/6055
f 2741/3917/6056 2742/3918/6057 2731/1378/6058 2734/3919/6058 2736/3920/6056
f 2727/3921/6059 2725/3922/6059 2726/3923/6059
f 2728/1377/6060 3612/3924/6060 2725/3922/6060
f 2727/3921/6061 2726/3923/6061 2749/3925/6061
f 2734/3919/6062 2731/1378/6062 2728/1377/6062
f 1104/2132/6063 1131/2097/6064 1086/2076/6064 1066/2075/6063
f 1376/2496/6065 1459/2524/6066 1400/2481/6067 1351/2483/6068
f 2735/3926/6069 2732/3927/6069 2727/3921/6069
f 2949/3928/6070 2895/120/6071 2940/123/6072 2921/3929/6072
f 1098/2030/6073 1097/448/6073 1099/2096/6074 1073/2102/6075
f 2732/3927/6076 2735/3926/6076 2737/1255/6076
f 1879/3190/6077 1887/2560/6078 1875/1284/6079 1877/1283/6077
f 2741/3917/6080 2732/3927/6080 2737/1255/6080
f 2746/3805/6081 4827/2877/6081 2611/3930/6081
f 2734/3919/6082 2728/1377/6082 2725/3922/6082
f 2738/1987/6083 4826/3931/6083 2729/1988/6083
f 2735/3926/6084 2727/3921/6084 2749/3925/6084
f 2727/3921/6085 2734/3919/6085 2725/3922/6085
f 2736/3920/6086 2734/3919/6086 2727/3921/6086
f 1269/2398/6087 1322/2407/6087 97/260/6088 69/184/6088
f 2725/3922/6089 2739/3592/6089 2726/3923/6089
f 3612/3924/6090 2739/3592/6090 2725/3922/6090
f 2739/3592/6091 3640/3932/6091 2744/3149/6091
f 3640/3932/6092 2739/3592/6092 3612/3924/6092
f 2745/3593/6093 2740/1649/6093 4827/2877/6093
f 2747/1650/6094 2744/3149/6094 1342/2447/6094
f 94/173/6095 153/378/6096 179/503/6096 184/174/6095
f 2732/3927/6097 2736/3920/6097 2727/3921/6097
f 2741/3917/6098 2736/3920/6098 2732/3927/6098
f 3316/3933/6099 2742/3918/6099 3299/3325/6099
f 2742/3918/6100 2741/3917/6100 3299/3325/6100
f 3299/3325/6101 2741/3917/6101 2577/3811/6101
f 2741/3917/6102 2733/1986/6102 2577/3811/6102
f 2733/1986/6103 2628/1989/6103 2743/3812/6103
f 2628/1989/6104 2627/3813/6104 2743/3812/6104
f 2577/3811/6105 2733/1986/6105 2743/3812/6105
f 123/343/6106 141/342/6106 134/1313/6107 1056/360/6108
f 4663/3934/6109 4717/3935/6110 4503/3936/6111 4662/3937/6111
f 2957/3938/6112 2954/3939/6113 2929/3940/6113 2956/2327/6112
f 2745/3593/6114 2744/3149/6114 2747/1650/6114
f 2740/1649/6115 2745/3593/6115 2747/1650/6115
f 2749/3925/6116 2726/3923/6116 2748/3591/6116
f 4827/2877/6117 2754/2876/6117 2611/3930/6117
f 2726/3923/6118 2739/3592/6118 2748/3591/6118
f 2750/3941/6119 2873/1275/6119 2872/1274/6119
f 2710/1529/6120 2715/1528/6121 2682/3433/6122 2091/2933/6123
f 2752/1785/6124 2761/3942/6124 2873/1275/6124
f 4127/3943/6125 3843/3944/6125 3881/3945/6126 4133/3774/6126
f 2756/1786/6127 2752/1785/6127 2609/3698/6127
f 1561/2842/6128 1549/2018/6128 1550/3946/6129 1590/2801/6130 1588/2800/6131
f 2752/1785/6132 2873/1275/6132 2750/3941/6132
f 2758/2615/6133 2760/3947/6133 2757/42/6133
f 2888/41/6134 2758/2615/6134 2757/42/6134
f 2757/42/6135 2760/3947/6135 2752/1785/6135
f 2760/3947/6136 2759/3948/6136 2752/1785/6136
f 2759/3948/6137 2761/3942/6137 2752/1785/6137
f 2763/1572/6138 2813/1360/6138 2836/3949/6138
f 3863/1281/6139 3942/398/6140 3838/3950/6141 3940/3951/6142 3897/3952/6142
f 2778/3953/6143 2763/1572/6143 2836/3949/6143
f 2799/3954/6144 2797/3955/6144 2762/1571/6144
f 2851/3956/6145 2817/3957/6145 2799/3954/6145
f 2789/2653/6146 2851/3956/6146 2768/1367/6146
f 2848/3025/6147 2199/3490/6147 411/1048/6147
f 3153/3958/6148 3156/3959/6149 3150/3960/6149 3223/3961/6150
f 1438/2164/6151 1440/2643/6152 1426/2575/6152 1424/2638/6153 1388/2574/6154 1387/2530/6155 1451/2488/6155
f 2837/1361/6156 2197/3446/6156 2765/1362/6156
f 455/1182/6157 485/557/6157 529/1183/6158 453/1179/6159
f 2816/3962/6160 2767/3963/6160 2766/3854/6160
f 2784/1364/6161 2768/1367/6161 2763/1572/6161
f 2770/3964/6162 2198/1191/6162 2197/3446/6162
f 2801/3965/6163 2829/3853/6163 2799/3954/6163
f 3901/3275/6164 4218/3966/6165 4247/3967/6165 3898/3968/6166
f 2771/3969/6167 2770/3964/6167 2799/3954/6167
f 2829/3853/6168 2771/3969/6168 2799/3954/6168
f 3399/3141/6169 3464/3970/6170 3463/3971/6171 3365/1520/6172
f 2840/3972/6173 2834/3973/6173 2820/2338/6173
f 2827/1190/6174 2822/2477/6174 2774/1508/6174
f 2819/3974/6175 2796/3975/6175 2833/2339/6175
f 2796/3975/6176 2856/2340/6176 2833/2339/6176
f 2775/3382/6177 2781/2336/6177 2856/2340/6177
f 2777/3976/6178 2776/3383/6178 2775/3382/6178
f 3164/3977/6179 3119/3658/6179 2773/2376/6179
f 2769/1589/6180 2815/3978/6180 2792/1586/6180
f 2777/3976/6181 2802/1359/6181 2776/3383/6181
f 2791/3657/6182 2787/3979/6182 3119/3658/6182
f 2841/3194/6183 2854/1365/6183 2778/3953/6183
f 2779/320/6184 3143/3980/6184 3147/2632/6184
f 2854/1365/6185 2852/3981/6185 2828/1366/6185
f 2835/3192/6186 3406/1292/6186 2780/3193/6186
f 2781/2336/6187 2775/3382/6187 2849/3356/6187
f 2830/48/6188 2808/1506/6188 2809/3982/6188
f 2841/3194/6189 2819/3974/6189 2833/2339/6189
f 2828/1366/6190 2789/2653/6190 2768/1367/6190
f 2832/1189/6191 2815/3978/6191 2769/1589/6191
f 2774/1508/6192 2810/1507/6192 2142/3450/6192
f 3119/3658/6193 2787/3979/6193 2773/2376/6193
f 2853/3983/6194 2794/319/6194 2795/453/6194
f 3371/3984/6195 2785/3985/6195 2847/3986/6195
f 2786/3987/6196 3014/3988/6196 2783/2478/6196
f 2773/2376/6197 2787/3979/6197 2772/2377/6197
f 2786/3987/6198 2788/3189/6198 2800/1588/6198
f 2777/3976/6199 2775/3382/6199 2856/2340/6199
f 2816/3962/6200 2801/3965/6200 2789/2653/6200
f 2815/3978/6201 2790/3851/6201 2814/2378/6201
f 2772/2377/6202 3035/3550/6202 2792/1586/6202
f 608/1412/6203 611/1399/6203 605/1409/6204 591/1413/6205
f 3467/3989/6206 3407/3990/6206 2785/3985/6206
f 2787/3979/6207 2791/3657/6207 2772/2377/6207
f 2821/2375/6208 3164/3977/6208 2773/2376/6208
f 2815/3978/6209 2772/2377/6209 2792/1586/6209
f 2796/3975/6210 2778/3953/6210 2836/3949/6210
f 2795/453/6211 2794/319/6211 2793/322/6211
f 2825/3852/6212 2831/1188/6212 2829/3853/6212
f 2788/3189/6213 2769/1589/6213 2800/1588/6213
f 2788/3189/6214 2832/1189/6214 2769/1589/6214
f 632/1568/6215 720/60/6215 631/1466/6216 662/1553/6216
f 2796/3975/6217 2819/3974/6217 2778/3953/6217
f 2777/3976/6218 2856/2340/6218 2796/3975/6218
f 2766/3854/6219 2767/3963/6219 2826/2652/6219
f 2190/2337/6220 2781/2336/6220 2798/3501/6220
f 2832/1189/6221 2790/3851/6221 2815/3978/6221
f 2851/3956/6222 2799/3954/6222 2762/1571/6222
f 2770/3964/6223 2838/3991/6223 2797/3955/6223
f 3064/3992/6224 2786/3987/6224 2800/1588/6224
f 2817/3957/6225 2801/3965/6225 2799/3954/6225
f 2839/3993/6226 2838/3991/6226 2770/3964/6226
f 115/295/6227 106/270/6227 113/269/6228 142/296/6228
f 4774/2557/6229 1375/409/6230 1398/2678/6231 1466/2668/6232
f 3148/2631/6233 2779/320/6233 3147/2632/6233
f 1393/2666/6234 1349/877/6234 1415/2533/6235 1443/2619/6235
f 2777/3976/6236 2796/3975/6236 2836/3949/6236
f 2804/3994/6237 2855/2583/6237 378/930/6237
f 2855/2583/6238 2804/3994/6238 2803/3995/6238
f 1141/1578/6239 1115/1577/6240 1142/2031/6241 1165/2078/6239
f 2806/3363/6242 2846/3996/6242 2804/3994/6242
f 2806/3363/6243 2807/1036/6243 1076/1035/6243
f 3371/3984/6244 3467/3989/6244 2785/3985/6244
f 2782/1505/6245 2783/2478/6245 2809/3982/6245
f 2808/1506/6246 2811/3151/6246 2810/1507/6246
f 2778/3953/6247 2784/1364/6247 2763/1572/6247
f 3372/3997/6248 3371/3984/6248 2847/3986/6248
f 2812/3998/6249 2823/3999/6249 2803/3995/6249
f 3394/4000/6250 2812/3998/6250 2806/3363/6250
f 2802/1359/6251 2777/3976/6251 2813/1360/6251
f 2772/2377/6252 2815/3978/6252 2814/2378/6252
f 2826/2652/6253 2816/3962/6253 2789/2653/6253
f 2783/2478/6254 3014/3988/6254 2809/3982/6254
f 2576/2150/6255 2592/3815/6256 2560/3800/6257 2575/3810/6255
f 3406/1292/6258 2850/1291/6258 2780/3193/6258
f 2851/3956/6259 2789/2653/6259 2817/3957/6259
f 2791/3657/6260 3035/3550/6260 2772/2377/6260
f 2849/3356/6261 2775/3382/6261 2818/3384/6261
f 2843/4001/6262 2837/1361/6262 2813/1360/6262
f 2819/3974/6263 2841/3194/6263 2778/3953/6263
f 1087/2142/6264 1155/803/6264 1181/802/6265 1168/2225/6266
f 2789/2653/6267 2801/3965/6267 2817/3957/6267
f 2842/321/6268 2821/2375/6268 2764/452/6268
f 3819/2275/6269 3822/2770/6270 1678/2912/6270 3821/4002/6269
f 2854/1365/6271 2784/1364/6271 2778/3953/6271
f 2857/4003/6272 2852/3981/6272 2854/1365/6272
f 3164/3977/6273 2821/2375/6273 2842/321/6273
f 2821/2375/6274 2826/2652/6274 2764/452/6274
f 2785/3985/6275 2824/3195/6275 2847/3986/6275
f 2823/3999/6276 2845/3489/6276 2803/3995/6276
f 2805/4004/6277 2824/3195/6277 2834/3973/6277
f 2853/3983/6278 3171/1294/6278 2794/319/6278
f 2831/1188/6279 2771/3969/6279 2829/3853/6279
f 2831/1188/6280 2825/3852/6280 2832/1189/6280
f 2829/3853/6281 2801/3965/6281 2816/3962/6281
f 2828/1366/6282 2795/453/6282 2764/452/6282
f 2827/1190/6283 2774/1508/6283 2198/1191/6283
f 2814/2378/6284 2790/3851/6284 2766/3854/6284
f 2767/3963/6285 2816/3962/6285 2826/2652/6285
f 2799/3954/6286 2770/3964/6286 2797/3955/6286
f 2198/1191/6287 2774/1508/6287 2142/3450/6287
f 2786/3987/6288 3064/3992/6288 3014/3988/6288
f 2821/2375/6289 2814/2378/6289 2826/2652/6289
f 2814/2378/6290 2766/3854/6290 2826/2652/6290
f 2770/3964/6291 2771/3969/6291 2198/1191/6291
f 2828/1366/6292 2852/3981/6292 2795/453/6292
f 2771/3969/6293 2831/1188/6293 2198/1191/6293
f 2829/3853/6294 2816/3962/6294 2766/3854/6294
f 2825/3852/6295 2790/3851/6295 2832/1189/6295
f 2824/3195/6296 2833/2339/6296 2834/3973/6296
f 2840/3972/6297 2805/4004/6297 2834/3973/6297
f 2813/1360/6298 2777/3976/6298 2836/3949/6298
f 2838/3991/6299 2839/3993/6299 2837/1361/6299
f 2837/1361/6300 2839/3993/6300 2197/3446/6300
f 1593/2857/6301 1572/2858/6302 1571/2671/6303 1580/2670/6304 1569/2835/6304
f 2845/3489/6305 2840/3972/6305 2820/2338/6305
f 4574/4005/6306 4693/1830/6306 4537/1833/6307 4521/4006/6308 4536/1212/6309
f 3148/2631/6310 3142/4007/6310 2842/321/6310
f 3142/4007/6311 3164/3977/6311 2842/321/6311
f 2835/3192/6312 3407/3990/6312 3406/1292/6312
f 474/428/6313 307/3798/6314 293/1916/6314 260/1304/6313
f 2779/320/6315 3148/2631/6315 2842/321/6315
f 2762/1571/6316 2843/4001/6316 2813/1360/6316
f 2199/3490/6317 2190/2337/6317 2844/3546/6317
f 2838/3991/6318 2837/1361/6318 2797/3955/6318
f 2805/4004/6319 3372/3997/6319 2847/3986/6319
f 2803/3995/6320 2845/3489/6320 2848/3025/6320
f 2824/3195/6321 2805/4004/6321 2847/3986/6321
f 3266/4008/6322 3229/673/6322 3265/4009/6323 3259/4010/6323
f 2850/1291/6324 2853/3983/6324 2852/3981/6324
f 2798/3501/6325 2781/2336/6325 2849/3356/6325
f 2818/3384/6326 2802/1359/6326 2765/1362/6326
f 2780/3193/6327 2850/1291/6327 2852/3981/6327
f 2850/1291/6328 3171/1294/6328 2853/3983/6328
f 2768/1367/6329 2851/3956/6329 2762/1571/6329
f 2839/3993/6330 2770/3964/6330 2197/3446/6330
f 2808/1506/6331 2782/1505/6331 2809/3982/6331
f 2857/4003/6332 2780/3193/6332 2852/3981/6332
f 2824/3195/6333 2841/3194/6333 2833/2339/6333
f 2852/3981/6334 2853/3983/6334 2795/453/6334
f 2845/3489/6335 2820/2338/6335 2190/2337/6335
f 2834/3973/6336 2833/2339/6336 2820/2338/6336
f 2841/3194/6337 2857/4003/6337 2854/1365/6337
f 4447/3841/6338 4434/3844/6338 4448/4011/6339 4405/4012/6340 4446/4013/6341 4390/3522/6341
f 2804/3994/6342 2846/3996/6342 2803/3995/6342
f 2780/3193/6343 2857/4003/6343 2841/3194/6343
f 2874/4014/6344 2869/4015/6344 2861/4016/6344
f 2868/4017/6345 2858/4018/6345 2860/4019/6345
f 2868/4017/6346 2879/4020/6346 2858/4018/6346
f 2752/1785/6347 2750/3941/6348 2872/1274/6349 2622/3835/6349 2751/3695/6350 2609/3698/6351
f 2865/1857/6352 2878/4021/6352 2874/4014/6352
f 2877/4022/6353 2862/4023/6353 2858/4018/6353
f 2871/4024/6354 2868/4017/6354 2860/4019/6354
f 2875/4025/6355 2871/4024/6355 2874/4014/6355
f 2861/4016/6356 2870/4026/6356 2760/3947/6356
f 2879/4020/6357 2877/4022/6357 2858/4018/6357
f 2862/4023/6358 2877/4022/6358 2623/2952/6358
f 4795/4027/6359 4809/4028/6360 4771/3078/6361 1435/2609/6362
f 2867/2764/6363 2371/1947/6363 2863/2765/6363
f 2874/4014/6364 2871/4024/6364 2869/4015/6364
f 2865/1857/6365 2874/4014/6365 2861/4016/6365
f 2871/4024/6366 2864/4029/6366 2761/3942/6366
f 2866/1272/6367 2862/4023/6367 2623/2952/6367
f 2878/4021/6368 2865/1857/6368 2636/1856/6368
f 2869/4015/6369 2870/4026/6369 2861/4016/6369
f 2866/1272/6370 2623/2952/6370 2603/1273/6370
f 2875/4025/6371 2879/4020/6371 2868/4017/6371
f 2871/4024/6372 2875/4025/6372 2868/4017/6372
f 2870/4026/6373 2869/4015/6373 2759/3948/6373
f 2759/3948/6374 2869/4015/6374 2761/3942/6374
f 2864/4029/6375 2871/4024/6375 2860/4019/6375
f 2869/4015/6376 2871/4024/6376 2761/3942/6376
f 2878/4021/6377 2875/4025/6377 2874/4014/6377
f 2875/4025/6378 2878/4021/6378 2879/4020/6378
f 2862/4023/6379 2866/1272/6379 2864/4029/6379
f 2877/4022/6380 2876/1855/6380 2623/2952/6380
f 2761/3942/6381 2866/1272/6381 2873/1275/6381
f 2877/4022/6382 2636/1856/6382 2876/1855/6382
f 2864/4029/6383 2866/1272/6383 2761/3942/6383
f 2877/4022/6384 2878/4021/6384 2636/1856/6384
f 2878/4021/6385 2877/4022/6385 2879/4020/6385
f 2870/4026/6386 2759/3948/6386 2760/3947/6386
f 2883/2418/6387 2881/1648/6387 2880/1651/6387
f 2882/2421/6388 2881/1648/6388 2883/2418/6388
f 2881/1648/6389 2882/2421/6389 2740/1649/6389
f 2965/3444/6390 2187/3436/6390 2275/3631/6391 2920/3630/6391
f 2882/2421/6392 4828/2875/6392 2740/1649/6392
f 1240/2476/6393 2883/2418/6393 2880/1651/6393
f 1308/2387/6394 2890/2313/6394 2892/2388/6394
f 2886/2419/6395 2884/3572/6395 2758/2615/6395
f 2402/1804/6396 2405/2497/6397 2406/2500/6398 2401/3644/6399
f 3737/1022/6400 3266/4008/6401 3273/2737/6402 1536/2732/6403 1532/2780/6404
f 2603/1273/6405 2623/2952/6406 2622/3835/6407 2872/1274/6408
f 2758/2615/6409 2884/3572/6409 2760/3947/6409
f 2884/3572/6410 2867/2764/6410 2861/4016/6410
f 2363/1945/6411 2887/1944/6411 2889/2315/6411
f 2885/2312/6412 2884/3572/6412 2890/2313/6412
f 2884/3572/6413 2861/4016/6413 2760/3947/6413
f 2884/3572/6414 2885/2312/6414 2887/1944/6414
f 4616/2681/6415 4623/1703/6415 4589/730/6416 4596/729/6416
f 2892/2388/6417 2883/2418/6417 1240/2476/6417
f 1069/2084/6418 1099/2096/6419 1102/2072/6420 1063/2081/6421
f 191/522/6422 180/521/6422 189/543/6423 187/483/6423
f 1427/2576/6424 1426/2575/6425 1447/2688/6426 1412/2637/6427
f 2972/2325/6428 2925/2410/6428 2962/2326/6428
f 2930/4030/6429 2928/3104/6429 2893/4031/6429
f 2956/2327/6430 2914/3105/6430 2927/2328/6430
f 2953/4032/6431 2914/3105/6431 2956/2327/6431
f 2934/4033/6432 2933/4034/6432 2905/4035/6432
f 2898/4036/6433 2901/4037/6433 2915/4038/6433
f 2904/892/6434 2894/3915/6434 2903/893/6434
f 2837/1361/6435 2843/4001/6436 2762/1571/6437 2797/3955/6435
f 3520/4039/6438 3516/4040/6439 3071/4041/6439 3089/4042/6440 3090/4043/6440
f 2896/3640/6441 2935/2052/6441 2944/2051/6441
f 2897/4044/6442 2964/4045/6442 2966/4046/6442
f 2953/4032/6443 2949/3928/6443 2914/3105/6443
f 2902/4047/6444 2897/4044/6444 2945/3898/6444
f 3815/2351/6445 3820/4048/6446 3804/3629/6447 3807/1128/6447
f 3955/4049/6448 2898/4036/6448 4092/895/6448
f 2906/4050/6449 2922/4051/6449 2934/4033/6449
f 2910/4052/6450 2922/4051/6450 2976/4053/6450
f 2922/4051/6451 2911/889/6451 2926/888/6451
f 2920/3630/6452 2966/4046/6452 2965/3444/6452
f 2900/2050/6453 2899/4054/6453 2946/3877/6453
f 2948/4055/6454 2941/4056/6454 2910/4052/6454
f 3955/4049/6455 3930/4057/6455 2901/4037/6455
f 2964/4045/6456 2941/4056/6456 2966/4046/6456
f 2902/4047/6457 2907/4058/6457 2897/4044/6457
f 2897/4044/6458 2907/4058/6458 2964/4045/6458
f 3017/3899/6459 2897/4044/6459 2920/3630/6459
f 2898/4036/6460 3955/4049/6460 2901/4037/6460
f 2976/4053/6461 2906/4050/6461 2905/4035/6461
f 2906/4050/6462 2934/4033/6462 2905/4035/6462
f 2909/4059/6463 2911/889/6463 2902/4047/6463
f 2910/4052/6464 2907/4058/6464 2922/4051/6464
f 2913/4060/6465 2908/4061/6465 2954/3939/6465
f 2941/4056/6466 2140/3443/6466 2965/3444/6466
f 4092/895/6467 2898/4036/6467 2904/892/6467
f 2909/4059/6468 2902/4047/6468 2945/3898/6468
f 2910/4052/6469 2941/4056/6469 2964/4045/6469
f 2911/889/6470 2909/4059/6470 2916/890/6470
f 2911/889/6471 2922/4051/6471 2902/4047/6471
f 2938/829/6472 2923/4062/6472 2937/2783/6472
f 2924/4063/6473 2968/4064/6473 2913/4060/6473
f 2950/4065/6474 2912/3106/6474 2914/3105/6474
f 2916/890/6475 2898/4036/6475 2915/4038/6475
f 2922/4051/6476 2906/4050/6476 2976/4053/6476
f 2918/1192/6477 2917/130/6477 2589/129/6477
f 2957/3938/6478 2924/4063/6478 2913/4060/6478
f 2923/4062/6479 2924/4063/6479 2919/3817/6479
f 2924/4063/6480 2957/3938/6480 2919/3817/6480
f 2897/4044/6481 2966/4046/6481 2920/3630/6481
f 3917/4066/6482 3874/2460/6483 3854/1613/6484 3855/1612/6484
f 2922/4051/6485 2907/4058/6485 2902/4047/6485
f 2969/828/6486 2924/4063/6486 2923/4062/6486
f 2957/3938/6487 2913/4060/6487 2954/3939/6487
f 2923/4062/6488 2919/3817/6488 2568/3816/6488
f 2924/4063/6489 2969/828/6489 2968/4064/6489
f 2937/2783/6490 2923/4062/6490 2568/3816/6490
f 2972/2325/6491 2959/4067/6491 2925/2410/6491
f 2916/890/6492 2909/4059/6492 2898/4036/6492
f 2922/4051/6493 2926/888/6493 2934/4033/6493
f 2959/4067/6494 2971/1195/6494 2566/3588/6494
f 2930/4030/6495 2893/4031/6495 2963/4068/6495
f 2936/4069/6496 2930/4030/6496 2963/4068/6496
f 2898/4036/6497 2909/4059/6497 2904/892/6497
f 2963/4068/6498 2974/4070/6498 2918/1192/6498
f 2895/120/6499 2896/3640/6499 2365/121/6499
f 2970/4071/6500 2931/4072/6500 2908/4061/6500
f 2973/891/6501 2916/890/6501 2915/4038/6501
f 2963/4068/6502 2918/1192/6502 2971/1195/6502
f 2929/3940/6503 2932/4073/6503 2952/4074/6503
f 2908/4061/6504 2929/3940/6504 2954/3939/6504
f 2913/4060/6505 2970/4071/6505 2908/4061/6505
f 2931/4072/6506 2932/4073/6506 2908/4061/6506
f 2909/4059/6507 2945/3898/6507 2894/3915/6507
f 2955/3199/6508 2932/4073/6508 2931/4072/6508
f 2932/4073/6509 2929/3940/6509 2908/4061/6509
f 2968/4064/6510 2970/4071/6510 2913/4060/6510
f 2974/4070/6511 2917/130/6511 2918/1192/6511
f 2900/2050/6512 2977/2449/6512 2380/2453/6512
f 4622/4075/6513 4583/2761/6513 4528/4076/6514 4529/4077/6514
f 2899/4054/6515 2960/4078/6515 2953/4032/6515
f 2934/4033/6516 2926/888/6516 2933/4034/6516
f 2946/3877/6517 2943/3198/6517 2942/2782/6517
f 2895/120/6518 2935/2052/6518 2896/3640/6518
f 2947/2049/6519 2960/4078/6519 2899/4054/6519
f 4723/4079/6520 4722/4080/6520 4742/4081/6521 4523/4082/6521
f 2938/829/6522 2937/2783/6522 2942/2782/6522
f 2939/830/6523 2938/829/6523 2942/2782/6523
f 4838/3476/6524 2612/2282/6525 4841/4083/6526 4839/4084/6527
f 4690/4085/6528 4547/923/6528 4681/4086/6529 4516/725/6530
f 2900/2050/6531 2380/2453/6531 2944/2051/6531
f 2945/3898/6532 2897/4044/6532 3017/3899/6532
f 2952/4074/6533 2943/3198/6533 2946/3877/6533
f 2900/2050/6534 2947/2049/6534 2899/4054/6534
f 2949/3928/6535 2935/2052/6535 2895/120/6535
f 2949/3928/6536 2947/2049/6536 2935/2052/6536
f 2948/4055/6537 2950/4065/6537 2940/123/6537
f 2960/4078/6538 2947/2049/6538 2949/3928/6538
f 2921/3929/6539 2950/4065/6539 2914/3105/6539
f 2904/892/6540 2909/4059/6540 2894/3915/6540
f 2955/3199/6541 2943/3198/6541 2952/4074/6541
f 2950/4065/6542 2921/3929/6542 2940/123/6542
f 2928/3104/6543 2905/4035/6543 2893/4031/6543
f 2905/4035/6544 2928/3104/6544 2912/3106/6545 2976/4053/6545
f 2905/4035/6546 2933/4034/6546 2893/4031/6546
f 2365/121/6547 2896/3640/6547 2951/3598/6547
f 2899/4054/6548 2952/4074/6548 2946/3877/6548
f 2961/4087/6549 2939/830/6549 2931/4072/6549
f 2941/4056/6550 2173/122/6550 2140/3443/6550
f 3017/3899/6551 2701/4088/6552 2688/29/6553 2720/28/6554
f 2929/3940/6555 2953/4032/6555 2956/2327/6555
f 2929/3940/6556 2899/4054/6556 2953/4032/6556
f 2932/4073/6557 2955/3199/6557 2952/4074/6557
f 2939/830/6558 2955/3199/6558 2931/4072/6558
f 2957/3938/6559 2956/2327/6559 2962/2326/6559
f 2929/3940/6560 2952/4074/6560 2899/4054/6560
f 2958/4089/6561 2961/4087/6561 2931/4072/6561
f 2925/2410/6562 2959/4067/6562 2566/3588/6562
f 2960/4078/6563 2949/3928/6563 2953/4032/6563
f 2958/4089/6564 2967/4090/6564 2961/4087/6564
f 2919/3817/6565 2957/3938/6565 2962/2326/6565
f 2975/827/6566 2970/4071/6566 2968/4064/6566
f 3931/131/6567 2917/130/6567 3930/4057/6567
f 2917/130/6568 2974/4070/6568 3930/4057/6568
f 2901/4037/6569 3930/4057/6569 2963/4068/6569
f 2915/4038/6570 2901/4037/6570 2963/4068/6570
f 2893/4031/6571 2915/4038/6571 2963/4068/6571
f 2973/891/6572 2915/4038/6572 2893/4031/6572
f 2907/4058/6573 2910/4052/6573 2964/4045/6573
f 2966/4046/6574 2941/4056/6574 2965/3444/6574
f 2975/827/6575 2967/4090/6575 2970/4071/6575
f 2969/828/6576 2975/827/6576 2968/4064/6576
f 2950/4065/6577 2948/4055/6577 2912/3106/6577
f 2967/4090/6578 2975/827/6578 2961/4087/6578
f 2948/4055/6579 2976/4053/6579 2912/3106/6579
f 3930/4057/6580 2974/4070/6580 2963/4068/6580
f 1015/1980/6581 1019/2033/6581 1018/941/6582 984/1983/6582
f 2938/829/6583 2969/828/6583 2923/4062/6583
f 2949/3928/6584 2921/3929/6584 2914/3105/6584
f 2961/4087/6585 2975/827/6585 2939/830/6585
f 2948/4055/6586 2910/4052/6586 2976/4053/6586
f 2900/2050/6587 2946/3877/6587 2977/2449/6587
f 3012/1700/6588 2995/1699/6588 3018/3656/6588
f 3059/4091/6589 3051/3551/6589 2791/3657/6589
f 3709/4092/6590 3623/4093/6591 3696/1602/6592 3624/4094/6593 3710/4095/6593
f 2701/4088/6594 2987/2402/6594 2688/29/6594
f 2979/4096/6595 3004/4097/6595 3034/23/6595
f 1119/2188/6596 1116/2181/6596 1117/2180/6597 1112/2094/6597
f 4173/4098/6598 4172/1384/6598 4174/4099/6599 4158/419/6600 4522/4100/6600
f 1604/2869/6601 1608/2295/6602 1568/2852/6603 1575/2851/6604 1572/2858/6605
f 3046/4101/6606 2983/4102/6606 2994/2404/6606
f 2995/1699/6607 3056/3530/6607 3018/3656/6607
f 1501/2702/6608 1530/2751/6609 1516/375/6609 1515/374/6608
f 4384/4103/6610 4413/4104/6611 7/4105/6611 13/47/6612 4385/4106/6613 4802/4107/6613
f 3046/4101/6614 2984/22/6614 2983/4102/6614
f 3197/4108/6615 3109/3775/6615 1960/3777/6616 2119/3352/6616
f 2688/29/6617 3033/4109/6617 2980/30/6617
f 3169/4110/6618 2981/4111/6618 3047/4112/6618
f 3060/4113/6619 3052/4114/6620 3059/4091/6621 3067/4115/6621
f 2984/22/6622 2982/4116/6622 2983/4102/6622
f 3031/3702/6623 3053/2401/6623 2983/4102/6623
f 2986/3850/6624 3045/3849/6624 3036/3704/6624
f 2986/3850/6625 2982/4116/6625 2984/22/6625
f 3025/4117/6626 2984/22/6626 2985/21/6626
f 2986/3850/6627 3000/3703/6627 2982/4116/6627
f 3017/3899/6628 2988/4118/6628 2701/4088/6628
f 3011/103/6629 3038/4119/6629 3029/3848/6629
f 3032/4120/6630 3033/4109/6630 2987/2402/6630
f 2984/22/6631 3046/4101/6631 3034/23/6631
f 3051/3551/6632 3035/3550/6632 2791/3657/6632
f 4221/4121/6633 4255/3872/6634 4220/4122/6635 4244/4123/6635
f 3058/2540/6636 3009/4124/6636 2145/49/6636
f 3062/4125/6637 2989/496/6637 3065/495/6637
f 3010/4126/6638 3023/3456/6638 2145/49/6638
f 3018/3656/6639 3059/4091/6639 2791/3657/6639
f 3067/4115/6640 3056/3530/6640 3066/3529/6640
f 309/816/6641 295/744/6641 278/722/6642 462/759/6642
f 2993/4127/6643 2830/48/6643 2809/3982/6643
f 3008/104/6644 3011/103/6644 3029/3848/6644
f 3060/4113/6645 3055/3637/6645 3011/103/6645
f 3006/1587/6646 3057/4128/6646 2800/1588/6646
f 3135/554/6647 2998/4129/6647 2997/4130/6647
f 3020/3575/6648 2999/4131/6648 2692/2553/6648
f 3052/4114/6649 3007/4132/6649 3051/3551/6649
f 2804/3994/6650 378/930/6650 2807/1036/6651 2806/3363/6651
f 3057/4128/6652 3001/2542/6652 3064/3992/6652
f 3057/4128/6653 3003/4133/6653 3002/105/6653
f 3027/102/6654 3007/4132/6654 3011/103/6654
f 3054/24/6655 3041/2539/6655 2985/21/6655
f 3004/4097/6656 3054/24/6656 3034/23/6656
f 3041/2539/6657 3061/1629/6657 2985/21/6657
f 3005/4134/6658 3015/4135/6658 3001/2542/6658
f 3007/4132/6659 3006/1587/6659 3051/3551/6659
f 3030/3847/6660 3024/1628/6660 3008/104/6660
f 4131/3113/6661 4114/2300/6662 4010/2304/6662 4125/4136/6661
f 3007/4132/6663 3052/4114/6663 3011/103/6663
f 3002/105/6664 3003/4133/6664 3027/102/6664
f 3009/4124/6665 3058/2540/6665 3004/4097/6665
f 3010/4126/6666 3009/4124/6666 3021/4137/6666
f 3010/4126/6667 3021/4137/6667 2978/4138/6667
f 3013/1665/6668 3012/1700/6668 3119/3658/6668
f 3014/3988/6669 3015/4135/6669 2809/3982/6669
f 3015/4135/6670 3005/4134/6670 2809/3982/6670
f 3041/2539/6671 3001/2542/6671 3002/105/6671
f 3003/4133/6672 3057/4128/6672 3006/1587/6672
f 3009/4124/6673 3010/4126/6673 2145/49/6673
f 3053/2401/6674 3032/4120/6674 2987/2402/6674
f 3028/4139/6675 3016/4140/6675 2998/4129/6675
f 2988/4118/6676 3017/3899/6676 2920/3630/6676
f 3067/4115/6677 3059/4091/6677 3018/3656/6677
f 3019/2403/6678 3022/4141/6678 2994/2404/6678
f 2997/4130/6679 2998/4129/6679 2981/4111/6679
f 3135/554/6680 2999/4131/6680 2998/4129/6680
f 3010/4126/6681 2978/4138/6681 3023/3456/6681
f 3043/3701/6682 3042/4142/6682 3031/3702/6682
f 3042/4142/6683 3028/4139/6683 3020/3575/6683
f 3005/4134/6684 2993/4127/6684 2809/3982/6684
f 3009/4124/6685 3022/4141/6685 3021/4137/6685
f 3030/3847/6686 3008/104/6686 3029/3848/6686
f 3031/3702/6687 3032/4120/6687 3053/2401/6687
f 3000/3703/6688 2986/3850/6688 3036/3704/6688
f 3029/3848/6689 3038/4119/6689 3045/3849/6689
f 3000/3703/6690 3031/3702/6690 2983/4102/6690
f 3024/1628/6691 3030/3847/6691 2986/3850/6691
f 2214/1946/6692 2245/3511/6693 2279/3600/6694 2370/3460/6694
f 2978/4138/6695 2920/3630/6695 3023/3456/6695
f 3061/1629/6696 3024/1628/6696 3025/4117/6696
f 3025/4117/6697 3024/1628/6697 2986/3850/6697
f 2993/4127/6698 3026/2541/6698 2830/48/6698
f 3003/4133/6699 3007/4132/6699 3027/102/6699
f 3020/3575/6700 3028/4139/6700 2999/4131/6700
f 3016/4140/6701 3037/3700/6701 2998/4129/6701
f 3061/1629/6702 3041/2539/6702 3002/105/6702
f 3022/4141/6703 3009/4124/6703 3004/4097/6703
f 3042/4142/6704 3032/4120/6704 3031/3702/6704
f 2999/4131/6705 3135/554/6705 3178/553/6705
f 2987/2402/6706 3033/4109/6706 2688/29/6706
f 3033/4109/6707 2991/3888/6707 2980/30/6707
f 2692/2553/6708 2999/4131/6708 3178/553/6708
f 420/1329/6709 578/1328/6710 587/1320/6710 369/696/6709
f 882/1821/6711 877/1818/6712 855/1797/6713 849/1799/6714
f 3046/4101/6715 2979/4096/6715 3034/23/6715
f 3057/4128/6716 3064/3992/6716 2800/1588/6716
f 2996/1664/6717 3063/1663/6717 2995/1699/6717
f 4719/2944/6718 1666/2943/6719 4641/2105/6720 1081/2104/6721 1062/2080/6722 1175/446/6722
f 1300/2433/6723 1303/2428/6723 1304/2430/6724 1297/2431/6724
f 3036/3704/6725 3049/4143/6725 3040/4144/6725
f 3042/4142/6726 3020/3575/6726 2992/3574/6726
f 3037/3700/6727 3040/4144/6727 3047/4112/6727
f 3037/3700/6728 3036/3704/6728 3040/4144/6728
f 3042/4142/6729 2992/3574/6729 3032/4120/6729
f 2999/4131/6730 3028/4139/6730 2998/4129/6730
f 3067/4115/6731 3065/495/6732 3168/4145/6732 3039/3638/6731
f 3038/4119/6733 3049/4143/6733 3045/3849/6733
f 3022/4141/6734 3046/4101/6734 2994/2404/6734
f 3064/3992/6735 3015/4135/6735 3014/3988/6735
f 2981/4111/6736 2998/4129/6736 3047/4112/6736
f 3050/3636/6737 3048/3639/6737 3047/4112/6737
f 3026/2541/6738 3005/4134/6738 3001/2542/6738
f 3059/4091/6739 3052/4114/6739 3051/3551/6739
f 3052/4114/6740 3060/4113/6740 3011/103/6740
f 2983/4102/6741 3053/2401/6741 2994/2404/6741
f 2119/3352/6742 1960/3777/6742 2510/3318/6743 2014/3317/6744 1948/3353/6744
f 3168/4145/6745 3048/3639/6745 3039/3638/6745
f 3048/3639/6746 3169/4110/6746 3047/4112/6746
f 4734/4146/6747 4582/482/6747 4728/2613/6748 4682/4147/6749
f 3055/3637/6750 3060/4113/6750 3067/4115/6750
f 3055/3637/6751 3067/4115/6751 3039/3638/6751
f 3056/3530/6752 3067/4115/6752 3018/3656/6752
f 3026/2541/6753 3058/2540/6753 2830/48/6753
f 2982/4116/6754 3000/3703/6754 2983/4102/6754
f 2988/4118/6755 3021/4137/6755 2701/4088/6755
f 3067/4115/6756 3062/4125/6756 3065/495/6756
f 3028/4139/6757 3042/4142/6757 3016/4140/6757
f 2998/4129/6758 3037/3700/6758 3047/4112/6758
f 3001/2542/6759 3057/4128/6759 3002/105/6759
f 2989/496/6760 3062/4125/6760 3063/1663/6760
f 3058/2540/6761 3054/24/6761 3004/4097/6761
f 3005/4134/6762 3026/2541/6762 2993/4127/6762
f 3007/4132/6763 3003/4133/6763 3006/1587/6763
f 3025/4117/6764 2986/3850/6764 2984/22/6764
f 2979/4096/6765 3022/4141/6765 3004/4097/6765
f 3061/1629/6766 3025/4117/6766 2985/21/6766
f 3063/1663/6767 3062/4125/6767 3066/3529/6767
f 3046/4101/6768 3022/4141/6768 2979/4096/6768
f 2830/48/6769 3058/2540/6769 2145/49/6769
f 3032/4120/6770 2992/3574/6770 3033/4109/6770
f 3169/4110/6771 3048/3639/6771 3168/4145/6771
f 3019/2403/6772 2987/2402/6772 2701/4088/6772
f 3001/2542/6773 3015/4135/6774 3064/3992/6773
f 3045/3849/6775 3049/4143/6775 3036/3704/6775
f 3062/4125/6776 3067/4115/6776 3066/3529/6776
f 4782/4148/6777 4817/4149/6777 4197/1163/6778 4779/4150/6779 4802/4107/6780 4786/46/6781 4785/69/6781 4797/44/6782 4791/25/6783 5/68/6784 4793/67/6785 4805/4151/6786 4794/4152/6787 4809/4028/6788 4795/4027/6789 4792/4153/6790 4799/4154/6791 1466/2668/6791 4800/3066/6792 1780/3048/6793 4758/4155/6794 4798/4156/6795 4806/4157/6796 4810/4158/6797 4788/4159/6798 4762/4160/6799 4790/4161/6800 4787/2747/6801 4814/2750/6802 4789/2922/6803 4772/4162/6804 4784/4163/6805 4825/2825/6806 4783/4164/6807 4822/1832/6808 4780/1831/6809 4804/4165/6810
f 2504/3789/6811 2499/3128/6811 2512/3672/6812 2521/3788/6813
f 2432/3627/6814 2475/3483/6815 2413/3684/6816 2433/3712/6816
f 3079/2174/6817 3070/2173/6817 3069/2435/6817
f 3071/4041/6818 3077/2302/6818 3089/4042/6818
f 3082/4166/6819 3072/4167/6819 3292/4168/6819
f 3073/4169/6820 3225/4170/6820 3082/4166/6820
f 3103/4171/6821 3105/4172/6821 3104/3212/6821
f 817/1706/6822 803/1714/6822 835/1452/6823 837/1743/6824
f 1596/2015/6825 1599/264/6826 1848/2807/6827 1551/2817/6827
f 2696/3910/6828 2724/3909/6828 2903/893/6829 2894/3915/6830
f 3098/3537/6831 3083/4173/6831 3081/2436/6831
f 3543/2358/6832 3084/2357/6832 3292/4168/6832
f 3520/4039/6833 3096/3791/6833 3097/1356/6833
f 3071/4041/6834 3078/2594/6834 3077/2302/6834
f 3105/4172/6835 3100/3121/6835 1908/3124/6835
f 3083/4173/6836 3086/3793/6836 3081/2436/6836
f 3084/2357/6837 3075/2356/6837 3292/4168/6837
f 3068/4174/6838 3077/2302/6838 3094/2301/6838
f 3090/4043/6839 3089/4042/6839 3068/4174/6839
f 3096/3791/6840 3090/4043/6840 3087/3792/6840
f 3075/2356/6841 3085/2355/6841 3086/3793/6841
f 3078/2594/6842 4009/2593/6842 3995/2303/6842
f 3095/4175/6843 3076/2690/6843 3100/3121/6843
f 3078/2594/6844 3995/2303/6844 3077/2302/6844
f 2388/1208/6845 2386/2646/6846 1397/4176/6847 2390/3652/6848
f 3520/4039/6849 3090/4043/6849 3096/3791/6849
f 3079/2174/6850 3093/2434/6850 3094/2301/6850
f 3095/4175/6851 3105/4172/6851 3073/4169/6851
f 3076/2690/6852 3101/3536/6852 3091/526/6852
f 3270/523/6853 3080/527/6853 3069/2435/6853
f 3101/3536/6854 3080/527/6854 3091/526/6854
f 4288/4177/6855 4258/4178/6856 4221/4121/6856 4244/4123/6855
f 4014/2175/6857 3079/2174/6857 3094/2301/6857
f 3098/3537/6858 3081/2436/6858 3069/2435/6858
f 3082/4166/6859 3225/4170/6859 3072/4167/6859
f 3075/2356/6860 3083/4173/6860 3292/4168/6860
f 4542/4179/6861 4630/4180/6861 4622/4075/6862 4529/4077/6862
f 1661/2928/6863 1652/1682/6863 1644/291/6864 1645/1659/6864
f 3075/2356/6865 3086/3793/6865 3083/4173/6865
f 1823/2970/6866 1820/464/6867 1323/795/6868 1340/2437/6868
f 775/362/6869 806/361/6870 778/1697/6870 773/1696/6871 776/1686/6872
f 3090/4043/6873 3068/4174/6873 3087/3792/6873
f 3959/525/6874 3911/2689/6874 3091/526/6874
f 3083/4173/6875 3082/4166/6875 3292/4168/6875
f 209/564/6876 235/566/6877 210/667/6878 284/604/6879 264/336/6880 4761/778/6881 4760/4181/6882 286/2146/6882 237/2147/6883 17/13/6884 239/66/6885 248/73/6886
f 3097/1356/6887 3096/3791/6887 3092/1357/6887
f 3089/4042/6888 3077/2302/6888 3068/4174/6888
f 3098/3537/6889 3095/4175/6889 3082/4166/6889
f 1067/2095/6890 1112/2094/6891 1122/2069/6891 1079/2068/6890
f 3105/4172/6892 3095/4175/6892 3100/3121/6892
f 3095/4175/6893 3073/4169/6893 3082/4166/6893
f 473/1057/6894 425/467/6894 477/906/6895 431/1110/6896 531/1070/6896
f 3103/4171/6897 3104/3212/6897 3102/3200/6897
f 3105/4172/6898 1908/3124/6898 3104/3212/6898
f 3083/4173/6899 3098/3537/6899 3082/4166/6899
f 3105/4172/6900 3103/4171/6900 3073/4169/6900
f 3106/4182/6901 3209/787/6901 3175/4183/6901
f 3132/4184/6902 3208/580/6902 3161/594/6902
f 3108/3785/6903 3107/4185/6903 3114/4186/6903
f 3108/3785/6904 3118/3784/6904 3107/4185/6904
f 3136/4187/6905 3217/4188/6905 3109/3775/6905
f 3198/4189/6906 3151/4190/6906 3221/3682/6906
f 539/1054/6907 424/1056/6908 428/1071/6909 2699/1240/6909
f 3110/4191/6910 3132/4184/6910 3161/594/6910
f 3146/4192/6911 3123/1521/6911 3216/4193/6911
f 3130/4194/6912 3110/4191/6912 3114/4186/6912
f 3408/4195/6913 3446/3068/6914 3432/3070/6915 3375/4196/6916
f 1372/2667/6917 1401/2585/6917 1420/2629/6918 1350/2494/6918
f 3115/1136/6919 3134/4197/6919 3111/4198/6919
f 3164/3977/6920 3162/1666/6920 3119/3658/6920
f 3365/1520/6921 3115/1136/6921 3123/1521/6921
f 1174/2182/6922 1147/2157/6922 1119/2188/6922 1134/2187/6922
f 3176/4199/6923 3181/4200/6923 3136/4187/6923
f 3176/4199/6924 3197/4108/6925 3182/4201/6926 3181/4200/6926
f 2225/3587/6927 2353/3515/6927 2172/3517/6928 2208/3570/6928
f 3112/4202/6929 3199/4203/6929 3110/4191/6929
f 3365/1520/6930 3412/4204/6930 3115/1136/6930
f 3165/493/6931 3207/4205/6931 3184/494/6931
f 3/11/6932 2/1658/6933 3816/1672/6934 3823/4206/6934
f 2247/3573/6935 2138/3439/6936 2358/2212/6937 2319/3514/6937
f 3120/4207/6938 3130/4194/6938 3114/4186/6938
f 3112/4202/6939 3110/4191/6939 3161/594/6939
f 3115/1136/6940 3117/1135/6940 3216/4193/6940
f 3198/4189/6941 3167/4208/6941 3118/3784/6941
f 2009/2664/6942 2041/3400/6943 1970/2528/6943 1995/3279/6942
f 3117/1135/6944 3116/1134/6944 3147/2632/6944
f 3193/1293/6945 3124/1518/6945 3171/1294/6945
f 3191/4209/6946 3182/4201/6946 3196/3354/6946
f 3203/1016/6947 3191/4209/6947 3196/3354/6947
f 3136/4187/6948 3181/4200/6948 3217/4188/6948
f 3162/1666/6949 3013/1665/6949 3119/3658/6949
f 3120/4207/6950 3133/4210/6950 3130/4194/6950
f 3223/3961/6951 3202/3180/6951 3220/3179/6951
f 3167/4208/6952 3217/4188/6952 3107/4185/6952
f 2057/771/6953 2123/3328/6954 2099/3295/6955 1950/3297/6956
f 4637/4211/6957 4569/2624/6958 1106/2160/6958 1109/2162/6957
f 3165/493/6959 3106/4182/6959 3175/4183/6959
f 3185/4212/6960 3213/4213/6960 3210/788/6960
f 3163/4214/6961 3215/4215/6961 3214/3312/6961
f 3220/3179/6962 3127/64/6962 3206/63/6962
f 3128/1340/6963 3140/1015/6963 3194/3339/6963
f 3131/4216/6964 3211/4217/6964 3126/4218/6964
f 3181/4200/6965 3120/4207/6965 3217/4188/6965
f 3188/4219/6966 3165/493/6966 2989/496/6966
f 3121/1662/6967 3188/4219/6967 3063/1663/6967
f 3206/63/6968 3128/1340/6968 3214/3312/6968
f 2266/3605/6969 2230/3590/6970 2343/3632/6971 2317/3487/6972
f 3130/4194/6973 3133/4210/6973 3132/4184/6973
f 3185/4212/6974 3211/4217/6974 3131/4216/6974
f 3134/4197/6975 3396/4220/6975 3111/4198/6975
f 3150/3960/6976 3156/3959/6976 2074/3416/6976
f 3143/3980/6977 3117/1135/6977 3147/2632/6977
f 4235/4221/6978 4271/4222/6978 4266/4223/6979 4234/4224/6979
f 3177/2206/6980 3141/1185/6980 2130/769/6981
f 4124/4225/6982 4132/4226/6982 4100/4227/6983 4128/4228/6983
f 3115/1136/6984 3412/4204/6984 3134/4197/6984
f 3110/4191/6985 3199/4203/6985 3114/4186/6985
f 1212/1343/6986 1184/2240/6987 1192/2264/6988 1203/2267/6988
f 4546/4229/6989 4720/4230/6990 4666/4231/6990 4552/4232/6991 4671/2469/6991
f 3176/4199/6992 3136/4187/6992 3109/3775/6992
f 3131/4216/6993 3133/4210/6993 3181/4200/6993
f 2497/2044/6994 2493/3767/6994 2398/3666/6995 2396/3680/6995
f 3149/2630/6996 3112/4202/6996 3142/4007/6996
f 3137/405/6997 3170/1993/6997 3204/1996/6997
f 3137/405/6998 3138/408/6998 3170/1993/6998
f 3220/3179/6999 3139/3178/6999 3127/64/6999
f 3206/63/7000 3140/1015/7000 3128/1340/7000
f 3112/4202/7001 3161/594/7001 3142/4007/7001
f 3146/4192/7002 3216/4193/7002 3143/3980/7002
f 3145/1995/7003 3212/4233/7003 3173/4234/7003
f 3222/4235/7004 3145/1995/7004 3173/4234/7004
f 2794/319/7005 3146/4192/7005 2779/320/7005
f 3180/4236/7006 3146/4192/7006 2794/319/7006
f 249/605/7007 267/703/7007 289/737/7008 226/603/7008
f 3216/4193/7009 3117/1135/7009 3143/3980/7009
f 3209/787/7010 3106/4182/7011 3190/578/7011 3129/577/7012 3132/4184/7012 3126/4218/7013
f 3137/405/7014 3150/3960/7014 2074/3416/7014
f 3115/1136/7015 3111/4198/7016 3152/4237/7017 3189/1137/7018
f 3198/4189/7019 3152/4237/7019 3151/4190/7019
f 3156/3959/7020 3153/3958/7020 3163/4214/7020
f 3154/62/7021 3183/61/7021 3209/787/7021
f 3207/4205/7022 3165/493/7022 3175/4183/7022
f 2074/3416/7023 3156/3959/7023 3155/3311/7023
f 3158/4238/7024 3137/405/7024 3204/1996/7024
f 3157/4239/7025 3160/593/7025 3190/578/7025
f 3223/3961/7026 3158/4238/7026 3202/3180/7026
f 3165/493/7027 3157/4239/7027 3106/4182/7027
f 3190/578/7028 3160/593/7028 3159/579/7028
f 3125/4240/7029 3162/1666/7029 3164/3977/7029
f 3150/3960/7030 3137/405/7030 3223/3961/7030
f 3125/4240/7031 3160/593/7031 3162/1666/7031
f 3392/4241/7032 3460/4242/7033 3437/643/7034 3418/642/7035
f 3142/4007/7036 3125/4240/7036 3164/3977/7036
f 3121/1662/7037 3157/4239/7037 3165/493/7037
f 3166/3386/7038 2073/770/7038 3218/551/7038
f 3137/405/7039 3158/4238/7039 3223/3961/7039
f 3118/3784/7040 3167/4208/7040 3107/4185/7040
f 3187/1994/7041 3169/4110/7041 3168/4145/7041
f 3186/4243/7042 3187/1994/7042 3168/4145/7042
f 3187/1994/7043 3138/408/7043 3044/4244/7043
f 3138/408/7044 3187/1994/7044 3170/1993/7044
f 2779/320/7045 3146/4192/7045 3143/3980/7045
f 3124/1518/7046 3180/4236/7046 3171/1294/7046
f 3172/4245/7047 3186/4243/7047 3207/4205/7047
f 3217/4188/7048 3167/4208/7048 3221/3682/7048
f 3174/3177/7049 3173/4234/7049 3139/3178/7049
f 3174/3177/7050 3222/4235/7050 3173/4234/7050
f 3172/4245/7051 3207/4205/7051 3127/64/7051
f 605/1409/7052 594/1388/7053 607/1389/7054 595/1414/7055 639/1411/7056 591/1413/7052
f 3107/4185/7057 3217/4188/7057 3114/4186/7057
f 3176/4199/7058 3109/3775/7058 3197/4108/7058
f 3178/553/7059 3219/552/7059 3177/2206/7059
f 3205/790/7060 3191/4209/7060 3203/1016/7060
f 1073/2102/7061 1075/1108/7061 1142/2031/7062 1098/2030/7062
f 3109/3775/7063 3217/4188/7063 3179/4246/7063
f 4045/4247/7064 4079/3778/7065 4080/4248/7066 4050/4249/7067
f 3146/4192/7068 3180/4236/7068 3123/1521/7068
f 3139/3178/7069 3172/4245/7069 3127/64/7069
f 3217/4188/7070 3120/4207/7070 3114/4186/7070
f 3182/4201/7071 3131/4216/7071 3181/4200/7071
f 3209/787/7072 3183/61/7072 3175/4183/7072
f 3185/4212/7073 3131/4216/7073 3182/4201/7073
f 3111/4198/7074 3396/4220/7074 3152/4237/7074
f 3133/4210/7075 3120/4207/7075 3181/4200/7075
f 3126/4218/7076 3211/4217/7076 3209/787/7076
f 3187/1994/7077 3186/4243/7077 3212/4233/7077
f 3188/4219/7078 2989/496/7078 3063/1663/7078
f 3157/4239/7079 3190/578/7079 3106/4182/7079
f 3144/550/7080 3135/554/7080 2997/4130/7080
f 3189/1137/7081 3152/4237/7081 3118/3784/7081
f 3192/789/7082 3213/4213/7082 3191/4209/7082
f 3152/4237/7083 3396/4220/7083 3151/4190/7083
f 3380/1519/7084 3124/1518/7084 3193/1293/7084
f 3140/1015/7085 3195/1018/7085 3194/3339/7085
f 3191/4209/7086 3185/4212/7086 3182/4201/7086
f 3160/593/7087 3122/1661/7087 3162/1666/7087
f 3180/4236/7088 3124/1518/7088 3123/1521/7088
f 3402/2621/7089 3373/2620/7089 3468/4250/7090 3475/2730/7090
f 3152/4237/7091 3198/4189/7091 3118/3784/7091
f 2997/4130/7092 3044/4244/7092 3201/407/7092
f 3149/2630/7093 3142/4007/7093 3148/2631/7093
f 3174/3177/7094 3200/4251/7094 3222/4235/7094
f 3044/4244/7095 3138/408/7095 3201/407/7095
f 3186/4243/7096 3172/4245/7096 3212/4233/7096
f 3137/405/7097 2074/3416/7097 2072/406/7097
f 3200/4251/7098 3174/3177/7098 3202/3180/7098
f 3211/4217/7099 3185/4212/7099 3210/788/7099
f 3213/4213/7100 3192/789/7100 3210/788/7100
f 3173/4234/7101 3172/4245/7101 3139/3178/7101
f 3658/4252/7102 3762/4253/7103 3761/1438/7103 3759/1441/7104
f 3140/1015/7105 3205/790/7105 3203/1016/7105
f 3200/4251/7106 3158/4238/7106 3204/1996/7106
f 3154/62/7107 3205/790/7107 3140/1015/7107
f 3154/62/7108 3140/1015/7108 3206/63/7108
f 3207/4205/7109 3186/4243/7109 3168/4145/7109
f 3188/4219/7110 3121/1662/7110 3165/493/7110
f 3132/4184/7111 3129/577/7111 3208/580/7111
f 3171/1294/7112 3180/4236/7112 2794/319/7112
f 3212/4233/7113 3172/4245/7113 3173/4234/7113
f 3211/4217/7114 3210/788/7114 3209/787/7114
f 311/806/7115 296/738/7115 282/764/7116 281/766/7116
f 3145/1995/7117 3187/1994/7117 3212/4233/7117
f 3187/1994/7118 3044/4244/7118 3169/4110/7118
f 3110/4191/7119 3130/4194/7119 3132/4184/7119
f 3213/4213/7120 3185/4212/7120 3191/4209/7120
f 3215/4215/7121 3206/63/7121 3214/3312/7121
f 3163/4214/7122 3153/3958/7122 3220/3179/7122
f 3123/1521/7123 3115/1136/7123 3216/4193/7123
f 3179/4246/7124 3217/4188/7124 3221/3682/7124
f 3215/4215/7125 3163/4214/7125 3220/3179/7125
f 3205/790/7126 3192/789/7126 3191/4209/7126
f 3215/4215/7127 3220/3179/7127 3206/63/7127
f 3167/4208/7128 3198/4189/7128 3221/3682/7128
f 3158/4238/7129 3200/4251/7129 3202/3180/7129
f 3145/1995/7130 3200/4251/7130 3204/1996/7130
f 3222/4235/7131 3200/4251/7131 3145/1995/7131
f 3153/3958/7132 3223/3961/7132 3220/3179/7132
f 3281/4254/7133 3282/4255/7133 3531/4256/7133
f 2592/3815/7134 2576/2150/7135 2554/3807/7135 2555/3808/7136 2591/1160/7134
f 3304/4257/7137 3335/720/7137 3325/243/7137
f 3264/4258/7138 3265/4009/7138 3257/4259/7138
f 2619/3845/7139 2756/1786/7140 2609/3698/7141 2617/3697/7142
f 3333/2567/7143 3260/4260/7143 3231/4261/7143
f 3226/4262/7144 3230/4263/7144 3225/4170/7144
f 3737/1022/7145 3229/673/7145 3266/4008/7145
f 3230/4263/7146 3268/4264/7146 3225/4170/7146
f 3225/4170/7147 3268/4264/7147 3072/4167/7147
f 3337/784/7148 3339/717/7148 3228/785/7148
f 3339/717/7149 3340/4265/7149 3228/785/7149
f 3256/4266/7150 3238/4267/7150 3257/4259/7150
f 3251/4268/7151 3338/4269/7151 3342/716/7151
f 1200/349/7152 1201/437/7153 195/395/7154 178/350/7154
f 3227/2185/7155 3234/4270/7155 3226/4262/7155
f 3229/673/7156 3237/672/7156 3257/4259/7156
f 3955/4049/7157 4092/895/7158 3862/2808/7159 3930/4057/7159
f 3227/2185/7160 3236/2184/7160 3231/4261/7160
f 3233/4271/7161 3263/715/7161 3232/4272/7161
f 3246/4273/7162 3242/4274/7162 3234/4270/7162
f 3103/4171/7163 3256/4266/7163 3073/4169/7163
f 3246/4273/7164 3234/4270/7164 3227/2185/7164
f 3246/4273/7165 3227/2185/7165 3231/4261/7165
f 1282/2427/7166 1313/2445/7167 1296/2443/7168 1303/2428/7166
f 3238/4267/7169 3256/4266/7169 3103/4171/7169
f 3243/4275/7170 3286/4276/7170 3324/4277/7170
f 3298/4278/7171 3301/4279/7171 3326/4280/7171
f 3239/285/7172 3267/4281/7172 3324/4277/7172
f 3275/245/7173 3321/244/7173 3240/719/7173
f 4346/4282/7174 4340/4283/7174 840/1428/7175 4334/4284/7175
f 3250/4285/7176 3249/4286/7176 3241/4287/7176
f 3250/4285/7177 3241/4287/7177 3242/4274/7177
f 3247/4288/7178 3250/4285/7178 3242/4274/7178
f 3241/4287/7179 3244/4289/7179 3243/4275/7179
f 3246/4273/7180 3247/4288/7180 3242/4274/7180
f 3262/4290/7181 3245/4291/7181 3260/4260/7181
f 3247/4288/7182 3262/4290/7182 3251/4268/7182
f 3262/4290/7183 3247/4288/7183 3246/4273/7183
f 4305/4292/7184 4308/4293/7185 4310/3821/7186 4330/4294/7187
f 3245/4291/7188 3262/4290/7188 3246/4273/7188
f 3250/4285/7189 3248/4295/7189 3249/4286/7189
f 3343/4296/7190 3247/4288/7190 3251/4268/7190
f 3254/4297/7191 3252/4298/7191 3253/4299/7191
f 3254/4297/7192 3253/4299/7192 3249/4286/7192
f 3291/4300/7193 3255/4301/7193 3313/1249/7193
f 3073/4169/7194 3256/4266/7194 3225/4170/7194
f 3237/672/7195 3235/2186/7195 3257/4259/7195
f 3285/2798/7196 3258/2566/7196 3333/2567/7196
f 3265/4009/7197 3264/4258/7197 3259/4010/7197
f 3248/4295/7198 3343/4296/7198 3233/4271/7198
f 3245/4291/7199 3246/4273/7199 3231/4261/7199
f 3265/4009/7200 3229/673/7200 3257/4259/7200
f 1316/505/7201 1262/872/7201 1305/902/7202 1259/2385/7202
f 3242/4274/7203 3269/4302/7203 3234/4270/7203
f 3261/786/7204 3260/4260/7204 3333/2567/7204
f 3238/4267/7205 3264/4258/7205 3257/4259/7205
f 3251/4268/7206 3262/4290/7206 3338/4269/7206
f 3334/783/7207 3261/786/7207 3333/2567/7207
f 3263/715/7208 3254/4297/7208 3232/4272/7208
f 3238/4267/7209 3103/4171/7209 3102/3200/7209
f 1116/2181/7210 1105/1841/7210 1092/1844/7211 1118/2155/7212
f 3264/4258/7213 3238/4267/7213 1529/2779/7213
f 3269/4302/7214 3267/4281/7214 3230/4263/7214
f 4680/4303/7215 4694/4304/7216 4519/1489/7217 4679/4305/7218
f 3231/4261/7219 3236/2184/7219 3684/2675/7219
f 3267/4281/7220 3243/4275/7220 3324/4277/7220
f 3267/4281/7221 3269/4302/7221 3243/4275/7221
f 3268/4264/7222 3230/4263/7222 3543/2358/7222
f 3269/4302/7223 3241/4287/7223 3243/4275/7223
f 3241/4287/7224 3269/4302/7224 3242/4274/7224
f 3300/1248/7225 3934/4306/7225 3074/524/7225
f 1515/374/7226 1475/1533/7227 1474/2721/7227 1473/2703/7226
f 3284/4307/7228 3271/4308/7228 3300/1248/7228
f 3284/4307/7229 3936/4309/7229 3271/4308/7229
f 3300/1248/7230 3271/4308/7230 3934/4306/7230
f 3936/4309/7231 3284/4307/7231 2579/2815/7231
f 3074/524/7232 3934/4306/7232 3959/525/7232
f 3314/4310/7233 3320/4311/7233 3294/1247/7233
f 3302/4312/7234 3291/4300/7234 3069/2435/7234
f 3322/4313/7235 3272/585/7235 3328/588/7235
f 3238/4267/7236 3102/3200/7236 1529/2779/7236
f 3019/2403/7237 2701/4088/7237 3021/4137/7238 3022/4141/7239
f 3266/4008/7240 3259/4010/7240 3273/2737/7240
f 2744/3149/7241 3739/324/7242 1829/3100/7243 1838/3096/7244 1342/2447/7244
f 3293/2648/7245 3274/4314/7245 3281/4254/7245
f 3308/2860/7246 3276/4315/7246 3275/245/7246
f 3537/4316/7247 3318/2169/7247 3282/4255/7247
f 3277/4317/7248 3281/4254/7248 3531/4256/7248
f 3315/1418/7249 3288/4318/7249 2573/3215/7249
f 3277/4317/7250 3293/2648/7250 3281/4254/7250
f 3286/4276/7251 3287/4319/7251 3324/4277/7251
f 3589/2650/7252 3312/4320/7252 3278/2647/7252
f 3589/2650/7253 3279/283/7253 3312/4320/7253
f 3345/1425/7254 3332/718/7254 3339/717/7254
f 1659/2958/7255 1627/2910/7256 1648/2920/7257 1663/2907/7258
f 475/1186/7259 454/1178/7259 499/471/7260 429/1073/7260
f 3309/4321/7261 3305/4322/7261 3295/4323/7261
f 2594/1419/7262 3315/1418/7262 2573/3215/7262
f 3289/586/7263 3283/4324/7263 3327/587/7263
f 3303/282/7264 3307/4325/7264 3312/4320/7264
f 4098/2172/7265 3282/4255/7266 3281/4254/7267 3302/4312/7267 3070/2173/7268
f 3284/4307/7269 3328/588/7269 2579/2815/7269
f 3330/4326/7270 3329/1423/7270 3272/585/7270
f 2159/3576/7271 2342/3465/7271 2344/3645/7272 2149/3461/7273
f 3305/4322/7274 3317/4327/7274 3255/4301/7274
f 3268/4264/7275 3543/2358/7275 3292/4168/7275
f 3285/2798/7276 3685/2799/7276 3298/4278/7276
f 3253/4299/7277 3287/4319/7277 3286/4276/7277
f 2438/3751/7278 2483/3723/7278 2443/3626/7279 2455/2512/7279
f 3296/1421/7280 3290/2603/7280 3306/1422/7280
f 1375/409/7281 1404/412/7282 1388/2574/7283 1424/2638/7284
f 3290/2603/7285 3289/586/7285 3272/585/7285
f 3320/4311/7286 3322/4313/7286 3294/1247/7286
f 3291/4300/7287 3313/1249/7287 3069/2435/7287
f 3072/4167/7288 3268/4264/7288 3292/4168/7288
f 3113/1017/7289 3203/1016/7290 3196/3354/7291 1948/3353/7292 1981/2973/7292
f 3274/4314/7293 3302/4312/7293 3281/4254/7293
f 3293/2648/7294 3309/4321/7294 3274/4314/7294
f 4821/4328/7295 4788/4159/7296 1747/2475/7297
f 3322/4313/7298 3300/1248/7298 3294/1247/7298
f 3253/4299/7299 3252/4298/7299 3304/4257/7299
f 3302/4312/7300 3295/4323/7300 3255/4301/7300
f 3274/4314/7301 3295/4323/7301 3302/4312/7301
f 3298/4278/7302 3297/4329/7302 3301/4279/7302
f 3278/2647/7303 3309/4321/7303 3293/2648/7303
f 3309/4321/7304 3295/4323/7304 3274/4314/7304
f 3322/4313/7305 3284/4307/7305 3300/1248/7305
f 3326/4280/7306 3301/4279/7306 3316/3933/7306
f 3892/3277/7307 3872/4330/7308 3879/3278/7308
f 3319/4331/7309 3303/282/7309 3239/285/7309
f 4094/4332/7310 4087/2809/7311 4078/4333/7312 4059/4334/7313
f 3304/4257/7314 3252/4298/7314 3335/720/7314
f 3295/4323/7315 3305/4322/7315 3255/4301/7315
f 3307/4325/7316 3317/4327/7316 3305/4322/7316
f 3317/4327/7317 3331/4335/7317 3255/4301/7317
f 3285/2798/7318 3298/4278/7318 3326/4280/7318
f 3312/4320/7319 3309/4321/7319 3278/2647/7319
f 3342/716/7320 3338/4269/7320 3340/4265/7320
f 3341/2816/7321 3296/1421/7321 3280/1420/7321
f 4812/2659/7322 1386/2569/7323 1434/826/7323 1402/2692/7322
f 3314/4310/7324 3276/4315/7324 3320/4311/7324
f 3305/4322/7325 3309/4321/7325 3312/4320/7325
f 3307/4325/7326 3305/4322/7326 3312/4320/7326
f 4588/4336/7327 4620/2625/7328 4569/2624/7329 4745/4337/7330
f 3272/585/7331 3322/4313/7331 3320/4311/7331
f 3302/4312/7332 3255/4301/7332 3291/4300/7332
f 3314/4310/7333 3294/1247/7333 3313/1249/7333
f 3308/2860/7334 3275/245/7334 3240/719/7334
f 3316/3933/7335 3301/4279/7335 2742/3918/7335
f 2742/3918/7336 3297/4329/7336 2731/1378/7336
f 3319/4331/7337 3317/4327/7337 3303/282/7337
f 3308/2860/7338 3311/2859/7338 3276/4315/7338
f 3282/4255/7339 3318/2169/7339 3531/4256/7339
f 3314/4310/7340 3331/4335/7340 3275/245/7340
f 3317/4327/7341 3319/4331/7341 3323/242/7341
f 1600/2871/7342 1839/2874/7342 1827/3110/7343 1815/2872/7343
f 3303/282/7344 3317/4327/7344 3307/4325/7344
f 3070/2173/7345 3302/4312/7345 3069/2435/7345
f 3287/4319/7346 3319/4331/7346 3324/4277/7346
f 3345/1425/7347 3308/2860/7347 3240/719/7347
f 3590/284/7348 3492/4338/7348 3239/285/7348
f 3492/4338/7349 3267/4281/7349 3239/285/7349
f 3285/2798/7350 3333/2567/7350 3224/2674/7350
f 3335/720/7351 3321/244/7351 3325/243/7351
f 3322/4313/7352 3328/588/7352 3284/4307/7352
f 3319/4331/7353 3239/285/7353 3324/4277/7353
f 3323/242/7354 3319/4331/7354 3325/243/7354
f 3258/2566/7355 3285/2798/7355 3326/4280/7355
f 740/1238/7356 724/1484/7357 331/1401/7357 600/1400/7356
f 3330/4326/7358 3336/4339/7358 3329/1423/7358
f 3287/4319/7359 3253/4299/7359 3304/4257/7359
f 3344/4340/7360 3336/4339/7360 3330/4326/7360
f 3260/4260/7361 3245/4291/7361 3231/4261/7361
f 3255/4301/7362 3331/4335/7362 3313/1249/7362
f 3331/4335/7363 3314/4310/7363 3313/1249/7363
f 3276/4315/7364 3314/4310/7364 3275/245/7364
f 3344/4340/7365 3330/4326/7365 3272/585/7365
f 3331/4335/7366 3317/4327/7366 3323/242/7366
f 3332/718/7367 3345/1425/7367 3240/719/7367
f 3685/2799/7368 3745/4341/7368 3298/4278/7368
f 1593/2857/7369 1583/2856/7370 1582/2803/7371 1578/2805/7372 1572/2858/7372
f 3240/719/7373 3321/244/7373 3335/720/7373
f 3327/587/7374 3283/4324/7374 3341/2816/7374
f 3301/4279/7375 3297/4329/7375 2742/3918/7375
f 3289/586/7376 3296/1421/7376 3283/4324/7376
f 3279/283/7377 3303/282/7377 3312/4320/7377
f 3244/4289/7378 3253/4299/7378 3286/4276/7378
f 3336/4339/7379 3310/1424/7379 3329/1423/7379
f 3249/4286/7380 3248/4295/7380 3232/4272/7380
f 3338/4269/7381 3261/786/7381 3228/785/7381
f 3331/4335/7382 3323/242/7382 3275/245/7382
f 3342/716/7383 3340/4265/7383 3339/717/7383
f 3340/4265/7384 3338/4269/7384 3228/785/7384
f 3258/2566/7385 3326/4280/7385 3316/3933/7385
f 3243/4275/7386 3244/4289/7386 3286/4276/7386
f 3283/4324/7387 3296/1421/7387 3341/2816/7387
f 3262/4290/7388 3261/786/7388 3338/4269/7388
f 3313/1249/7389 3270/523/7389 3069/2435/7389
f 3254/4297/7390 3249/4286/7390 3232/4272/7390
f 3252/4298/7391 3263/715/7391 3335/720/7391
f 3261/786/7392 3262/4290/7392 3260/4260/7392
f 3296/1421/7393 3289/586/7393 3290/2603/7393
f 3252/4298/7394 3254/4297/7394 3263/715/7394
f 3248/4295/7395 3233/4271/7395 3232/4272/7395
f 3263/715/7396 3233/4271/7396 3342/716/7396
f 3343/4296/7397 3251/4268/7397 3342/716/7397
f 3233/4271/7398 3343/4296/7398 3342/716/7398
f 4179/3137/7399 4702/4342/7400 4699/4343/7401 4701/4344/7402 4175/3134/7399
f 3347/4345/7403 3472/2641/7403 3346/4346/7403
f 3378/4347/7404 3380/1519/7404 3193/1293/7404
f 3348/4348/7405 3428/4349/7405 3406/1292/7405
f 1675/1000/7406 3356/2880/7406 3349/2959/7406
f 3425/4350/7407 3350/4351/7407 3428/4349/7407
f 3452/500/7408 3376/499/7408 3432/3070/7408
f 2436/2515/7409 2490/3768/7410 1657/2956/7411 2463/3753/7411
f 3424/645/7412 3465/4352/7412 3467/3989/7412
f 3434/4353/7413 3460/4242/7413 3369/847/7413
f 3354/2136/7414 3353/4354/7414 3362/2092/7414
f 3453/3069/7415 3358/2881/7415 3389/2961/7415
f 3422/4355/7416 3383/4356/7416 3417/4357/7416
f 3395/3362/7417 3448/3361/7417 3416/4358/7417
f 3355/4359/7418 3415/2960/7418 3477/2950/7418
f 3316/3933/7419 3299/3325/7420 2573/3215/7420 3288/4318/7421 3258/2566/7421
f 3382/4360/7422 3430/1406/7422 3409/1405/7422
f 3465/4352/7423 3457/4361/7423 3467/3989/7423
f 3449/3360/7424 2806/3363/7424 1076/1035/7424
f 3459/846/7425 3368/3628/7425 3434/4353/7425
f 1803/2448/7426 1240/2476/7427 2880/1651/7426
f 3426/4362/7428 3360/4363/7428 3359/2135/7428
f 2589/129/7429 3933/1296/7430 2559/1194/7430 2588/1193/7429
f 3358/2881/7431 3356/2880/7431 3389/2961/7431
f 1897/3210/7432 1899/3173/7433 1873/3175/7434 1871/1532/7435 1898/1531/7436
f 3364/2642/7437 3347/4345/7437 3367/3693/7437
f 3347/4345/7438 3478/3223/7438 3367/3693/7438
f 3425/4350/7439 3378/4347/7439 3193/1293/7439
f 3353/4354/7440 3361/2113/7440 3362/2092/7440
f 3364/2642/7441 3363/3699/7441 3456/2499/7441
f 3360/4363/7442 3354/2136/7442 3359/2135/7442
f 3470/4364/7443 3461/844/7443 3448/3361/7443
f 3355/4359/7444 3447/4365/7444 3415/2960/7444
f 3390/4366/7445 3403/4367/7445 3452/500/7445
f 3397/4368/7446 3375/4196/7446 3379/3140/7446
f 3404/2741/7447 3393/2744/7447 3403/4367/7447
f 4007/4369/7448 4008/4370/7449 3975/4371/7450 4003/4372/7451
f 3463/3971/7452 3412/4204/7452 3365/1520/7452
f 3457/4361/7453 3451/4373/7453 3467/3989/7453
f 2334/633/7454 2358/2212/7454 2324/3441/7455 2183/634/7456
f 3363/3699/7457 3364/2642/7457 3367/3693/7457
f 3480/4374/7458 3419/4375/7458 3379/3140/7458
f 3370/3392/7459 3435/4376/7459 3368/3628/7459
f 2737/1255/7460 4841/4083/7461 2607/2281/7462 2729/1988/7462 4826/3931/7463
f 2862/4023/7464 2864/4029/7465 2860/4019/7466 2858/4018/7464
f 1411/2534/7467 1364/875/7467 1452/2559/7468 1359/2579/7468
f 3372/3997/7469 3467/3989/7469 3371/3984/7469
f 3392/4241/7470 3418/642/7470 3448/3361/7470
f 3347/4345/7471 3346/4346/7471 3478/3223/7471
f 3350/4351/7472 3193/1293/7472 3406/1292/7472
f 3480/4374/7473 3375/4196/7473 3376/499/7473
f 2421/3643/7474 2416/3642/7475 2523/3710/7476 2520/3690/7477
f 3385/4377/7478 3464/3970/7478 3422/4355/7478
f 3397/4368/7479 3379/3140/7479 3378/4347/7479
f 3386/1404/7480 3385/4377/7480 3409/1405/7480
f 3378/4347/7481 3379/3140/7481 3380/1519/7481
f 3419/4375/7482 3399/3141/7482 3379/3140/7482
f 3405/3692/7483 3387/4378/7484 3381/2498/7485
f 3454/4379/7486 3382/4360/7486 3409/1405/7486
f 3475/2730/7487 3355/4359/7487 3477/2950/7487
f 3393/2744/7488 3388/2743/7488 3383/4356/7488
f 3384/4380/7489 3403/4367/7489 3390/4366/7489
f 3377/498/7490 3393/2744/7490 3383/4356/7490
f 2313/999/7491 352/1045/7491 2133/3435/7492 2218/2234/7492 2237/2535/7493
f 3386/1404/7494 3411/1408/7494 3385/4377/7494
f 3387/4378/7495 3466/4381/7495 3381/2498/7495
f 3383/4356/7496 3388/2743/7496 3417/4357/7496
f 3447/4365/7497 3390/4366/7497 3389/2961/7497
f 3403/4367/7498 3391/497/7498 3452/500/7498
f 1412/2637/7499 1457/2597/7500 1456/1604/7500 1422/1603/7501 1427/2576/7502
f 3374/4382/7503 3373/2620/7503 3351/2622/7503
f 3461/844/7504 3392/4241/7504 3448/3361/7504
f 3366/845/7505 3470/4364/7505 3353/4354/7505
f 3429/4383/7506 3421/4384/7506 3458/4385/7506
f 328/896/7507 617/1231/7508 345/1433/7509 321/842/7510 336/832/7511 325/835/7512 337/848/7513 322/850/7514
f 2295/3482/7515 2283/3618/7516 2272/3617/7516 2294/3567/7515
f 3395/3362/7517 3394/4000/7517 2806/3363/7517
f 3423/1407/7518 3466/4381/7518 3396/4220/7518
f 3397/4368/7519 3425/4350/7519 3428/4349/7519
f 3384/4380/7520 3471/4386/7520 3404/2741/7520
f 3151/4190/7521 3398/4387/7521 2405/2497/7521
f 3396/4220/7522 3398/4387/7522 3151/4190/7522
f 3479/3224/7523 3431/4388/7523 3382/4360/7523
f 3430/1406/7524 3431/4388/7524 3472/2641/7524
f 1733/2890/7525 1727/2889/7525 1740/3009/7526 1722/3010/7526
f 3421/4384/7527 3429/4383/7527 3348/4348/7527
f 3431/4388/7528 3479/3224/7528 3346/4346/7528
f 3411/1408/7529 3423/1407/7529 3134/4197/7529
f 3462/2774/7530 3440/4389/7530 3451/4373/7530
f 3401/3222/7531 3374/4382/7531 2448/3715/7532
f 2273/3612/7533 2305/986/7534 2375/3579/7535 2304/3625/7536
f 3474/2640/7537 3473/2639/7537 3466/4381/7537
f 3376/499/7538 3375/4196/7538 3432/3070/7538
f 3384/4380/7539 3404/2741/7539 3403/4367/7539
f 3429/4383/7540 3428/4349/7540 3348/4348/7540
f 3400/4390/7541 3449/3360/7541 1076/1035/7541
f 3398/4387/7542 3405/3692/7542 2405/2497/7542
f 3407/3990/7543 3348/4348/7543 3406/1292/7543
f 3429/4383/7544 3408/4195/7544 3397/4368/7544
f 3374/4382/7545 3401/3222/7545 3414/3225/7545
f 3478/3223/7546 3401/3222/7546 2448/3715/7546
f 3409/1405/7547 3385/4377/7547 3417/4357/7547
f 3349/2959/7548 3356/2880/7548 3410/2926/7548
f 3395/3362/7549 3424/645/7549 3394/4000/7549
f 3412/4204/7550 3411/1408/7550 3134/4197/7550
f 3395/3362/7551 3416/4358/7551 3424/645/7551
f 3444/2878/7552 3442/4391/7552 3357/2879/7552
f 458/1180/7553 542/1147/7554 443/472/7555 454/1178/7556
f 3420/4392/7557 3476/4393/7557 3450/4394/7557
f 3374/4382/7558 3414/3225/7558 3413/4395/7558
f 3425/4350/7559 3397/4368/7559 3378/4347/7559
f 3415/2960/7560 3447/4365/7560 3389/2961/7560
f 216/582/7561 219/581/7562 236/559/7562 214/590/7561
f 3480/4374/7563 3377/498/7563 3419/4375/7563
f 3416/4358/7564 3455/641/7564 3424/645/7564
f 1126/1560/7565 1167/2140/7566 1172/1106/7566 1171/1468/7565
f 3398/4387/7567 3387/4378/7567 3405/3692/7567
f 3448/3361/7568 3418/642/7568 3416/4358/7568
f 3464/3970/7569 3399/3141/7569 3419/4375/7569
f 3476/4393/7570 3420/4392/7570 3475/2730/7570
f 3454/4379/7571 3420/4392/7571 3413/4395/7571
f 3428/4349/7572 3350/4351/7572 3406/1292/7572
f 3414/3225/7573 3479/3224/7573 3382/4360/7573
f 3451/4373/7574 3421/4384/7574 3348/4348/7574
f 3422/4355/7575 3377/498/7575 3383/4356/7575
f 1161/2205/7576 1647/2927/7576 3359/2135/7576
f 3424/645/7577 3438/644/7577 3465/4352/7577
f 3475/2730/7578 3471/4386/7578 3355/4359/7578
f 3350/4351/7579 3425/4350/7579 3193/1293/7579
f 3377/498/7580 3480/4374/7580 3376/499/7580
f 4159/4396/7581 4156/1025/7581 4185/3620/7582 4181/4397/7582
f 1647/2927/7583 3426/4362/7583 3359/2135/7583
f 3464/3970/7584 3411/1408/7584 3463/3971/7584
f 3374/4382/7585 3351/2622/7585 2448/3715/7585
f 3427/2742/7586 3420/4392/7586 3454/4379/7586
f 3451/4373/7587 3348/4348/7587 3407/3990/7587
f 3421/4384/7588 3440/4389/7588 3458/4385/7588
f 3382/4360/7589 3454/4379/7589 3413/4395/7589
f 3429/4383/7590 3397/4368/7590 3428/4349/7590
f 3470/4364/7591 3400/4390/7591 3353/4354/7591
f 3382/4360/7592 3431/4388/7592 3430/1406/7592
f 3453/3069/7593 3452/500/7593 3432/3070/7593
f 3414/3225/7594 3382/4360/7594 3413/4395/7594
f 3472/2641/7595 3431/4388/7595 3346/4346/7595
f 3385/4377/7596 3422/4355/7596 3417/4357/7596
f 3436/2776/7597 3433/2775/7597 3438/644/7597
f 3434/4353/7598 3437/643/7598 3460/4242/7598
f 528/3323/7599 1992/540/7600 1996/2058/7601 1987/1287/7599
f 3436/2776/7602 3437/643/7602 3434/4353/7602
f 3368/3628/7603 3435/4376/7603 3434/4353/7603
f 3439/4398/7604 3436/2776/7604 3434/4353/7604
f 3436/2776/7605 3438/644/7605 3437/643/7605
f 3439/4398/7606 3441/2773/7606 3436/2776/7606
f 3442/4391/7607 3439/4398/7607 3434/4353/7607
f 3441/2773/7608 3445/4399/7608 3440/4389/7608
f 3439/4398/7609 3445/4399/7609 3441/2773/7609
f 3442/4391/7610 3435/4376/7610 3370/3392/7610
f 3435/4376/7611 3442/4391/7611 3434/4353/7611
f 3440/4389/7612 3445/4399/7612 3458/4385/7612
f 3445/4399/7613 3443/3578/7613 3458/4385/7613
f 3438/644/7614 3433/2775/7614 3462/2774/7614
f 3443/3578/7615 3445/4399/7615 3442/4391/7615
f 3443/3578/7616 3442/4391/7616 3444/2878/7616
f 3408/4195/7617 3458/4385/7617 3446/3068/7617
f 3458/4385/7618 3443/3578/7618 3446/3068/7618
f 2401/3675/7619 2407/3683/7620 2424/1733/7621 2417/1732/7622
f 3445/4399/7623 3439/4398/7623 3442/4391/7623
f 3469/4400/7624 3384/4380/7624 3390/4366/7624
f 3469/4400/7625 3390/4366/7625 3447/4365/7625
f 3449/3360/7626 3470/4364/7626 3448/3361/7626
f 3471/4386/7627 3420/4392/7627 3404/2741/7627
f 3413/4395/7628 3420/4392/7628 3450/4394/7628
f 3440/4389/7629 3421/4384/7629 3451/4373/7629
f 3387/4378/7630 3398/4387/7630 3396/4220/7630
f 3423/1407/7631 3396/4220/7631 3134/4197/7631
f 3453/3069/7632 3390/4366/7632 3452/500/7632
f 3388/2743/7633 3427/2742/7633 3454/4379/7633
f 3418/642/7634 3455/641/7634 3416/4358/7634
f 3420/4392/7635 3471/4386/7635 3475/2730/7635
f 3426/4362/7636 3368/3628/7636 3459/846/7636
f 3381/2498/7637 3473/2639/7637 3456/2499/7637
f 3347/4345/7638 3364/2642/7638 3472/2641/7638
f 3473/2639/7639 3364/2642/7639 3456/2499/7639
f 3356/2880/7640 1675/1000/7640 3389/2961/7640
f 3462/2774/7641 3451/4373/7641 3457/4361/7641
f 3429/4383/7642 3458/4385/7642 3408/4195/7642
f 43/329/7643 45/159/7644 48/160/7645 27/101/7643
f 3476/4393/7646 3468/4250/7646 3450/4394/7646
f 3400/4390/7647 3470/4364/7647 3449/3360/7647
f 3392/4241/7648 3461/844/7648 3460/4242/7648
f 3474/2640/7649 3430/1406/7649 3472/2641/7649
f 3221/3682/7650 3151/4190/7650 2405/2497/7650
f 3393/2744/7651 3391/497/7651 3403/4367/7651
f 3441/2773/7652 3440/4389/7652 3462/2774/7652
f 3419/4375/7653 3377/498/7653 3422/4355/7653
f 3463/3971/7654 3411/1408/7654 3412/4204/7654
f 3469/4400/7655 3447/4365/7655 3355/4359/7655
f 3360/4363/7656 3426/4362/7656 3459/846/7656
f 3460/4242/7657 3461/844/7657 3369/847/7657
f 3464/3970/7658 3419/4375/7658 3422/4355/7658
f 3442/4391/7659 3370/3392/7659 3357/2879/7659
f 3462/2774/7660 3457/4361/7660 3465/4352/7660
f 3438/644/7661 3462/2774/7661 3465/4352/7661
f 3466/4381/7662 3473/2639/7662 3381/2498/7662
f 3372/3997/7663 3424/645/7663 3467/3989/7663
f 3450/4394/7664 3468/4250/7664 3373/2620/7664
f 3466/4381/7665 3387/4378/7665 3396/4220/7665
f 3411/1408/7666 3464/3970/7666 3385/4377/7666
f 3368/3628/7667 3426/4362/7667 1647/2927/7667
f 3471/4386/7668 3469/4400/7668 3355/4359/7668
f 3459/846/7669 3434/4353/7669 3369/847/7669
f 3377/498/7670 3391/497/7670 3393/2744/7670
f 3470/4364/7671 3366/845/7671 3461/844/7671
f 3397/4368/7672 3408/4195/7672 3375/4196/7672
f 3469/4400/7673 3471/4386/7673 3384/4380/7673
f 3474/2640/7674 3423/1407/7674 3430/1406/7674
f 3423/1407/7675 3474/2640/7675 3466/4381/7675
f 3420/4392/7676 3427/2742/7676 3404/2741/7676
f 3476/4393/7677 3475/2730/7677 3468/4250/7677
f 2479/2729/7678 3475/2730/7678 3477/2950/7678
f 3390/4366/7679 3453/3069/7679 3389/2961/7679
f 3346/4346/7680 3479/3224/7680 3478/3223/7680
f 3375/4196/7681 3480/4374/7681 3379/3140/7681
f 3467/3989/7682 3451/4373/7682 3407/3990/7682
f 3513/4401/7683 3516/4040/7683 3520/4039/7684 3097/1356/7685
f 3544/4402/7686 3482/4403/7686 3505/4404/7686
f 3545/4405/7687 3486/3154/7687 3482/4403/7687
f 3481/2600/7688 3491/4406/7688 3600/4407/7688
f 3486/3154/7689 3487/4408/7689 3482/4403/7689
f 3490/3153/7690 3498/4409/7690 3491/4406/7690
f 109/275/7691 204/139/7691 205/280/7692 108/276/7692
f 3490/3153/7693 3500/4410/7693 3486/3154/7693
f 3512/4411/7694 3509/2756/7694 3489/4412/7694
f 159/4413/7695 1897/3210/7696 1895/1769/7696 1896/1768/7697 1892/1773/7698
f 3510/4414/7699 3501/4415/7699 3500/4410/7699
f 3508/4416/7700 3483/514/7700 3489/4412/7700
f 3484/4417/7701 3485/513/7701 3508/4416/7701
f 3484/4417/7702 3507/2601/7702 3485/513/7702
f 3500/4410/7703 3487/4408/7703 3486/3154/7703
f 3545/4405/7704 3546/3155/7704 3486/3154/7704
f 3509/2756/7705 3503/4418/7705 3489/4412/7705
f 3497/4419/7706 3499/3156/7706 3492/4338/7706
f 3498/4409/7707 3494/4420/7707 3491/4406/7707
f 3497/4419/7708 3492/4338/7708 3590/284/7708
f 3496/4421/7709 3494/4420/7709 3493/4422/7710 3497/4419/7711 3590/284/7711 3602/4423/7712
f 3491/4406/7713 3494/4420/7713 3600/4407/7713
f 3507/2601/7714 3495/4424/7714 3485/513/7714
f 3485/513/7715 3483/514/7715 3508/4416/7715
f 3501/4415/7716 3511/2598/7716 3487/4408/7716
f 3494/4420/7717 3496/4421/7717 3600/4407/7717
f 3495/4424/7718 3584/4425/7718 3485/513/7718
f 1900/3211/7719 1904/3123/7719 1894/1766/7720 1895/1769/7720
f 3595/4426/7721 3495/4424/7721 3507/2601/7721
f 3500/4410/7722 3501/4415/7722 3487/4408/7722
f 3493/4422/7723 3494/4420/7723 3498/4409/7723
f 3497/4419/7724 3493/4422/7724 3499/3156/7724
f 3481/2600/7725 3502/2599/7725 3491/4406/7725
f 3725/4427/7726 3775/4428/7726 3790/4429/7727 3631/4430/7727
f 3510/4414/7728 3500/4410/7728 3491/4406/7728
f 3502/2599/7729 3501/4415/7729 3510/4414/7729
f 1708/2966/7730 1688/2929/7730 1709/2995/7731 1667/2967/7731
f 3503/4418/7732 3504/4431/7732 3505/4404/7732
f 3511/2598/7733 3503/4418/7733 3505/4404/7733
f 3504/4431/7734 3503/4418/7734 3509/2756/7734
f 3487/4408/7735 3511/2598/7735 3505/4404/7735
f 3482/4403/7736 3487/4408/7736 3505/4404/7736
f 3504/4431/7737 3506/4432/7737 3505/4404/7737
f 3511/2598/7738 3484/4417/7738 3508/4416/7738
f 3511/2598/7739 3508/4416/7739 3489/4412/7739
f 3506/4432/7740 3504/4431/7740 3509/2756/7740
f 3503/4418/7741 3511/2598/7741 3489/4412/7741
f 3500/4410/7742 3490/3153/7742 3491/4406/7742
f 3511/2598/7743 3507/2601/7743 3484/4417/7743
f 3502/2599/7744 3510/4414/7744 3491/4406/7744
f 3502/2599/7745 3511/2598/7745 3501/4415/7745
f 3523/248/7746 3512/4411/7746 3488/249/7746
f 3571/4433/7747 3521/1355/7747 3088/1358/7747
f 3515/4434/7748 3525/4435/7748 3563/518/7748
f 3199/4203/7749 3116/1134/7749 3108/3785/7750 3114/4186/7750
f 3519/4436/7751 3513/4401/7751 3097/1356/7751
f 3523/248/7752 3578/4437/7752 3512/4411/7752
f 3524/246/7753 3514/4438/7753 3513/4401/7753
f 3526/4439/7754 3527/758/7754 3071/4041/7754
f 3569/4440/7755 3515/4434/7755 3563/518/7755
f 3584/4425/7756 3524/246/7756 3485/513/7756
f 100/2284/7757 157/186/7758 71/216/7759 80/175/7760
f 3541/3209/7761 3571/4433/7761 3088/1358/7761
f 3514/4438/7762 3524/246/7762 3584/4425/7762
f 3516/4040/7763 3526/4439/7763 3071/4041/7763
f 3524/246/7764 3518/4441/7764 3517/247/7764
f 3515/4434/7765 3517/247/7765 3525/4435/7765
f 3527/758/7766 3526/4439/7766 3584/4425/7766
f 3517/247/7767 3575/1319/7767 3523/248/7767
f 3575/1319/7768 3517/247/7768 3515/4434/7768
f 3519/4436/7769 3518/4441/7769 3513/4401/7769
f 3574/517/7770 3572/4442/7770 3563/518/7770
f 3518/4441/7771 3519/4436/7771 3521/1355/7771
f 3161/594/7772 3160/593/7773 3125/4240/7774 3142/4007/7775
f 544/1181/7776 500/470/7776 495/1072/7777 488/1227/7778 518/427/7778
f 3517/247/7779 3518/4441/7779 3525/4435/7779
f 3570/515/7780 3522/4443/7780 3571/4433/7780
f 3514/4438/7781 3516/4040/7781 3513/4401/7781
f 3521/1355/7782 3519/4436/7782 3097/1356/7782
f 3571/4433/7783 3522/4443/7783 3521/1355/7783
f 3525/4435/7784 3522/4443/7784 3563/518/7784
f 3526/4439/7785 3516/4040/7785 3514/4438/7785
f 3522/4443/7786 3570/515/7786 3563/518/7786
f 3569/4440/7787 3575/1319/7787 3515/4434/7787
f 3575/1319/7788 3578/4437/7788 3523/248/7788
f 3518/4441/7789 3524/246/7789 3513/4401/7789
f 3518/4441/7790 3522/4443/7790 3525/4435/7790
f 3522/4443/7791 3518/4441/7791 3521/1355/7791
f 3526/4439/7792 3514/4438/7792 3584/4425/7792
f 3527/758/7793 3078/2594/7793 3071/4041/7793
f 3318/2169/7794 3528/2168/7794 3531/4256/7794
f 3919/3890/7795 3944/4444/7796 3948/2998/7797 3945/2997/7797
f 3534/2025/7798 3529/4445/7798 3532/2026/7798
f 3529/4445/7799 3530/4446/7799 3532/2026/7799
f 3535/4447/7800 3530/4446/7800 3534/2025/7800
f 3277/4317/7801 3535/4447/7801 3293/2648/7801
f 3536/2167/7802 3533/4448/7802 3530/4446/7802
f 3536/2167/7803 3530/4446/7803 3528/2168/7803
f 3535/4447/7804 3591/2649/7804 3293/2648/7804
f 3530/4446/7805 3535/4447/7805 3528/2168/7805
f 3528/2168/7806 3277/4317/7806 3531/4256/7806
f 3535/4447/7807 3534/2025/7807 3591/2649/7807
f 3530/4446/7808 3533/4448/7808 3532/2026/7808
f 3534/2025/7809 3530/4446/7809 3529/4445/7809
f 3528/2168/7810 3535/4447/7810 3277/4317/7810
f 4013/2170/7811 3318/2169/7811 3537/4316/7811
f 3548/4449/7812 3538/2353/7812 3543/2358/7812
f 3506/4432/7813 3544/4402/7813 3505/4404/7813
f 3538/2353/7814 3542/35/7814 3540/2354/7814
f 3541/3209/7815 3088/1358/7815 3540/2354/7815
f 3539/33/7816 3551/32/7816 3547/4450/7816
f 3489/4412/7817 3483/514/7817 3488/249/7818 3512/4411/7818
f 3546/3155/7819 3548/4449/7819 3499/3156/7819
f 3259/4010/7820 3264/4258/7821 1529/2779/7822 3273/2737/7823
f 3547/4450/7824 3550/4451/7824 3546/3155/7824
f 3539/33/7825 3547/4450/7825 3544/4402/7825
f 3549/4452/7826 3559/4453/7826 3558/34/7826
f 3550/4451/7827 3551/32/7827 3542/35/7827
f 3552/4454/7828 3549/4452/7828 3539/33/7828
f 3541/3209/7829 3558/34/7829 3571/4433/7829
f 3267/4281/7830 3548/4449/7830 3230/4263/7830
f 3499/3156/7831 3548/4449/7831 3267/4281/7831
f 3230/4263/7832 3548/4449/7832 3543/2358/7832
f 3544/4402/7833 3547/4450/7833 3482/4403/7833
f 3550/4451/7834 3542/35/7834 3538/2353/7834
f 3492/4338/7835 3499/3156/7835 3267/4281/7835
f 3547/4450/7836 3546/3155/7836 3545/4405/7836
f 3547/4450/7837 3545/4405/7837 3482/4403/7837
f 3550/4451/7838 3548/4449/7838 3546/3155/7838
f 3549/4452/7839 3558/34/7839 3539/33/7839
f 3506/4432/7840 3539/33/7840 3544/4402/7840
f 3548/4449/7841 3550/4451/7841 3538/2353/7841
f 3551/32/7842 3550/4451/7842 3547/4450/7842
f 3552/4454/7843 3539/33/7843 3506/4432/7843
f 3549/4452/7844 3557/4455/7844 3559/4453/7844
f 3554/4456/7845 3573/516/7845 3559/4453/7845
f 3576/2755/7846 3557/4455/7846 3552/4454/7846
f 3555/4457/7847 3553/4458/7847 3554/4456/7847
f 3556/1316/7848 3561/4459/7848 3555/4457/7848
f 3561/4459/7849 3567/4460/7849 3555/4457/7849
f 3555/4457/7850 3567/4460/7850 3553/4458/7850
f 3556/1316/7851 3555/4457/7851 3554/4456/7851
f 3552/4454/7852 3557/4455/7852 3549/4452/7852
f 3557/4455/7853 3554/4456/7853 3559/4453/7853
f 3559/4453/7854 3573/516/7854 3558/34/7854
f 3553/4458/7855 3564/899/7855 3554/4456/7855
f 3560/2754/7856 3581/4461/7856 3576/2755/7856
f 3562/4462/7857 3567/4460/7857 3561/4459/7858
f 3581/4461/7859 3556/1316/7859 3554/4456/7859
f 3576/2755/7860 3554/4456/7860 3557/4455/7860
f 3564/899/7861 3573/516/7861 3554/4456/7861
f 3576/2755/7862 3581/4461/7862 3554/4456/7862
f 3565/897/7863 3568/4463/7863 3569/4440/7863
f 3572/4442/7864 3565/897/7864 3563/518/7864
f 3573/516/7865 3566/898/7865 3572/4442/7865
f 3568/4463/7866 3564/899/7866 3553/4458/7866
f 3568/4463/7867 3565/897/7867 3564/899/7867
f 3566/898/7868 3565/897/7868 3572/4442/7868
f 3565/897/7869 3569/4440/7869 3563/518/7869
f 3562/4462/7870 3568/4463/7870 3567/4460/7870
f 3567/4460/7871 3568/4463/7871 3553/4458/7871
f 3568/4463/7872 3562/4462/7872 3569/4440/7872
f 3558/34/7873 3573/516/7873 3570/515/7873
f 3558/34/7874 3570/515/7874 3571/4433/7874
f 3574/517/7875 3573/516/7875 3572/4442/7875
f 3562/4462/7876 3561/4459/7876 3569/4440/7876
f 3561/4459/7877 3575/1319/7877 3569/4440/7877
f 3656/4464/7878 3655/4465/7878 3666/3169/7879 3698/4466/7879
f 3560/2754/7880 3580/1317/7880 3581/4461/7880
f 3577/2753/7881 3580/1317/7881 3560/2754/7881
f 3576/2755/7882 3552/4454/7882 3506/4432/7882
f 3578/4437/7883 3577/2753/7883 3512/4411/7883
f 3576/2755/7884 3506/4432/7884 3509/2756/7884
f 3577/2753/7885 3509/2756/7885 3512/4411/7885
f 2941/4056/7886 2948/4055/7886 2940/123/7887 2173/122/7887
f 3561/4459/7888 3556/1316/7888 3575/1319/7888
f 3579/1318/7889 3577/2753/7889 3578/4437/7889
f 3575/1319/7890 3579/1318/7890 3578/4437/7890
f 3581/4461/7891 3580/1317/7891 3556/1316/7891
f 3577/2753/7892 3579/1318/7892 3580/1317/7892
f 395/927/7893 399/1024/7894 755/1013/7894 754/1667/7895
f 2362/393/7896 2219/392/7896 2248/2233/7897 2171/3512/7897
f 3585/757/7898 3586/752/7898 3533/4448/7898
f 3527/758/7899 3584/4425/7899 3495/4424/7899
f 3527/758/7900 3585/757/7900 3078/2594/7900
f 3587/3795/7901 3527/758/7901 3495/4424/7901
f 1957/3310/7902 2001/3379/7903 2094/2246/7904 1993/2740/7905 1941/3401/7902
f 3587/3795/7906 3582/756/7906 3527/758/7906
f 2108/2786/7907 2047/2785/7908 2045/2261/7909 1952/2260/7910
f 3592/751/7911 3588/755/7911 3589/2650/7911
f 3984/2592/7912 3585/757/7912 3533/4448/7912
f 3588/755/7913 3597/4467/7913 3589/2650/7913
f 3598/4468/7914 3590/284/7914 3279/283/7914
f 3597/4467/7915 3279/283/7915 3589/2650/7915
f 3533/4448/7916 3586/752/7916 3532/2026/7916
f 3598/4468/7917 3602/4423/7917 3590/284/7917
f 3598/4468/7918 3588/755/7918 3602/4423/7918
f 3534/2025/7919 3592/751/7919 3591/2649/7919
f 3591/2649/7920 3592/751/7920 3589/2650/7920
f 3593/3678/7921 3594/754/7921 3583/753/7921
f 3601/4469/7922 3596/3677/7922 3496/4421/7922
f 3496/4421/7923 3596/3677/7923 3600/4407/7923
f 3603/3794/7924 3593/3678/7924 3583/753/7924
f 3594/754/7925 3596/3677/7925 3588/755/7925
f 3599/3676/7926 3587/3795/7926 3595/4426/7926
f 3595/4426/7927 3587/3795/7927 3495/4424/7927
f 3597/4467/7928 3598/4468/7928 3279/283/7928
f 3588/755/7929 3596/3677/7929 3602/4423/7929
f 3598/4468/7930 3597/4467/7930 3588/755/7930
f 3596/3677/7931 3599/3676/7931 3600/4407/7931
f 4499/3186/7932 4747/1669/7933 3816/1672/7934 4714/1671/7933
f 3599/3676/7935 3481/2600/7935 3600/4407/7935
f 3601/4469/7936 3496/4421/7936 3602/4423/7936
f 3599/3676/7937 3593/3678/7937 3587/3795/7937
f 3596/3677/7938 3601/4469/7938 3602/4423/7938
f 3713/3168/7939 3605/3350/7939 3604/3349/7939
f 3606/4470/7940 3741/4471/7940 3738/4472/7940
f 3718/4473/7941 3714/4474/7941 3605/3350/7941
f 3608/2548/7942 3607/3088/7942 1854/2549/7942
f 3610/4475/7943 3743/4476/7943 3609/4477/7943
f 1017/2032/7944 1014/2029/7945 979/1990/7944 972/1978/7946
f 3791/824/7947 3782/823/7947 3726/4478/7947
f 3770/3357/7948 3652/2706/7948 3605/3350/7948
f 3712/3036/7949 3611/3102/7949 3644/4479/7949
f 961/1958/7950 959/1948/7951 971/1950/7952 981/1985/7952
f 3673/4480/7953 3615/1619/7953 3694/1618/7953
f 3613/4481/7954 3637/4482/7954 3612/3924/7954
f 3793/4483/7955 3756/1620/7955 3673/4480/7955
f 3614/4484/7956 3709/4092/7956 3721/617/7956
f 3673/4480/7957 3756/1620/7957 3615/1619/7957
f 3632/3914/7958 3729/1440/7958 3765/4485/7958
f 2639/1030/7959 2659/3758/7960 2625/3661/7961 2601/3660/7962 2673/1031/7962
f 3782/823/7963 3750/4486/7963 3726/4478/7963
f 3616/4487/7964 3750/4486/7964 3782/823/7964
f 3754/2118/7965 3650/4488/7965 3617/2119/7965
f 3717/615/7966 3716/4489/7966 3664/4490/7966
f 3758/2120/7967 3760/4491/7967 3793/4483/7967
f 3795/4492/7968 3675/4493/7968 3746/1375/7968
f 3686/4494/7969 3618/4495/7969 3683/1601/7969
f 3711/4496/7970 3687/4497/7971 3637/4482/7972 3613/4481/7973
f 2233/3615/7974 2286/3503/7975 2236/3202/7975 2148/3495/7974
f 3709/4092/7976 3614/4484/7976 3623/4093/7976
f 3620/4498/7977 3740/1639/7977 3614/4484/7977
f 525/1117/7978 533/685/7979 508/1099/7979 545/1101/7980
f 3695/4499/7981 3681/4500/7981 3786/4501/7981
f 3740/1639/7982 3620/4498/7982 3748/2123/7982
f 3785/4502/7983 3778/4503/7983 3633/4504/7983
f 3731/4505/7984 3795/4492/7984 3685/2799/7984
f 3723/4506/7985 3629/4507/7985 3785/4502/7985
f 472/1125/7986 444/465/7987 537/1113/7987 535/1093/7988
f 3659/3348/7989 3651/2710/7989 3782/823/7989
f 3638/4508/7990 3785/4502/7990 3633/4504/7990
f 3789/4509/7991 3790/4429/7991 3775/4428/7991
f 3622/4510/7992 3784/4511/7992 3668/3839/7992
f 3693/2393/7993 3706/3103/7993 3712/3036/7993
f 3784/4511/7994 3794/4512/7994 3668/3839/7994
f 3704/4513/7995 3622/4510/7995 3668/3839/7995
f 3651/2710/7996 3616/4487/7996 3782/823/7996
f 526/1221/7997 514/1245/7997 436/1146/7998 490/1220/7999
f 4796/809/8000 272/736/8001 4794/4152/8002 4761/778/8003
f 3628/2882/8004 3627/2733/8004 3626/2655/8004
f 3649/3840/8005 3668/3839/8005 3629/4507/8005
f 3697/4514/8006 3692/3358/8006 3770/3357/8006
f 3704/4513/8007 3668/3839/8007 1914/3227/8007
f 3656/4464/8008 3697/4514/8008 3779/3665/8008
f 3740/1639/8009 3630/1599/8009 3623/4093/8009
f 3672/4515/8010 3725/4427/8010 3631/4430/8010
f 3763/2673/8011 3755/2676/8011 3677/4516/8011
f 3786/4501/8012 3713/3168/8012 3604/3349/8012
f 3643/4517/8013 3641/4518/8013 3633/4504/8013
f 3689/4519/8014 3688/4520/8014 3738/4472/8014
f 3748/2123/8015 3636/2940/8015 3634/2124/8015
f 3669/1736/8016 3643/4517/8016 3633/4504/8016
f 3640/3932/8017 3637/4482/8017 3621/1640/8017
f 3767/4521/8018 3636/2940/8018 3748/2123/8018
f 3040/4144/8019 3049/4143/8020 3038/4119/8020 3050/3636/8021 3047/4112/8022
f 3625/1735/8023 3714/4474/8023 3713/3168/8023
f 3700/4522/8024 3681/4500/8024 1505/2734/8024
f 3635/3664/8025 3656/4464/8025 3779/3665/8025
f 3642/4523/8026 3643/4517/8026 3628/2882/8026
f 3649/3840/8027 3638/4508/8027 1605/2885/8027
f 938/1933/8028 104/272/8029 112/271/8030 796/268/8031
f 3729/1440/8032 3712/3036/8032 3644/4479/8032
f 4745/4337/8033 4569/2624/8034 4637/4211/8034 4678/4524/8033
f 3640/3932/8035 3621/1640/8035 2744/3149/8035
f 3712/3036/8036 3706/3103/8036 3611/3102/8036
f 3643/4517/8037 3700/4522/8037 3627/2733/8037
f 3643/4517/8038 3642/4523/8038 3641/4518/8038
f 3611/3102/8039 3759/1441/8039 3644/4479/8039
f 4367/4525/8040 4379/3402/8040 4224/3405/8041 4226/4526/8041
f 3675/4493/8042 3711/4496/8042 3613/4481/8042
f 3766/4527/8043 3620/4498/8043 3721/617/8043
f 3645/4528/8044 3654/4529/8044 3753/4530/8044
f 3654/4529/8045 3646/4531/8045 3753/4530/8045
f 3705/4532/8046 3687/4497/8046 3686/4494/8046
f 3646/4531/8047 3663/4533/8047 3753/4530/8047
f 3796/4534/8048 3647/4535/8048 3780/671/8048
f 3648/4536/8049 3679/4537/8049 3673/4480/8049
f 3630/1599/8050 3696/1602/8050 3623/4093/8050
f 3630/1599/8051 3705/4532/8051 3619/1600/8051
f 3638/4508/8052 3649/3840/8052 3723/4506/8052
f 3768/4538/8053 3672/4515/8053 3650/4488/8053
f 3664/4490/8054 3716/4489/8054 3616/4487/8054
f 3651/2710/8055 3665/2709/8055 3616/4487/8055
f 3657/3610/8056 1861/3115/8056 3607/3088/8056
f 3778/4503/8057 3752/1734/8057 3633/4504/8057
f 1334/2396/8058 2889/2315/8059 1309/2314/8060 1238/2415/8060
f 3646/4531/8061 3654/4529/8061 3793/4483/8061
f 3665/2709/8062 3664/4490/8062 3616/4487/8062
f 3655/4465/8063 3771/4539/8063 3635/3664/8063
f 701/1567/8064 644/1512/8064 641/1513/8065 873/179/8066
f 3657/3610/8067 3660/2708/8067 1861/3115/8067
f 3792/3101/8068 3658/4252/8068 3611/3102/8068
f 3749/822/8069 3783/4540/8069 3782/823/8069
f 3620/4498/8070 3767/4521/8070 3748/2123/8070
f 1192/2264/8071 1567/2263/8072 1568/2852/8073 1606/2271/8074
f 3704/4513/8075 1914/3227/8075 3703/3170/8075
f 3655/4465/8076 3704/4513/8076 3666/3169/8076
f 3651/2710/8077 3659/3348/8077 3652/2706/8077
f 3660/2708/8078 3662/2707/8078 1868/3161/8078
f 3773/2551/8079 3717/615/8079 3664/4490/8079
f 1869/3172/8080 3698/4466/8080 3666/3169/8080
f 3616/4487/8081 3716/4489/8081 3750/4486/8081
f 3747/4541/8082 3659/3348/8082 3782/823/8082
f 3662/2707/8083 3692/3358/8083 3661/2229/8083
f 3678/4542/8084 3663/4533/8084 3646/4531/8084
f 3665/2709/8085 3657/3610/8085 3664/4490/8085
f 4149/4543/8086 4140/3429/8087 4143/3428/8087 4105/3531/8086
f 352/1045/8088 2313/999/8089 376/956/8090 377/966/8091
f 3679/4537/8092 3671/4544/8093 3673/4480/8092
f 3890/1501/8094 3869/4545/8095 3833/4546/8096 4342/3288/8096
f 3648/4536/8097 3667/4547/8097 3679/4537/8097
f 3728/4548/8098 3667/4547/8098 3670/1617/8098
f 3668/3839/8099 3794/4512/8099 3629/4507/8099
f 4016/4549/8100 4035/2606/8101 4036/2605/8102 4026/4550/8102
f 3678/4542/8103 3772/4551/8103 3663/4533/8103
f 3670/1617/8104 3667/4547/8104 3694/1618/8104
f 3671/4544/8105 3678/4542/8105 3653/4552/8105
f 3672/4515/8106 3631/4430/8106 3617/2119/8106
f 3780/671/8107 3647/4535/8107 3236/2184/8107
f 950/1929/8108 929/1866/8109 926/4553/8108 910/1891/8110
f 3751/1737/8111 3669/1736/8111 3633/4504/8111
f 3781/3035/8112 3690/3913/8112 3695/4499/8112
f 3674/4554/8113 3701/4555/8113 3772/4551/8113
f 3675/4493/8114 3720/1376/8114 3746/1375/8114
f 3676/2550/8115 3766/4527/8115 3721/617/8115
f 3763/2673/8116 3677/4516/8116 3610/4475/8116
f 3674/4554/8117 3772/4551/8117 3678/4542/8117
f 3702/4556/8118 3671/4544/8118 3679/4537/8118
f 3661/2229/8119 3692/3358/8119 3680/2226/8119
f 3730/4557/8120 3702/4556/8120 3679/4537/8120
f 3692/3358/8121 1869/3172/8121 3680/2226/8121
f 3702/4556/8122 3674/4554/8122 3671/4544/8122
f 3667/4547/8123 3730/4557/8123 3679/4537/8123
f 3674/4554/8124 3678/4542/8124 3671/4544/8124
f 3674/4554/8125 3702/4556/8125 3701/4555/8125
f 3631/4430/8126 3790/4429/8126 3760/4491/8126
f 3695/4499/8127 3690/3913/8127 3681/4500/8127
f 3724/4558/8128 3682/4559/8128 3710/4095/8128
f 3676/2550/8129 3774/616/8129 3773/2551/8129
f 3757/4560/8130 3789/4509/8130 3775/4428/8130
f 3793/4483/8131 3760/4491/8131 3756/1620/8131
f 3787/1439/8132 3761/1438/8132 3672/4515/8132
f 3647/4535/8133 3645/4528/8133 3684/2675/8133
f 3701/4555/8134 3708/4561/8134 3711/4496/8134
f 3678/4542/8135 3646/4531/8135 3793/4483/8135
f 3795/4492/8136 3745/4341/8136 3685/2799/8136
f 3772/4551/8137 3711/4496/8137 3795/4492/8137
f 3687/4497/8138 3639/4562/8138 3686/4494/8138
f 3653/4552/8139 3678/4542/8139 3793/4483/8139
f 3730/4557/8140 3728/4548/8140 3683/1601/8140
f 3689/4519/8141 3734/2391/8141 3688/4520/8141
f 3792/3101/8142 3757/4560/8142 3775/4428/8142
f 3700/4522/8143 3669/1736/8143 3699/3167/8143
f 3632/3914/8144 3690/3913/8144 3712/3036/8144
f 3742/1023/8145 3737/1022/8145 3691/1759/8145
f 1605/2885/8146 3641/4518/8146 3628/2882/8146
f 3772/4551/8147 3701/4555/8147 3711/4496/8147
f 3788/1614/8148 3757/4560/8148 3792/3101/8148
f 1183/2241/8149 1202/2270/8150 1836/2291/8150 1839/2874/8151
f 4497/239/8152 4588/238/8152 4745/4563/8153 4710/4564/8154
f 3643/4517/8155 3669/1736/8155 3700/4522/8155
f 3658/4252/8156 3792/3101/8156 3775/4428/8156
f 3667/4547/8157 3648/4536/8157 3694/1618/8157
f 3747/4541/8158 3781/3035/8158 3695/4499/8158
f 3696/1602/8159 3670/1617/8159 3624/4094/8159
f 3656/4464/8160 3698/4466/8160 3697/4514/8160
f 3700/4522/8161 3699/3167/8161 3713/3168/8161
f 3702/4556/8162 3730/4557/8162 3707/4565/8162
f 3708/4561/8163 3702/4556/8163 3707/4565/8163
f 3702/4556/8164 3708/4561/8164 3701/4555/8164
f 3620/4498/8165 3614/4484/8165 3721/617/8165
f 3769/4566/8166 3742/1023/8166 3691/1759/8166
f 3704/4513/8167 3655/4465/8167 3622/4510/8167
f 3094/2301/8168 3093/2434/8169 3081/2436/8169 3086/3793/8170 3087/3792/8171 3068/4174/8171
f 3697/4514/8172 3698/4466/8172 1869/3172/8172
f 3747/4541/8173 3606/4470/8173 3738/4472/8173
f 3666/3169/8174 3704/4513/8174 3703/3170/8174
f 3687/4497/8175 3705/4532/8175 3637/4482/8175
f 3657/3610/8176 3665/2709/8176 3660/2708/8176
f 3657/3610/8177 3773/2551/8177 3664/4490/8177
f 3693/2393/8178 3736/2392/8178 3706/3103/8178
f 3708/4561/8179 3707/4565/8179 3639/4562/8179
f 3724/4558/8180 3710/4095/8180 3624/4094/8180
f 3710/4095/8181 3682/4559/8181 3709/4092/8181
f 3728/4548/8182 3670/1617/8182 3696/1602/8182
f 3729/1440/8183 3632/3914/8183 3712/3036/8183
f 3682/4559/8184 3724/4558/8184 3717/615/8184
f 3690/3913/8185 3781/3035/8185 3712/3036/8185
f 3714/4474/8186 3718/4473/8186 3713/3168/8186
f 4435/257/8187 4387/654/8188 238/653/8189 4469/258/8187
f 3771/4539/8190 3656/4464/8190 3635/3664/8190
f 3641/4518/8191 3638/4508/8191 3633/4504/8191
f 3687/4497/8192 3708/4561/8192 3639/4562/8192
f 3670/1617/8193 3724/4558/8193 3624/4094/8193
f 1502/2767/8194 1501/2702/8195 1473/2703/8196 1485/2722/8197 1487/2687/8197
f 3713/3168/8198 3718/4473/8198 3605/3350/8198
f 3681/4500/8199 3690/3913/8199 1505/2734/8199
f 3648/4536/8200 3673/4480/8200 3694/1618/8200
f 3765/4485/8201 3729/1440/8201 3719/2694/8201
f 3774/616/8202 3676/2550/8202 3721/617/8202
f 177/455/8203 181/454/8204 163/404/8205 196/403/8206 160/417/8207 1916/4567/8208 159/4568/8209 1892/4569/8210 182/1447/8211 58/502/8212 201/501/8213 179/503/8214 200/4570/8215 189/543/8215 180/521/8216 186/533/8217
f 2606/3838/8218 2613/3832/8218 2618/3831/8219 2599/2280/8220
f 3711/4496/8221 3708/4561/8221 3687/4497/8221
f 3722/1616/8222 3724/4558/8222 3670/1617/8222
f 3723/4506/8223 3649/3840/8223 3629/4507/8223
f 3622/4510/8224 3655/4465/8224 3784/4511/8224
f 3750/4486/8225 3727/2853/8225 3726/4478/8225
f 3658/4252/8226 3759/1441/8226 3611/3102/8226
f 3638/4508/8227 3723/4506/8227 3785/4502/8227
f 3727/2853/8228 3777/825/8228 3726/4478/8228
f 3727/2853/8229 3750/4486/8230 3722/1616/8230
f 3776/1615/8231 3727/2853/8231 3722/1616/8231
f 3764/2693/8232 3765/4485/8232 3719/2694/8232
f 3783/4540/8233 3733/2854/8233 3606/4470/8233
f 3683/1601/8234 3728/4548/8234 3696/1602/8234
f 3728/4548/8235 3730/4557/8235 3667/4547/8235
f 3753/4530/8236 3663/4533/8236 3731/4505/8236
f 3618/4495/8237 3730/4557/8237 3683/1601/8237
f 3641/4518/8238 3642/4523/8238 3628/2882/8238
f 3734/2391/8239 3735/2390/8239 3781/3035/8239
f 3729/1440/8240 1535/1760/8240 3719/2694/8240
f 3636/2940/8241 3766/4527/8241 3732/2941/8241
f 3749/822/8242 3733/2854/8242 3783/4540/8242
f 3737/1022/8243 1532/2780/8243 1533/2731/8243
f 3688/4520/8244 3747/4541/8245 3738/4472/8244
f 3740/1639/8246 3748/2123/8246 3739/324/8246
f 3794/4512/8247 3784/4511/8248 3785/4502/8248
f 3733/2854/8249 3788/1614/8249 3741/4471/8249
f 3650/4488/8250 3672/4515/8250 3617/2119/8250
f 3677/4516/8251 3645/4528/8251 3743/4476/8251
f 3745/4341/8252 3746/1375/8252 2731/1378/8252
f 3743/4476/8253 3645/4528/8253 3609/4477/8253
f 3789/4509/8254 3757/4560/8254 3760/4491/8254
f 3638/4508/8255 3641/4518/8255 1605/2885/8255
f 3606/4470/8256 3733/2854/8256 3741/4471/8256
f 3236/2184/8257 3647/4535/8257 3684/2675/8257
f 3768/4538/8258 3787/1439/8258 3672/4515/8258
f 3747/4541/8259 3695/4499/8259 3604/3349/8259
f 3795/4492/8260 3746/1375/8260 3745/4341/8260
f 3625/1735/8261 3779/3665/8261 3714/4474/8261
f 3720/1376/8262 3675/4493/8262 3613/4481/8262
f 3720/1376/8263 3613/4481/8263 3612/3924/8263
f 3763/2673/8264 3731/4505/8264 3685/2799/8264
f 3734/2391/8265 3747/4541/8265 3688/4520/8265
f 3637/4482/8266 3640/3932/8266 3612/3924/8266
f 3744/614/8267 3682/4559/8267 3717/615/8267
f 3705/4532/8268 3630/1599/8268 3621/1640/8268
f 832/204/8269 835/1452/8270 623/1232/8271 841/1429/8272
f 3777/825/8273 3733/2854/8273 3749/822/8273
f 973/1966/8274 974/1975/8275 962/1959/8276 969/1954/8274
f 3731/4505/8277 3763/2673/8277 3610/4475/8277
f 3750/4486/8278 3724/4558/8278 3722/1616/8278
f 3700/4522/8279 1505/2734/8279 3627/2733/8279
f 3752/1734/8280 3751/1737/8280 3633/4504/8280
f 3753/4530/8281 3731/4505/8281 3609/4477/8281
f 3754/2118/8282 3780/671/8282 3715/670/8282
f 3614/4484/8283 3740/1639/8283 3623/4093/8283
f 3758/2120/8284 3631/4430/8284 3760/4491/8284
f 3645/4528/8285 3755/2676/8285 3684/2675/8285
f 3757/4560/8286 3788/1614/8286 3756/1620/8286
f 4744/4571/8287 4602/2209/8288 4743/2208/8289 4613/4572/8290
f 3755/2676/8291 3645/4528/8291 3677/4516/8291
f 3759/1441/8292 3729/1440/8292 3644/4479/8292
f 4721/4573/8293 4720/4230/8294 4546/4229/8294 4545/4574/8293
f 1672/2953/8295 1664/2965/8296 1669/2923/8296 1680/2925/8295
f 3692/3358/8297 3697/4514/8297 1869/3172/8297
f 2287/3001/8298 2286/3503/8299 2276/3499/8299 2195/3449/8298
f 3760/4491/8300 3757/4560/8300 3756/1620/8300
f 3761/1438/8301 3762/4253/8301 3725/4427/8301
f 3741/4471/8302 3689/4519/8302 3738/4472/8302
f 1186/1543/8303 1187/2309/8304 1523/860/8304 1217/859/8305 1204/459/8306
f 3731/4505/8307 3610/4475/8307 3609/4477/8307
f 3754/2118/8308 3769/4566/8308 3650/4488/8308
f 3632/3914/8309 3765/4485/8309 3764/2693/8309
f 3732/2941/8310 3766/4527/8310 1854/2549/8310
f 3766/4527/8311 3676/2550/8311 1854/2549/8311
f 3766/4527/8312 3767/4521/8312 3620/4498/8312
f 3709/4092/8313 3744/614/8313 3721/617/8313
f 3769/4566/8314 3787/1439/8314 3768/4538/8314
f 3787/1439/8315 3769/4566/8315 3691/1759/8315
f 3767/4521/8316 3766/4527/8316 3636/2940/8316
f 3695/4499/8317 3786/4501/8317 3604/3349/8317
f 3779/3665/8318 3770/3357/8318 3714/4474/8318
f 3771/4539/8319 3655/4465/8319 3656/4464/8319
f 3663/4533/8320 3772/4551/8320 3731/4505/8320
f 3773/2551/8321 3774/616/8321 3717/615/8321
f 3645/4528/8322 3796/4534/8322 3654/4529/8322
f 3762/4253/8323 3658/4252/8323 3775/4428/8323
f 2658/3862/8324 2666/3834/8324 2667/3870/8325 2650/3863/8325
f 3736/2392/8326 3734/2391/8326 3689/4519/8326
f 3792/3101/8327 3736/2392/8327 3689/4519/8327
f 3784/4511/8328 3655/4465/8328 3778/4503/8328
f 3647/4535/8329 3796/4534/8329 3645/4528/8329
f 3779/3665/8330 3697/4514/8330 3770/3357/8330
f 3637/4482/8331 3705/4532/8331 3621/1640/8331
f 3645/4528/8332 3753/4530/8332 3609/4477/8332
f 3631/4430/8333 3758/2120/8333 3617/2119/8333
f 3780/671/8334 3236/2184/8334 3237/672/8334
f 3734/2391/8335 3781/3035/8335 3747/4541/8335
f 3796/4534/8336 3780/671/8336 3758/2120/8336
f 3725/4427/8337 3762/4253/8337 3775/4428/8337
f 3777/825/8338 3791/824/8338 3726/4478/8338
f 3747/4541/8339 3783/4540/8339 3606/4470/8339
f 3788/1614/8340 3733/2854/8340 3776/1615/8340
f 3659/3348/8341 3747/4541/8341 3604/3349/8341
f 3769/4566/8342 3768/4538/8342 3650/4488/8342
f 3783/4540/8343 3747/4541/8343 3782/823/8343
f 3785/4502/8344 3784/4511/8344 3778/4503/8344
f 3610/4475/8345 3677/4516/8345 3743/4476/8345
f 3868/4575/8346 3879/3278/8347 3880/4576/8348 3871/2463/8349 3873/2462/8349
f 3790/4429/8350 3789/4509/8350 3760/4491/8350
f 2728/1377/8351 3720/1376/8351 3612/3924/8351
f 3654/4529/8352 3758/2120/8352 3793/4483/8352
f 3629/4507/8353 3794/4512/8353 3785/4502/8353
f 3711/4496/8354 3675/4493/8354 3795/4492/8354
f 3714/4474/8355 3770/3357/8355 3605/3350/8355
f 3731/4505/8356 3772/4551/8356 3795/4492/8356
f 3628/2882/8357 3643/4517/8357 3627/2733/8357
f 3654/4529/8358 3796/4534/8358 3758/2120/8358
f 3672/4515/8359 3761/1438/8359 3725/4427/8359
f 3682/4559/8360 3744/614/8360 3709/4092/8360
f 3821/4002/8361 1678/2912/8361 3800/289/8361
f 3797/2273/8362 3806/1923/8362 3817/2002/8362
f 1020/978/8363 403/963/8364 357/952/8364 418/953/8365
f 1043/2056/8366 1037/2055/8367 913/990/8368 1035/2054/8369
f 3819/2275/8370 3821/4002/8370 3800/289/8370
f 3801/288/8371 3799/287/8371 3819/2275/8371
f 3805/290/8372 1625/9/8372 3/11/8372
f 3797/2273/8373 3799/287/8373 3806/1923/8373
f 2058/3390/8374 1951/3300/8374 2067/3299/8375 2051/3412/8376
f 1676/2365/8377 3804/3629/8377 3803/2366/8377
f 4542/4179/8378 4653/4577/8379 4591/1836/8379 4541/1835/8380 4630/4180/8381
f 3823/4206/8382 3805/290/8382 3/11/8382
f 3824/3418/8383 3802/2506/8383 3808/2508/8383
f 3811/2001/8384 4498/2003/8384 3810/2507/8384
f 3822/2770/8385 1676/2365/8385 1678/2912/8385
f 3813/2274/8386 3824/3418/8386 3812/1126/8386
f 3813/2274/8387 3822/2770/8387 3819/2275/8387
f 1445/2561/8388 1394/2555/8388 1380/2563/8389 258/682/8389 1458/796/8390
f 4823/2826/8391 3814/3419/8391 3808/2508/8391
f 4451/628/8392 4442/627/8393 4396/1300/8394 4452/3524/8394
f 3804/3629/8395 3820/4048/8395 4765/2919/8395
f 4357/108/8396 4356/2347/8397 4360/4578/8398 4381/4579/8398
f 3822/2770/8399 3798/1129/8399 1676/2365/8399
f 3811/2001/8400 3802/2506/8400 3817/2002/8400
f 3804/3629/8401 4765/2919/8401 3803/2366/8401
f 3814/3419/8402 3824/3418/8402 3808/2508/8402
f 3801/288/8403 3819/2275/8403 3800/289/8403
f 4051/4580/8404 4049/2611/8405 4048/4581/8406 4047/4582/8404
f 3802/2506/8407 3824/3418/8407 3817/2002/8407
f 3819/2275/8408 3799/287/8408 3797/2273/8408
f 4747/1669/8409 4495/286/8409 3823/4206/8409
f 2845/3489/8410 2823/3999/8411 2812/3998/8412 2840/3972/8410
f 4747/1669/8413 3823/4206/8413 3816/1672/8413
f 3824/3418/8414 3813/2274/8414 3817/2002/8414
f 4495/286/8415 3805/290/8415 3823/4206/8415
f 4253/4583/8416 4227/4584/8416 3825/1748/8416
f 3856/4585/8417 3903/1749/8417 3915/4586/8417
f 536/1225/8418 494/1250/8419 480/1132/8420 551/1224/8421
f 3826/3252/8422 3910/3803/8422 3850/3253/8422
f 3927/4587/8423 3925/4588/8423 3830/4589/8423
f 1169/2203/8424 1166/2190/8425 1135/2202/8425 1140/2148/8424
f 3909/4590/8426 3932/3804/8426 3910/3803/8426
f 3856/4585/8427 3827/4591/8427 3903/1749/8427
f 3846/4592/8428 4072/4593/8428 3845/4594/8428
f 3845/4594/8429 4072/4593/8429 437/1215/8429
f 2552/3406/8430 2670/1078/8431 2562/1081/8432 2565/2791/8433 2583/2794/8434
f 3963/4595/8435 3873/2462/8435 4348/2461/8435
f 909/1871/8436 927/1870/8437 789/1705/8437 788/1373/8438 923/1896/8436
f 3918/3891/8439 3899/3072/8439 3829/1636/8439
f 3842/397/8440 3831/2810/8440 3830/4589/8440
f 3832/4596/8441 3897/3952/8441 3896/4597/8441
f 3836/4598/8442 3837/780/8442 3920/1258/8442
f 3833/4546/8443 3963/4595/8443 4348/2461/8443
f 3946/1282/8444 3892/3277/8444 3920/1258/8444
f 451/3133/8445 3845/4594/8445 437/1215/8445
f 4087/2809/8446 3862/2808/8446 4092/895/8446
f 2497/2044/8447 2396/3680/8448 2423/3685/8448 1762/3032/8447
f 3861/346/8449 3859/4599/8449 3882/3761/8449
f 3854/1613/8450 3880/4576/8450 3888/1610/8450
f 3837/780/8451 3836/4598/8451 3964/781/8451
f 3838/3950/8452 3841/536/8452 3840/4600/8452
f 4670/924/8453 4552/4232/8453 4666/4231/8453 4668/925/8453
f 3841/536/8454 3944/4444/8454 3840/4600/8454
f 1261/1218/8455 1338/2349/8455 1337/1779/8456 1273/1219/8457
f 307/3798/8458 474/428/8458 262/706/8459 291/705/8460
f 3947/4601/8461 3908/3208/8461 4029/4602/8461
f 3843/3944/8462 3951/3207/8462 3860/535/8462
f 2684/3887/8463 2685/749/8463 2069/542/8464 519/1084/8464
f 3879/3278/8465 3844/4603/8465 3889/1503/8465
f 4329/4604/8466 4324/4605/8466 4380/1068/8467 4408/1740/8467
f 3928/4606/8468 4040/1089/8468 3839/537/8468
f 3940/3951/8469 3883/3414/8469 3896/4597/8469
f 3881/3945/8470 3843/3944/8470 3860/535/8470
f 3878/3250/8471 3846/4592/8471 3845/4594/8471
f 3878/3250/8472 3847/4607/8472 3846/4592/8472
f 3847/4607/8473 3848/4608/8473 3846/4592/8473
f 3849/424/8474 3848/4608/8474 3847/4607/8474
f 3847/4607/8475 3878/3250/8475 3850/3253/8475
f 3884/538/8476 4040/1089/8476 4043/3772/8476
f 528/3323/8477 1987/1287/8477 521/1252/8478 2126/541/8478
f 3905/4609/8479 3906/2969/8479 3870/2968/8479
f 3871/2463/8480 3880/4576/8480 3854/1613/8480
f 3844/4603/8481 3868/4575/8481 3889/1503/8481
f 3946/1282/8482 3872/4330/8482 3892/3277/8482
f 3910/3803/8483 3893/4610/8483 3850/3253/8483
f 1160/1309/8484 1176/2137/8485 1130/2189/8485 1058/2077/8484
f 3914/3762/8486 3856/4585/8486 3915/4586/8486
f 4837/4611/8487 2886/2419/8488 4835/4612/8489 4832/3043/8490 4830/3042/8491
f 3859/4599/8492 3827/4591/8492 3856/4585/8492
f 3837/780/8493 3876/779/8493 3911/2689/8493
f 3951/3207/8494 3867/3206/8494 3860/535/8494
f 3861/346/8495 3961/3251/8495 447/347/8495
f 4821/4328/8496 1747/2475/8497 1778/2474/8498 2547/3062/8499
f 3858/4613/8500 3863/1281/8500 3897/3952/8500
f 3963/4595/8501 3869/4545/8501 3873/2462/8501
f 926/4553/8502 929/1866/8502 1055/2059/8503 1035/2054/8503
f 3943/1752/8504 3865/625/8504 3864/624/8504
f 3860/535/8505 3867/3206/8505 3841/536/8505
f 3925/4588/8506 3842/397/8506 3830/4589/8506
f 3869/4545/8507 3890/1501/8507 3868/4575/8507
f 3890/1501/8508 4342/3288/8508 3895/1502/8508
f 3826/3252/8509 3909/4590/8509 3910/3803/8509
f 3899/3072/8510 3870/2968/8510 3829/1636/8510
f 4058/2645/8511 4076/3874/8512 4072/4593/8513 4068/385/8514
f 3941/4614/8515 3953/2996/8516 3908/3208/8517 3877/425/8515
f 3906/2969/8518 3917/4066/8518 3855/1612/8518
f 3911/2689/8519 3876/779/8519 3875/1938/8519
f 3952/422/8520 3877/425/8520 3908/3208/8520
f 3892/3277/8521 3836/4598/8521 3920/1258/8521
f 3961/3251/8522 3878/3250/8522 3962/3132/8522
f 3872/4330/8523 3880/4576/8523 3879/3278/8523
f 3881/3945/8524 3860/535/8524 3835/3771/8524
f 4133/3774/8525 3881/3945/8525 3835/3771/8525
f 3958/1750/8526 3904/345/8526 3913/1751/8526
f 3869/4545/8527 3868/4575/8527 3873/2462/8527
f 2283/3618/8528 2295/3482/8528 2238/3509/8529 2239/2651/8530
f 3144/550/8531 2997/4130/8531 3201/407/8532 3218/551/8532
f 4223/4615/8533 4253/4583/8533 3825/1748/8533
f 3884/538/8534 4043/3772/8534 3835/3771/8534
f 200/4570/8535 179/503/8536 189/543/8535
f 3885/3074/8537 3912/4616/8537 3886/3071/8537
f 4223/4615/8538 3956/1747/8538 3943/1752/8538
f 3912/4616/8539 3891/4617/8539 3907/1762/8539
f 3838/3950/8540 3839/537/8540 3841/536/8540
f 3892/3277/8541 3889/1503/8541 3964/781/8541
f 3857/4618/8542 3960/4619/8542 3851/1764/8542
f 4227/4584/8543 3903/1749/8543 3825/1748/8543
f 3868/4575/8544 3844/4603/8544 3879/3278/8544
f 4336/1927/8545 4381/4579/8546 4326/4620/8546 4333/2725/8545
f 3872/4330/8547 3858/4613/8547 3880/4576/8547
f 3960/4619/8548 3857/4618/8549 4216/1763/8550 3916/4621/8550 3905/4609/8551 3870/2968/8552 3899/3072/8552
f 4232/4622/8553 4281/3801/8553 3932/3804/8553
f 185/379/8554 153/378/8555 94/173/8556 77/226/8557
f 3885/3074/8558 3893/4610/8558 3910/3803/8558
f 3893/4610/8559 3900/3073/8559 3849/424/8559
f 3894/3802/8560 3912/4616/8560 3885/3074/8560
f 3849/424/8561 3950/423/8561 3848/4608/8561
f 3895/1502/8562 3852/782/8562 3964/781/8562
f 3897/3952/8563 3940/3951/8563 3896/4597/8563
f 3954/1765/8564 3960/4619/8564 3899/3072/8564
f 3898/3968/8565 4232/4622/8565 3932/3804/8565
f 3886/3071/8566 3954/1765/8566 3899/3072/8566
f 571/332/8567 567/1334/8568 573/900/8568 1305/902/8567
f 3912/4616/8569 3907/1762/8569 3954/1765/8569
f 394/1007/8570 383/968/8571 367/967/8572 395/927/8572 419/1019/8573
f 2927/2328/8574 2928/3104/8575 2930/4030/8575 2936/4069/8576 2972/2325/8576
f 3885/3074/8577 3900/3073/8577 3893/4610/8577
f 3893/4610/8578 3847/4607/8578 3850/3253/8578
f 4254/2219/8579 4458/4623/8580 4411/1203/8580 4263/4624/8579
f 3902/3276/8581 3903/1749/8581 4227/4584/8581
f 3095/4175/8582 3098/3537/8582 3101/3536/8583 3076/2690/8584
f 1059/2112/8585 1067/2095/8585 1068/2101/8586 3359/2135/8586
f 4477/4625/8587 4476/4626/8587 4402/2230/8588 4462/2231/8589
f 3906/2969/8590 3905/4609/8590 3917/4066/8590
f 3883/3414/8591 3940/3951/8591 3840/4600/8591
f 3891/4617/8592 4216/1763/8592 3907/1762/8592
f 3953/2996/8593 3941/4614/8593 3945/2997/8593
f 3941/4614/8594 3957/3907/8594 3945/2997/8594
f 3866/1635/8595 3883/3414/8595 3840/4600/8595
f 3953/2996/8596 3949/2999/8596 3908/3208/8596
f 2368/3635/8597 2159/3576/8597 2369/3519/8598 2311/3469/8598
f 3919/3890/8599 3866/1635/8599 3840/4600/8599
f 3932/3804/8600 3909/4590/8600 3826/3252/8600
f 3837/780/8601 3911/2689/8601 3959/525/8601
f 3894/3802/8602 3891/4617/8602 3912/4616/8602
f 4793/67/8603 14/65/8604 17/13/8604 4766/12/8605
f 3894/3802/8606 4281/3801/8606 3891/4617/8606
f 3901/3275/8607 3898/3968/8607 3915/4586/8607
f 3914/3762/8608 3898/3968/8608 3932/3804/8608
f 3914/3762/8609 3882/3761/8609 3856/4585/8609
f 3898/3968/8610 3914/3762/8610 3915/4586/8610
f 3839/537/8611 4040/1089/8611 3884/538/8611
f 3916/3403/8612 4337/1925/8612 3905/4627/8612
f 3905/4627/8613 4337/1925/8613 3917/2955/8613
f 3914/3762/8614 3932/3804/8614 3826/3252/8614
f 3865/625/8615 3943/1752/8615 489/556/8615
f 3928/4606/8616 3929/1090/8616 4040/1089/8616
f 3878/3250/8617 3845/4594/8617 451/3133/8617
f 3459/846/8618 3366/845/8619 3353/4354/8619 3354/2136/8620 3360/4363/8621
f 3933/1296/8622 3938/1295/8622 2579/2815/8622
f 3942/398/8623 3842/397/8623 3927/4587/8623
f 3935/400/8624 3922/399/8624 3920/1258/8624
f 3160/593/8625 3157/4239/8626 3121/1662/8627 3122/1661/8628
f 3935/400/8629 3920/1258/8629 3934/4306/8629
f 3923/396/8630 3924/401/8630 3926/2811/8630
f 2970/4071/8631 2967/4090/8632 2958/4089/8633 2931/4072/8634
f 4184/3417/8635 4180/420/8636 4155/4628/8636 4183/1753/8635
f 3163/4214/8637 3214/3312/8638 3155/3311/8639 3156/3959/8640
f 4091/2994/8641 4088/1087/8641 3927/4587/8641
f 3862/2808/8642 3924/401/8642 3931/131/8642
f 3927/4587/8643 3842/397/8643 3925/4588/8643
f 3923/396/8644 3926/2811/8644 3842/397/8644
f 4088/1087/8645 3929/1090/8645 3927/4587/8645
f 2438/3751/8646 2455/2512/8647 2440/3755/8648 2437/3743/8648
f 452/1167/8649 559/1166/8650 1442/1265/8650 471/1209/8651 506/1122/8652
f 3862/2808/8653 3931/131/8653 3930/4057/8653
f 3894/3802/8654 3885/3074/8654 3910/3803/8654
f 3920/1258/8655 3837/780/8655 3934/4306/8655
f 3271/4308/8656 3935/400/8656 3934/4306/8656
f 3935/400/8657 3937/4629/8657 3939/128/8657
f 3936/4309/8658 3937/4629/8658 3271/4308/8658
f 3939/128/8659 3937/4629/8659 3938/1295/8659
f 3937/4629/8660 3935/400/8660 3271/4308/8660
f 3938/1295/8661 3937/4629/8661 3936/4309/8661
f 3938/1295/8662 3936/4309/8662 2579/2815/8662
f 4263/4624/8663 4262/4630/8663 4261/4631/8664 4254/2219/8665
f 3921/1257/8666 3946/1282/8666 3920/1258/8666
f 3860/535/8667 3884/538/8667 3835/3771/8667
f 4216/1763/8668 3857/4618/8668 3851/1764/8668
f 4800/3066/8669 1466/2668/8669 1465/1970/8670 1789/1974/8670
f 3944/4444/8671 3919/3890/8671 3840/4600/8671
f 4229/4632/8672 228/607/8672 4283/658/8673 4251/4633/8674
f 1428/1972/8675 1770/3050/8676 1791/3030/8677 1771/3049/8678 1789/1974/8678
f 3882/3761/8679 3859/4599/8679 3856/4585/8679
f 3942/398/8680 3839/537/8680 3838/3950/8680
f 3893/4610/8681 3849/424/8681 3847/4607/8681
f 3883/3414/8682 3832/4596/8682 3896/4597/8682
f 3311/2859/8683 3344/4340/8684 3272/585/8684 3320/4311/8685 3276/4315/8683
f 4615/1922/8686 4609/1921/8686 4608/3205/8687
f 3948/2998/8688 3944/4444/8688 3841/536/8688
f 3945/2997/8689 3957/3907/8689 3919/3890/8689
f 3951/3207/8690 3843/3944/8690 4029/4602/8690
f 4027/3080/8691 3952/422/8691 3947/4601/8691
f 3867/3206/8692 3948/2998/8692 3841/536/8692
f 3867/3206/8693 3949/2999/8693 3948/2998/8693
f 3940/3951/8694 3838/3950/8694 3840/4600/8694
f 3908/3208/8695 3951/3207/8695 4029/4602/8695
f 1654/2293/8696 1658/2090/8697 1684/1683/8697 1624/2904/8696
f 3947/4601/8698 3952/422/8698 3908/3208/8698
f 4835/4612/8699 2886/2419/8700 4831/2616/8701
f 3859/4599/8702 3861/346/8702 3827/4591/8702
f 3962/3132/8703 3878/3250/8703 451/3133/8703
f 3868/4575/8704 3890/1501/8704 3889/1503/8704
f 3851/1764/8705 3960/4619/8705 3954/1765/8705
f 3956/1747/8706 4223/4615/8706 3825/1748/8706
f 3886/3071/8707 3912/4616/8707 3954/1765/8707
f 447/347/8708 3828/1177/8708 450/1243/8708
f 688/1638/8709 651/1516/8709 677/1515/8710 712/1454/8711
f 4223/4615/8712 3943/1752/8712 3864/624/8712
f 3934/4306/8713 3837/780/8713 3959/525/8713
f 4548/569/8714 4518/3229/8714 4531/4634/8715 4575/570/8715
f 316/733/8716 268/697/8716 267/703/8717 266/669/8717
f 3961/3251/8718 3828/1177/8718 447/347/8718
f 3961/3251/8719 3962/3132/8719 3828/1177/8719
f 3833/4546/8720 3869/4545/8720 3963/4595/8720
f 3836/4598/8721 3892/3277/8721 3964/781/8721
f 3970/4635/8722 3972/4636/8722 3969/4637/8722
f 3971/1913/8723 4137/3372/8723 3970/4635/8723
f 3971/1913/8724 3965/1912/8724 4137/3372/8724
f 3981/4638/8725 3982/4639/8725 3966/4640/8725
f 3981/4638/8726 3998/4641/8726 3982/4639/8726
f 2494/3776/8727 3109/3775/8728 3179/4246/8729 3221/3682/8730 2414/1803/8731 2509/1806/8732
f 3968/1910/8733 3971/1913/8733 3969/4637/8733
f 3980/4642/8734 4108/4643/8734 4080/4248/8734
f 3984/2592/8735 4006/4644/8735 4009/2593/8735
f 3975/4371/8736 4011/4645/8736 3968/1910/8736
f 3989/4646/8737 3975/4371/8737 3969/4637/8737
f 3971/1913/8738 3970/4635/8738 3969/4637/8738
f 3985/3539/8739 3992/4647/8739 3972/4636/8739
f 3991/4648/8740 4003/4372/8740 3989/4646/8740
f 4111/3532/8741 3973/3432/8741 3967/3371/8741
f 3967/3371/8742 3973/3432/8742 4137/3372/8742
f 3972/4636/8743 3989/4646/8743 3969/4637/8743
f 2225/3587/8744 2224/3003/8744 2292/3586/8745 2301/3581/8745
f 3976/4649/8746 3974/1911/8746 4011/4645/8746
f 4011/4645/8747 3974/1911/8747 3968/1910/8747
f 3975/4371/8748 3968/1910/8748 3969/4637/8748
f 3989/4646/8749 4004/4650/8749 3975/4371/8749
f 4003/4372/8750 4004/4650/8750 3989/4646/8750
f 4081/3781/8751 3980/4642/8751 4080/4248/8751
f 3986/4651/8752 4013/2170/8752 3537/4316/8752
f 3979/4652/8753 3977/4653/8753 3976/4649/8753
f 3977/4653/8754 3996/4654/8754 3976/4649/8754
f 3978/4655/8755 4002/4656/8755 3990/4657/8755
f 3996/4654/8756 3977/4653/8756 4081/3781/8756
f 4007/4369/8757 3997/4658/8757 4009/2593/8757
f 3993/4659/8758 3990/4657/8758 3979/4652/8758
f 4081/3781/8759 3977/4653/8759 3980/4642/8759
f 3996/4654/8760 3981/4638/8760 3966/4640/8760
f 4136/53/8761 4005/52/8761 3982/4639/8761
f 3976/4649/8762 3996/4654/8762 4001/3373/8762
f 4008/4370/8763 4006/4644/8763 3984/2592/8763
f 4006/4644/8764 4007/4369/8764 4009/2593/8764
f 3983/4660/8765 4008/4370/8765 3984/2592/8765
f 3974/1911/8766 4001/3373/8766 3965/1912/8766
f 3991/4648/8767 3992/4647/8767 3985/3539/8767
f 3983/4660/8768 3984/2592/8768 3533/4448/8768
f 4142/4661/8769 3985/3539/8769 3972/4636/8769
f 3980/4642/8770 3986/4651/8770 4108/4643/8770
f 3977/4653/8771 3994/4662/8771 3986/4651/8771
f 3970/4635/8772 4142/4661/8772 3972/4636/8772
f 4008/4370/8773 3983/4660/8773 3978/4655/8773
f 4002/4656/8774 3988/4663/8774 3990/4657/8774
f 3996/4654/8775 3999/56/8775 4001/3373/8775
f 3987/4664/8776 3996/4654/8776 3966/4640/8776
f 4012/2171/8777 3988/4663/8777 4002/4656/8777
f 3992/4647/8778 3989/4646/8778 3972/4636/8778
f 3993/4659/8779 3978/4655/8779 3990/4657/8779
f 3993/4659/8780 3979/4652/8780 3976/4649/8780
f 4125/4136/8781 3991/4648/8781 3985/3539/8781
f 2684/3887/8782 519/1084/8783 2698/1086/8784 2722/2116/8784
f 3990/4657/8785 3994/4662/8785 3979/4652/8785
f 3992/4647/8786 3991/4648/8786 3989/4646/8786
f 3993/4659/8787 3976/4649/8787 4011/4645/8787
f 3988/4663/8788 3994/4662/8788 3990/4657/8788
f 3974/1911/8789 3976/4649/8789 4001/3373/8789
f 4012/2171/8790 3533/4448/8790 3536/2167/8790
f 3996/4654/8791 4081/3781/8791 3981/4638/8791
f 3997/4658/8792 4010/2304/8792 3995/2303/8792
f 3998/4641/8793 4136/53/8793 3982/4639/8793
f 3994/4662/8794 3977/4653/8794 3979/4652/8794
f 4108/4643/8795 3986/4651/8795 3537/4316/8795
f 3977/4653/8796 3986/4651/8796 3980/4642/8796
f 4007/4369/8797 4010/2304/8797 3997/4658/8797
f 3978/4655/8798 3983/4660/8798 4002/4656/8798
f 3994/4662/8799 4012/2171/8799 4013/2170/8799
f 4010/2304/8800 4007/4369/8800 3991/4648/8800
f 3986/4651/8801 3994/4662/8801 4013/2170/8801
f 4000/55/8802 4111/3532/8802 3967/3371/8802
f 3987/4664/8803 3999/56/8803 3996/4654/8803
f 4369/111/8804 4367/4525/8804 4366/3420/8805 4299/3423/8805
f 4001/3373/8806 4000/55/8806 3967/3371/8806
f 3983/4660/8807 4012/2171/8807 4002/4656/8807
f 4004/4650/8808 4003/4372/8808 3975/4371/8808
f 4012/2171/8809 3983/4660/8809 3533/4448/8809
f 3999/56/8810 4000/55/8810 4001/3373/8810
f 3999/56/8811 3987/4664/8811 4005/52/8811
f 4008/4370/8812 4007/4369/8812 4006/4644/8812
f 4009/2593/8813 3997/4658/8813 3995/2303/8813
f 3988/4663/8814 4012/2171/8814 3994/4662/8814
f 4125/4136/8815 4010/2304/8815 3991/4648/8815
f 4007/4369/8816 4003/4372/8816 3991/4648/8816
f 3993/4659/8817 4011/4645/8817 3975/4371/8817
f 4821/4328/8818 2547/3062/8819 2536/2480/8820 2539/2479/8820
f 4114/2300/8821 4014/2175/8821 3094/2301/8821
f 4035/2606/8822 4015/4665/8822 4021/4666/8822
f 4069/2644/8823 4023/2607/8823 4030/4667/8823
f 4018/2473/8824 4025/2472/8824 3843/3944/8824
f 4038/4668/8825 4022/2471/8825 4033/2470/8825
f 4026/4550/8826 4032/4669/8826 4016/4549/8826
f 4055/2425/8827 4019/4670/8827 4017/2612/8827
f 1268/1778/8828 1278/2422/8829 1299/2423/8829 1239/2359/8828
f 4019/4670/8830 4089/2993/8830 4017/2612/8830
f 4034/2610/8831 4028/4671/8831 4030/4667/8831
f 4039/386/8832 4064/3079/8832 4027/3080/8832
f 4019/4670/8833 4055/2425/8833 4088/1087/8833
f 4024/4672/8834 4020/387/8834 4027/3080/8834
f 4015/4665/8835 4048/4581/8835 4021/4666/8835
f 4022/2471/8836 4027/3080/8836 3947/4601/8836
f 4020/387/8837 4037/2604/8837 4023/2607/8837
f 4047/4582/8838 4048/4581/8838 4015/4665/8838
f 4022/2471/8839 4024/4672/8839 4027/3080/8839
f 4025/2472/8840 4022/2471/8840 3947/4601/8840
f 4026/4550/8841 4036/2605/8841 4038/4668/8841
f 3843/3944/8842 4025/2472/8842 4029/4602/8842
f 4539/910/8843 4513/909/8844 4707/4673/8845 4735/3084/8845 4501/4674/8846
f 4035/2606/8847 4016/4549/8847 4015/4665/8847
f 4038/4668/8848 4024/4672/8848 4022/2471/8848
f 1971/1338/8849 2055/3261/8850 2024/3344/8851 2042/1339/8851
f 4048/4581/8852 4049/2611/8852 4034/2610/8852
f 4028/4671/8853 4034/2610/8853 4017/2612/8853
f 4483/4675/8854 4490/774/8854 4436/777/8855 4459/4676/8855
f 4048/4581/8856 4030/4667/8856 4021/4666/8856
f 4028/4671/8857 4069/2644/8857 4030/4667/8857
f 4026/4550/8858 4038/4668/8858 4033/2470/8858
f 4025/2472/8859 3947/4601/8859 4029/4602/8859
f 4048/4581/8860 4034/2610/8860 4030/4667/8860
f 2972/2325/8861 2936/4069/8862 2963/4068/8862 2971/1195/8863 2959/4067/8864
f 4016/4549/8865 4032/4669/8865 4015/4665/8865
f 4032/4669/8866 4031/4677/8866 4015/4665/8866
f 4130/4678/8867 4033/2470/8867 4018/2473/8867
f 2626/3859/8868 2608/1888/8869 2596/1887/8869 2618/3831/8868
f 4036/2605/8870 4037/2604/8870 4038/4668/8870
f 4024/4672/8871 4037/2604/8871 4020/387/8871
f 4037/2604/8872 4024/4672/8872 4038/4668/8872
f 4020/387/8873 4039/386/8873 4027/3080/8873
f 4040/1089/8874 4086/2424/8874 4043/3772/8874
f 733/1647/8875 753/1522/8876 761/1630/8876 4512/912/8875
f 4041/3479/8877 4050/4249/8877 4042/3480/8877
f 4086/2424/8878 4054/4679/8878 4043/3772/8878
f 4042/3480/8879 4050/4249/8879 4080/4248/8879
f 4043/3772/8880 4054/4679/8880 3834/3773/8880
f 4054/4679/8881 4044/4680/8881 3834/3773/8881
f 2746/3805/8882 2612/2282/8882 2749/3925/8883 2748/3591/8884
f 4108/4643/8885 4042/3480/8885 4080/4248/8885
f 4046/4681/8886 4045/4247/8886 4050/4249/8886
f 4031/4677/8887 4051/4580/8887 4047/4582/8887
f 729/1631/8888 753/1522/8888 756/1239/8889 639/1411/8889
f 4049/2611/8890 4056/2426/8890 4055/2425/8890
f 4046/4681/8891 4050/4249/8891 4057/4682/8891
f 4031/4677/8892 4047/4582/8892 4015/4665/8892
f 4053/4683/8893 4051/4580/8893 4046/4681/8893
f 1456/1604/8894 1428/1972/8894 1416/1605/8895
f 4056/2426/8896 4052/4684/8896 4086/2424/8896
f 4085/1088/8897 4086/2424/8897 4040/1089/8897
f 4045/4247/8898 4046/4681/8898 4031/4677/8898
f 4046/4681/8899 4051/4580/8899 4031/4677/8899
f 4054/4679/8900 4053/4683/8900 4057/4682/8900
f 4052/4684/8901 4056/2426/8901 4049/2611/8901
f 4052/4684/8902 4054/4679/8902 4086/2424/8902
f 4051/4580/8903 4052/4684/8903 4049/2611/8903
f 3333/2567/8904 3231/4261/8905 3684/2675/8905 3224/2674/8904
f 4053/4683/8906 4046/4681/8906 4057/4682/8906
f 4076/3874/8907 4067/96/8907 4075/1092/8907
f 1603/2812/8908 1590/2801/8908 1550/3946/8909 1549/2018/8909 1581/2868/8910
f 1143/2100/8911 1161/2205/8912 3359/2135/8913 1068/2101/8914
f 2746/3805/8915 2611/3930/8916 2610/2279/8916 2612/2282/8915
f 4064/3079/8917 4074/4685/8917 3950/423/8917
f 4074/4685/8918 4068/385/8918 3846/4592/8918
f 4059/4334/8919 4071/4686/8919 4089/2993/8919
f 550/1156/8920 4093/4687/8920 446/894/8920
f 4062/4688/8921 4059/4334/8921 4077/1142/8921
f 4067/96/8922 4065/95/8922 435/1124/8922
f 4063/4689/8923 4070/4690/8923 4028/4671/8923
f 2430/3717/8924 2527/77/8925 2404/1168/8926 2453/3749/8927
f 4089/2993/8928 4071/4686/8928 4017/2612/8928
f 4065/95/8929 4063/4689/8929 4062/4688/8929
f 4068/385/8930 4074/4685/8930 4064/3079/8930
f 4065/95/8931 498/1244/8931 435/1124/8931
f 4070/4690/8932 4063/4689/8932 4065/95/8932
f 4058/2645/8933 4068/385/8933 4066/384/8933
f 4090/2992/8934 4059/4334/8934 4089/2993/8934
f 4071/4686/8935 4063/4689/8935 4028/4671/8935
f 4068/385/8936 4064/3079/8936 4039/386/8936
f 4061/94/8937 4070/4690/8937 4065/95/8937
f 4065/95/8938 4062/4688/8938 498/1244/8938
f 4028/4671/8939 4070/4690/8939 4069/2644/8939
f 4067/96/8940 4073/4691/8940 4075/1092/8940
f 3848/4608/8941 4074/4685/8941 3846/4592/8941
f 4078/4333/8942 4093/4687/8942 550/1156/8942
f 4071/4686/8943 4028/4671/8943 4017/2612/8943
f 437/1215/8944 4072/4593/8944 4075/1092/8944
f 4062/4688/8945 4063/4689/8945 4071/4686/8945
f 4073/4691/8946 4067/96/8946 435/1124/8946
f 3950/423/8947 4074/4685/8947 3848/4608/8947
f 4072/4593/8948 4076/3874/8948 4075/1092/8948
f 498/1244/8949 4062/4688/8949 4077/1142/8949
f 4090/2992/8950 4094/4332/8950 4059/4334/8950
f 4070/4690/8951 4061/94/8951 4060/97/8951
f 2131/1119/8952 1940/2677/8953 559/1166/8954 563/1063/8955
f 4070/4690/8956 4060/97/8956 4069/2644/8956
f 3846/4592/8957 4068/385/8957 4072/4593/8957
f 4059/4334/8958 4078/4333/8958 4077/1142/8958
f 4059/4334/8959 4062/4688/8959 4071/4686/8959
f 4078/4333/8960 439/908/8960 4077/1142/8960
f 4084/3780/8961 4082/4692/8961 3998/4641/8962
f 2298/3577/8963 2213/3554/8964 2149/3461/8965 2344/3645/8966
f 4771/3078/8967 1467/2665/8967 1443/2619/8968 1435/2609/8968
f 4079/3778/8969 4081/3781/8969 4080/4248/8969
f 4084/3780/8970 4083/3779/8970 4082/4692/8970
f 4081/3781/8971 4084/3780/8971 3981/4638/8971
f 4083/3779/8972 4079/3778/8972 4045/4247/8972
f 4084/3780/8973 3998/4641/8973 3981/4638/8973
f 4088/1087/8974 4055/2425/8974 4085/1088/8974
f 4093/4687/8975 4078/4333/8975 4087/2809/8975
f 4093/4687/8976 4092/895/8976 446/894/8976
f 4091/2994/8977 3927/4587/8977 3830/4589/8977
f 4089/2993/8978 4019/4670/8978 4088/1087/8978
f 4087/2809/8979 4094/4332/8979 3831/2810/8979
f 4094/4332/8980 4091/2994/8980 3830/4589/8980
f 4093/4687/8981 4087/2809/8981 4092/895/8981
f 3831/2810/8982 4094/4332/8982 3830/4589/8982
f 4094/4332/8983 4090/2992/8983 4091/2994/8983
f 4109/4693/8984 4095/4694/8984 4101/4695/8984
f 4146/4696/8985 4145/4697/8985 4000/55/8985
f 4107/4698/8986 4133/3774/8986 3834/3773/8986
f 4139/4699/8987 4115/4700/8987 4096/4701/8987
f 4097/4702/8988 4120/4703/8988 4110/4704/8988
f 4145/4697/8989 4104/4705/8989 4000/55/8989
f 2106/3342/8990 2112/2983/8990 2102/3368/8991 1953/3282/8992
f 4135/4706/8993 4102/4707/8993 4101/4695/8993
f 4096/4701/8994 4120/4703/8995 4145/4697/8994
f 4102/4707/8996 4147/4708/8996 4109/4693/8996
f 4127/3943/8997 4100/4227/8997 3843/3944/8997
f 4109/4693/8998 4147/4708/8998 4083/3779/8998
f 4045/4247/8999 4031/4677/8999 4032/4669/8999
f 4103/4709/9000 4147/4708/9000 4136/53/9000
f 4119/4710/9001 4100/4227/9001 4127/3943/9001
f 4102/4707/9002 4109/4693/9002 4101/4695/9002
f 4148/4711/9003 4147/4708/9003 4102/4707/9003
f 4147/4708/9004 4103/4709/9004 4083/3779/9004
f 4106/4712/9005 4105/3531/9005 4104/4705/9005
f 4113/4713/9006 4112/4714/9006 4101/4695/9006
f 4108/4643/9007 3537/4316/9007 3282/4255/9007
f 4128/4228/9008 4119/4710/9008 4107/4698/9008
f 3493/4422/9009 3498/4409/9009 3490/3153/9010 3499/3156/9010
f 4042/3480/9011 4108/4643/9011 4098/2172/9011
f 361/998/9012 370/997/9012 397/970/9013 398/979/9013 362/975/9014
f 4126/4715/9015 4097/4702/9015 4110/4704/9015
f 4095/4694/9016 4109/4693/9016 4045/4247/9016
f 4150/4716/9017 4110/4704/9017 4115/4700/9017
f 3942/398/9018 3927/4587/9019 3929/1090/9019 3928/4606/9020 3839/537/9021
f 2230/3590/9022 2266/3605/9023 2361/3520/9023 2178/3535/9022
f 4082/4692/9024 4103/4709/9024 3998/4641/9024
f 4112/4714/9025 4026/4550/9025 4033/2470/9025
f 4112/4714/9026 4113/4713/9026 4026/4550/9026
f 4083/3779/9027 4103/4709/9027 4082/4692/9027
f 4114/2300/9028 4099/3478/9028 4014/2175/9028
f 4450/3434/9029 4481/1303/9030 4457/1302/9030 4480/3897/9031 4389/3896/9031
f 4113/4713/9032 4095/4694/9032 4032/4669/9032
f 4148/4711/9033 4102/4707/9033 4115/4700/9033
f 4116/3430/9034 4140/3429/9034 4149/4543/9034
f 4099/3478/9035 4098/2172/9035 4014/2175/9035
f 4123/54/9036 4146/4696/9036 4000/55/9036
f 4000/55/9037 4117/3533/9037 4111/3532/9037
f 4118/3112/9038 4141/3114/9038 4135/4706/9038
f 4095/4694/9039 4113/4713/9039 4101/4695/9039
f 4102/4707/9040 4135/4706/9040 4115/4700/9040
f 4119/4710/9041 4128/4228/9041 4100/4227/9041
f 4108/4643/9042 3282/4255/9042 4098/2172/9042
f 4112/4714/9043 4135/4706/9043 4101/4695/9043
f 4139/4699/9044 4096/4701/9044 4146/4696/9044
f 4120/4703/9045 4097/4702/9045 4145/4697/9045
f 4100/4227/9046 4132/4226/9046 4018/2473/9046
f 4100/4227/9047 4018/2473/9047 3843/3944/9047
f 4129/3538/9048 4126/4715/9048 4110/4704/9048
f 4132/4226/9049 4121/4717/9049 4130/4678/9049
f 4121/4717/9050 4118/3112/9050 4112/4714/9050
f 4095/4694/9051 4045/4247/9051 4032/4669/9051
f 4026/4550/9052 4113/4713/9052 4032/4669/9052
f 4044/4680/9053 4107/4698/9053 3834/3773/9053
f 4099/3478/9054 4134/4718/9054 4041/3479/9054
f 4106/4712/9055 4104/4705/9055 4145/4697/9055
f 4123/54/9056 4122/4719/9056 4139/4699/9056
f 397/970/9057 387/969/9057 354/955/9058 398/979/9058
f 4131/3113/9059 4125/4136/9059 3985/3539/9059
f 4141/3114/9060 4150/4716/9060 4135/4706/9060
f 4129/3538/9061 4149/4543/9061 4126/4715/9061
f 4142/4661/9062 4116/3430/9062 3985/3539/9062
f 4119/4710/9063 4127/3943/9063 4133/3774/9063
f 4134/4718/9064 4128/4228/9064 4107/4698/9064
f 4150/4716/9065 4129/3538/9065 4110/4704/9065
f 4118/3112/9066 4135/4706/9066 4112/4714/9066
f 251/1059/9067 427/662/9068 253/660/9069 485/557/9069
f 4124/4225/9070 4118/3112/9070 4121/4717/9070
f 4132/4226/9071 4124/4225/9071 4121/4717/9071
f 4147/4708/9072 4122/4719/9072 4136/53/9072
f 4104/4705/9073 4117/3533/9073 4000/55/9073
f 4132/4226/9074 4130/4678/9074 4018/2473/9074
f 4107/4698/9075 4119/4710/9075 4133/3774/9075
f 4126/4715/9076 4149/4543/9076 4106/4712/9076
f 4135/4706/9077 4150/4716/9077 4115/4700/9077
f 4134/4718/9078 4144/4720/9078 4128/4228/9078
f 4126/4715/9079 4106/4712/9079 4097/4702/9079
f 4131/3113/9080 4144/4720/9080 4114/2300/9080
f 4116/3430/9081 4129/3538/9081 3985/3539/9081
f 4122/4719/9082 4123/54/9082 4136/53/9082
f 4137/3372/9083 4116/3430/9083 3970/4635/9083
f 4138/3431/9084 4116/3430/9084 4137/3372/9084
f 3973/3432/9085 4138/3431/9085 4137/3372/9085
f 4123/54/9086 4139/4699/9086 4146/4696/9086
f 4144/4720/9087 4131/3113/9087 4128/4228/9087
f 4131/3113/9088 4124/4225/9088 4128/4228/9088
f 4143/3428/9089 3973/3432/9089 4111/3532/9089
f 4122/4719/9090 4148/4711/9090 4139/4699/9090
f 3686/4494/9091 3683/1601/9092 3619/1600/9093 3705/4532/9094
f 4116/3430/9095 4142/4661/9095 3970/4635/9095
f 4097/4702/9096 4106/4712/9096 4145/4697/9096
f 4146/4696/9097 4096/4701/9097 4145/4697/9097
f 4148/4711/9098 4122/4719/9098 4147/4708/9098
f 4106/4712/9099 4149/4543/9099 4105/3531/9099
f 4535/1268/9100 4577/4721/9100 4721/4573/9101 4592/1269/9101
f 4103/4709/9102 4136/53/9102 3998/4641/9102
f 4139/4699/9103 4148/4711/9103 4115/4700/9103
f 4109/4693/9104 4083/3779/9104 4045/4247/9104
f 4141/3114/9105 4129/3538/9105 4150/4716/9105
f 4129/3538/9106 4116/3430/9106 4149/4543/9106
f 4105/3531/9107 4117/3533/9107 4104/4705/9107
f 4185/3620/9108 4156/1025/9109 4167/1028/9109 4160/3621/9110
f 4120/4703/9111 4096/4701/9111 4115/4700/9112 4110/4704/9112
f 4153/3135/9113 4180/420/9113 4184/3417/9113
f 2505/3769/9114 2520/3690/9115 2502/3673/9116 2506/2287/9117 2034/2290/9117 1969/3316/9118
f 4683/4722/9119 4181/4397/9119 4164/4723/9119
f 220/589/9120 245/659/9121 254/528/9121 230/583/9122 216/582/9120
f 3900/3073/9123 3941/4614/9124 3877/425/9124 3849/424/9125
f 4155/4628/9126 4174/4099/9126 831/1383/9126
f 4154/3136/9127 4153/3135/9127 4184/3417/9127
f 1270/2352/9128 1283/2412/9128 1277/2394/9129 1261/1218/9129
f 2721/3912/9130 2713/3911/9130 2714/3885/9131 2686/3903/9131
f 4183/1753/9132 4155/4628/9132 825/1754/9132
f 4162/3786/9133 4163/4724/9133 4161/3622/9133
f 4159/4396/9134 4179/3137/9134 4154/3136/9134
f 4691/4725/9135 4178/4726/9135 4169/4727/9135
f 4453/4728/9136 4151/1027/9136 842/1776/9136
f 3249/4286/9137 3253/4299/9138 3244/4289/9139 3241/4287/9140
f 4172/1384/9141 4168/1379/9141 4157/1381/9141
f 2091/2933/9142 1950/3297/9143 2099/3295/9144 1947/2934/9145
f 4173/4098/9146 4522/4100/9146 4169/4727/9146
f 4158/419/9147 4171/418/9147 4522/4100/9147
f 3033/4109/9148 2992/3574/9149 2990/2552/9150 2991/3888/9148
f 4476/4626/9151 4393/3787/9151 4162/3786/9151
f 3182/4201/9152 3197/4108/9153 2119/3352/9153 3196/3354/9152
f 4159/4396/9154 4154/3136/9154 4156/1025/9154
f 4163/4724/9155 4165/3619/9155 4161/3622/9155
f 4476/4626/9156 4162/3786/9156 4161/3622/9156
f 1415/2533/9157 1463/2596/9158 1368/2490/9158 1348/2492/9157
f 4158/419/9159 4174/4099/9159 4155/4628/9159
f 4165/3619/9160 4182/4729/9160 4164/4723/9160
f 4314/3819/9161 3833/4730/9162 4345/4731/9163 4355/3820/9164
f 4154/3136/9165 4152/1026/9165 4156/1025/9165
f 825/1754/9166 4155/4628/9166 831/1383/9166
f 4169/4727/9167 4178/4726/9167 4168/1379/9167
f 4522/4100/9168 4691/4725/9168 4169/4727/9168
f 1292/506/9169 1343/2395/9170 1266/2382/9171 1314/2381/9172
f 4522/4100/9173 4171/418/9173 4170/421/9173
f 4154/3136/9174 4184/3417/9174 4152/1026/9174
f 1670/1684/9175 1684/1683/9176 1658/2090/9176 1653/2913/9177 1698/2894/9178 1693/2962/9178
f 4540/4732/9179 4170/421/9179 4175/3134/9179
f 831/1383/9180 4174/4099/9180 4172/1384/9180
f 4701/4344/9181 4540/4732/9181 4175/3134/9181
f 4517/3230/9182 4578/4733/9182 4186/1164/9183 4817/4149/9183
f 4158/419/9184 4155/4628/9184 4180/420/9184
f 2690/3901/9185 2707/3900/9185 2712/3905/9186 2718/3908/9187 2696/3910/9188 2723/3894/9189
f 761/1630/9190 4532/4734/9190 4512/912/9190
f 4178/4726/9191 4532/4734/9191 4176/1415/9191
f 4532/4734/9192 761/1630/9192 4176/1415/9192
f 4178/4726/9193 4177/1410/9193 4168/1379/9193
f 4178/4726/9194 4176/1415/9194 4177/1410/9194
f 4181/4397/9195 4165/3619/9195 4164/4723/9195
f 4182/4729/9196 4165/3619/9196 4163/4724/9196
f 4546/4229/9197 4671/2469/9197 4566/2468/9198 4664/4735/9198
f 4185/3620/9199 4165/3619/9199 4181/4397/9199
f 4190/4736/9200 4186/1164/9200 4578/4733/9200
f 4277/3707/9201 4283/3709/9202 212/4737/9202 4267/652/9201
f 4203/4738/9203 4202/4739/9203 4187/3648/9203
f 359/945/9204 370/997/9205 366/962/9205 374/913/9204
f 4202/4739/9206 4188/4740/9206 4187/3648/9206
f 4189/3868/9207 4210/3649/9207 4188/4740/9207
f 4189/3868/9208 4196/4741/9208 4182/4729/9208
f 4579/4742/9209 4191/4743/9209 4190/4736/9209
f 4193/4744/9210 4192/4745/9210 4195/4746/9210
f 4198/4747/9211 4188/4740/9211 4202/4739/9211
f 4197/1163/9212 4817/4149/9212 4186/1164/9212
f 4204/4748/9213 4456/4749/9213 4209/4750/9213
f 2628/1989/9214 2604/3827/9215 2597/3829/9216 2630/3860/9216
f 4421/4751/9217 19/623/9218 7/4105/9219 4413/4104/9220 4417/4752/9221 4429/4753/9221 4416/4754/9222
f 1545/3375/9223 1520/2777/9223 1546/1847/9224 1517/2657/9224
f 4191/4743/9225 4193/4755/9225 4190/4736/9225
f 4195/4746/9226 4192/4745/9226 4202/4739/9226
f 2354/3623/9227 2353/3515/9228 2231/3582/9229 2285/3624/9230
f 4189/3868/9231 4166/4756/9231 4205/3869/9231
f 4639/4757/9232 4193/4744/9232 4191/4758/9232
f 4190/4736/9233 4194/1165/9233 4186/1164/9233
f 4198/4747/9234 4189/3868/9234 4188/4740/9234
f 4209/4750/9235 4456/4749/9235 4208/4759/9235
f 4770/2608/9236 1348/2492/9236 1437/2441/9237 1423/2440/9237
f 4644/4760/9238 4756/4761/9239 4607/4762/9240 4611/601/9241
f 4166/4756/9242 4189/3868/9242 4182/4729/9242
f 2865/1857/9243 2861/4016/9244 2867/2764/9245 2635/1858/9246
f 4203/4738/9247 4195/4746/9247 4202/4739/9247
f 4195/4763/9248 4203/1905/9248 4194/1165/9248
f 4204/4748/9249 4209/4750/9249 4203/4738/9249
f 4201/1901/9250 4199/1903/9250 4200/1902/9250
f 4207/3647/9251 4204/4748/9251 4187/3648/9251
f 4579/4742/9252 4190/4736/9252 4578/4733/9252
f 4201/1901/9253 4764/1904/9253 4199/1903/9253
f 4195/4763/9254 4194/1165/9254 4190/4736/9254
f 4764/1904/9255 4201/1901/9255 4206/1900/9255
f 4204/4748/9256 4207/3647/9256 4456/4749/9256
f 4193/4755/9257 4195/4763/9257 4190/4736/9257
f 4204/4748/9258 4203/4738/9258 4187/3648/9258
f 3133/4210/9259 3131/4216/9260 3126/4218/9260 3132/4184/9259
f 4188/4740/9261 4210/3649/9261 4187/3648/9261
f 4198/4747/9262 4196/4741/9262 4189/3868/9262
f 2637/2781/9263 2672/2951/9264 2663/1860/9264 2274/3611/9263
f 904/1890/9265 893/1876/9265 956/1943/9266 922/1920/9267
f 4238/3601/9268 4257/4764/9268 4211/3602/9268
f 4225/3422/9269 4219/4765/9269 4374/4766/9269
f 4228/4767/9270 4257/3273/9270 3902/3276/9270
f 4264/4768/9271 4244/4123/9271 4220/4122/9271
f 4282/4769/9272 4214/880/9272 4216/3404/9272
f 4236/4770/9273 4260/2176/9273 4248/4771/9273
f 4228/4767/9274 3902/3276/9274 4227/4584/9274
f 4214/880/9275 4282/4769/9275 4213/881/9275
f 4424/3842/9276 4447/3841/9277 4425/4772/9278 4428/3525/9278 4382/4773/9279
f 4266/4223/9280 4229/4632/9280 4234/4224/9280
f 4366/3420/9281 4226/4526/9281 4215/883/9281
f 4215/883/9282 4226/4526/9282 4243/879/9282
f 4218/3966/9283 4217/4774/9283 4232/4622/9283
f 4282/4775/9284 4216/1763/9284 3891/4617/9284
f 4233/4776/9285 4289/4777/9285 4217/4778/9285
f 2256/3561/9286 2202/974/9286 363/976/9287 2280/708/9288 2255/707/9289 2254/3459/9289
f 4282/4769/9290 4289/4777/9290 4213/881/9290
f 4219/4765/9291 4290/4779/9291 4374/4766/9291
f 4281/3801/9292 4282/4775/9292 3891/4617/9292
f 4264/4768/9293 4274/4780/9293 4244/4123/9293
f 4646/3188/9294 4573/4781/9294 4571/4782/9295 4596/729/9295
f 1737/3022/9296 1859/88/9296 1718/87/9297
f 4240/4783/9298 4248/4771/9298 4212/2179/9298
f 4214/880/9299 4243/879/9299 4216/3404/9299
f 4292/440/9300 4285/4784/9300 4249/2218/9300
f 4241/981/9301 4222/984/9301 4236/4770/9301
f 4239/3421/9302 4230/983/9302 4225/3422/9302
f 4030/4667/9303 4023/2607/9304 4035/2606/9304 4021/4666/9303
f 4287/4785/9305 4231/1654/9305 4276/1653/9305
f 4223/4615/9306 4280/4786/9306 4253/4583/9306
f 4226/4526/9307 4224/3405/9307 4243/879/9307
f 4258/4178/9308 4288/4177/9308 4256/441/9308
f 596/1394/9309 820/1781/9310 830/663/9310 612/666/9309
f 1546/1847/9311 1544/2307/9311 1194/2266/9312 1223/2297/9313
f 4299/3423/9314 4225/3422/9314 4374/4766/9314
f 4675/3855/9315 4676/3858/9315 4625/2207/9316 4516/725/9316
f 4366/3420/9317 4367/4525/9317 4226/4526/9317
f 4261/4631/9318 4290/4779/9318 4219/4765/9318
f 4266/4223/9319 4228/4767/9319 4227/4584/9319
f 4229/4632/9320 4251/4633/9320 4234/4224/9320
f 4213/881/9321 4289/4777/9321 4284/882/9321
f 4266/4223/9322 4280/4786/9322 4229/4632/9322
f 1840/3111/9323 1574/262/9323 1815/2872/9324 1841/791/9324
f 4272/982/9325 4270/2220/9325 4230/983/9325
f 4231/1654/9326 4274/4780/9326 4234/1655/9326
f 4289/4777/9327 4233/4776/9327 4250/2178/9327
f 4230/983/9328 4265/3203/9328 4222/984/9328
f 3898/3968/9329 4247/3967/9329 4232/4622/9329
f 4233/4776/9330 4238/3601/9330 4250/2178/9330
f 1217/859/9331 1486/858/9331 193/532/9332 1204/459/9332
f 4264/4768/9333 4220/4122/9333 4211/3602/9333
f 4274/4780/9334 4235/4787/9334 4234/1655/9334
f 4222/984/9335 4265/3203/9335 4236/4770/9335
f 3400/4390/9336 1076/1035/9336 3361/2113/9337 3353/4354/9337
f 4272/982/9338 4246/4788/9338 4249/2218/9338
f 3603/3794/9339 3583/753/9340 3586/752/9340 3582/756/9339
f 4438/4789/9341 4242/2589/9342 4444/2591/9343 4445/948/9344
f 4241/981/9345 4240/4783/9345 4255/3872/9345
f 4248/4771/9346 4260/2176/9346 4212/2179/9346
f 1170/2134/9347 1094/2138/9348 1061/2073/9348 1095/2079/9347
f 4287/4785/9349 4288/4177/9349 4231/1654/9349
f 4751/4790/9350 4756/4761/9351 4644/4760/9351 4733/4791/9352
f 4245/439/9353 4478/2864/9353 4292/440/9353
f 4246/4788/9354 4272/982/9354 4241/981/9354
f 4271/4792/9355 4235/4787/9355 4264/4768/9355
f 3754/2118/9356 3715/670/9356 3742/1023/9357 3769/4566/9357
f 4247/3967/9358 4218/3966/9358 4232/4622/9358
f 4218/3966/9359 4237/3569/9359 4217/4774/9359
f 4252/442/9360 4287/4785/9360 4276/1653/9360
f 4724/4793/9361 4525/4794/9361 4669/2466/9362 4510/4795/9362
f 4292/440/9363 4478/2864/9363 4285/4784/9363
f 4270/2220/9364 4261/4631/9364 4219/4765/9364
f 4437/2865/9365 4478/2864/9365 4245/439/9365
f 4241/981/9366 4236/4770/9366 4248/4771/9366
f 4249/2218/9367 4246/4788/9367 4255/3872/9367
f 2749/3925/9368 2612/2282/9369 4840/3477/9370 2730/1253/9371 2735/3926/9372
f 2667/3870/9373 2671/3836/9374 2655/476/9375 2654/3875/9376
f 4829/1254/9377 4841/4083/9377 2737/1255/9378
f 4287/4785/9379 4252/442/9379 4256/441/9379
f 4217/4774/9380 4282/4775/9380 4232/4622/9380
f 4253/4583/9381 4266/4223/9381 4227/4584/9381
f 4270/2220/9382 4254/2219/9382 4261/4631/9382
f 4221/4121/9383 4256/441/9383 4255/3872/9383
f 4236/4770/9384 4265/3203/9384 4284/882/9384
f 4231/1654/9385 4288/4177/9385 4274/4780/9385
f 4280/4786/9386 4278/4796/9386 4229/4632/9386
f 4237/3569/9387 4233/3568/9387 4217/4774/9387
f 4255/3872/9388 4240/4783/9388 4220/4122/9388
f 4221/4121/9389 4258/4178/9389 4256/441/9389
f 4257/4764/9390 4271/4792/9390 4211/3602/9390
f 4220/4122/9391 4212/2179/9391 4211/3602/9391
f 4271/4792/9392 4264/4768/9392 4211/3602/9392
f 4240/4783/9393 4241/981/9393 4248/4771/9393
f 4285/4784/9394 4472/4797/9394 4249/2218/9394
f 4246/4788/9395 4241/981/9395 4255/3872/9395
f 4235/4787/9396 4274/4780/9396 4264/4768/9396
f 4225/3422/9397 4270/2220/9397 4219/4765/9397
f 4273/2590/9398 4252/442/9398 4276/1653/9398
f 4279/3708/9399 4273/2590/9399 4276/1653/9399
f 4280/4786/9400 4266/4223/9400 4253/4583/9400
f 4261/4631/9401 4275/4798/9401 4290/4779/9401
f 4252/442/9402 4242/2589/9402 4245/439/9402
f 4290/4779/9403 4291/4799/9403 4374/4766/9403
f 4220/4122/9404 4240/4783/9404 4212/2179/9404
f 4286/4800/9405 4359/2788/9405 4262/4630/9405
f 4450/3434/9406 4269/4801/9406 4267/652/9406
f 4230/983/9407 4270/2220/9407 4225/3422/9407
f 4228/4767/9408 4271/4222/9408 4257/3273/9408
f 4237/3569/9409 4218/3966/9409 3901/3275/9409
f 989/1998/9410 1016/1977/9410 978/1979/9411 986/318/9411
f 4274/4780/9412 4288/4177/9412 4244/4123/9412
f 4262/4630/9413 4275/4798/9413 4261/4631/9413
f 4260/2176/9414 4236/4770/9414 4284/882/9414
f 4259/2177/9415 4260/2176/9415 4284/882/9415
f 4266/4223/9416 4271/4222/9416 4228/4767/9416
f 4269/4801/9417 4279/3708/9417 4267/652/9417
f 4279/3708/9418 4277/3707/9418 4267/652/9418
f 228/607/9419 3864/624/9419 221/597/9419
f 4229/4632/9420 4278/4796/9420 228/607/9420
f 4279/3708/9421 4269/4801/9421 4389/3896/9421
f 4278/4796/9422 3864/624/9422 228/607/9422
f 4278/4796/9423 4280/4786/9423 4223/4615/9423
f 4232/4622/9424 4282/4775/9424 4281/3801/9424
f 4359/2788/9425 4275/4798/9425 4262/4630/9425
f 4359/2788/9426 4291/4799/9426 4275/4798/9426
f 4259/2177/9427 4289/4777/9427 4250/2178/9427
f 4289/4777/9428 4259/2177/9428 4284/882/9428
f 4008/4370/9429 3978/4655/9430 3993/4659/9431 3975/4371/9429
f 4478/2864/9432 4472/4797/9432 4285/4784/9432
f 4286/4800/9433 4485/2789/9433 4359/2788/9433
f 4286/4800/9434 4262/4630/9434 4263/4624/9434
f 4288/4177/9435 4287/4785/9435 4256/441/9435
f 4217/4778/9436 4289/4777/9436 4282/4769/9436
f 4278/4796/9437 4223/4615/9437 3864/624/9437
f 4275/4798/9438 4291/4799/9438 4290/4779/9438
f 4298/3221/9439 4338/3220/9439 4293/4802/9439
f 4338/3220/9440 4296/2763/9440 86/236/9440
f 4295/3818/9441 1890/1305/9441 1880/1307/9441
f 4293/4802/9442 86/236/9442 4297/217/9442
f 4331/2797/9443 4315/4803/9443 4302/2485/9443
f 4320/2129/9444 4339/4804/9444 4327/2130/9444
f 4304/3232/9445 4303/2486/9445 4294/208/9445
f 4350/4805/9446 4486/4806/9446 4319/4807/9446
f 4338/3220/9447 4301/2978/9447 4296/2763/9447
f 1807/3097/9448 1810/3099/9448 1805/3024/9449 1803/2448/9449
f 4298/3221/9450 4293/4802/9450 4297/217/9450
f 4293/4802/9451 4338/3220/9451 86/236/9451
f 3874/4808/9452 4328/2954/9452 4348/4809/9452
f 4303/2486/9453 4304/3232/9453 4349/2487/9453
f 136/310/9454 128/302/9455 23/90/9455 118/303/9454
f 4316/4810/9456 4301/2978/9456 4338/3220/9456
f 4303/2486/9457 4302/2485/9457 4298/3221/9457
f 4344/2127/9458 4345/4731/9458 4348/4809/9458
f 753/1522/9459 733/1647/9460 752/1492/9460 758/1236/9459
f 4041/3479/9461 4044/4680/9462 4054/4679/9462 4057/4682/9463 4050/4249/9463
f 2345/547/9464 2227/546/9465 2344/3645/9465 2342/3465/9464
f 4308/4293/9466 4309/3219/9466 4351/3822/9466
f 4308/4293/9467 4305/4292/9467 4339/4804/9467
f 4316/4810/9468 4306/2975/9468 4301/2978/9468
f 62/189/9469 183/182/9470 58/502/9471 182/1447/9471
f 4307/4811/9472 4300/2977/9472 4312/2976/9472
f 4300/2977/9473 4307/4811/9473 620/1432/9473
f 900/2039/9474 899/1865/9474 924/1867/9475 891/1875/9475
f 3388/2743/9476 3454/4379/9477 3409/1405/9478 3417/4357/9476
f 4294/208/9479 4303/2486/9479 4297/217/9479
f 4305/4292/9480 4330/4294/9480 4327/2130/9480
f 120/308/9481 116/154/9481 127/153/9482 122/328/9483 121/311/9483
f 691/1496/9484 656/510/9485 690/1494/9485 671/1573/9486 706/1623/9487
f 4317/2727/9488 4313/4812/9488 4312/2976/9488
f 2384/3654/9489 2390/3652/9490 1944/3367/9491 2103/4813/9492
f 4314/3819/9493 4295/3818/9493 1880/1307/9493
f 4315/4803/9494 4351/3822/9494 4302/2485/9494
f 4300/2977/9495 620/1432/9495 4296/2763/9495
f 1875/1284/9496 3853/3217/9496 4365/1285/9496
f 4124/4225/9497 4131/3113/9497 4118/3112/9498
f 4419/3824/9499 4353/2346/9499 4319/4807/9499
f 4303/2486/9500 4298/3221/9500 4297/217/9500
f 4324/4605/9501 4323/1069/9501 4380/1068/9501
f 4343/1448/9502 4326/4620/9502 4325/1449/9502
f 4334/4284/9503 4368/4814/9503 4346/4282/9503
f 555/1256/9504 441/1140/9504 460/1184/9505 449/1161/9506
f 4363/4815/9507 4364/4816/9507 4342/3288/9507
f 4339/4804/9508 4305/4292/9508 4327/2130/9508
f 4354/2728/9509 4332/2128/9509 4328/2954/9509
f 4352/1770/9510 4329/4604/9510 839/1739/9510
f 4333/2725/9511 4326/4620/9511 4343/1448/9511
f 4318/2796/9512 4351/3822/9512 4331/2797/9512
f 4486/4806/9513 4419/3824/9513 4319/4807/9513
f 4198/4747/9514 4202/4739/9514 4192/4745/9515 4196/4741/9515
f 2738/1987/9516 2733/1986/9517 2741/3917/9518 2737/1255/9519
f 4313/4812/9520 4321/2726/9520 4307/4811/9520
f 4295/3818/9521 4311/2795/9521 1890/1305/9521
f 4402/2230/9522 4476/4626/9523 4161/3622/9524 4160/3621/9525 4471/4817/9526 4407/4818/9527
f 4308/4293/9528 4351/3822/9528 4310/3821/9528
f 55/142/9529 29/100/9530 28/99/9531 51/161/9529
f 4824/2350/9532 3818/1127/9533 3814/3419/9534 4823/2826/9532
f 4328/2954/9535 4332/2128/9535 4348/4809/9535
f 4841/4083/9536 2612/2282/9537 2607/2281/9538
f 4335/4819/9539 4343/1448/9539 621/1451/9539
f 4317/2727/9540 4306/2975/9540 4320/2129/9540
f 4368/4814/9541 4334/4284/9541 4326/4620/9541
f 4340/4283/9542 814/205/9542 840/1428/9542
f 4347/1926/9543 4337/1925/9543 3916/3403/9543
f 4364/4820/9544 4314/3819/9544 1880/1307/9544
f 4351/3822/9545 4309/3219/9545 4302/2485/9546
f 4325/1449/9547 4334/4284/9547 840/1428/9547
f 4370/4821/9548 4329/4604/9548 4352/1770/9548
f 4331/2797/9549 4351/3822/9549 4315/4803/9549
f 4318/2796/9550 4311/2795/9550 4295/3818/9550
f 4301/2978/9551 4300/2977/9551 4296/2763/9551
f 4340/4283/9552 4370/4821/9552 4352/1770/9552
f 4341/4822/9553 4375/2790/9553 4350/4805/9553
f 4341/4822/9554 4377/2787/9554 4375/2790/9554
f 4326/4620/9555 4334/4284/9555 4325/1449/9555
f 1960/3777/9556 2494/3776/9557 2515/3315/9557 2510/3318/9556
f 4335/4819/9558 4333/2725/9558 4343/1448/9558
f 4345/4731/9559 4344/2127/9559 4355/3820/9559
f 4368/4814/9560 4360/4578/9560 4346/4282/9560
f 4332/2128/9561 4344/2127/9561 4348/4809/9561
f 839/1739/9562 4329/4604/9562 4408/1740/9562
f 4362/4823/9563 4350/4805/9563 4319/4807/9563
f 1824/2892/9564 1823/2970/9565 1825/2417/9566 1826/2745/9567
f 4331/2797/9568 4302/2485/9568 1890/1305/9568
f 4369/111/9569 4378/110/9569 4367/4525/9569
f 4340/4283/9570 4352/1770/9570 814/205/9570
f 4353/2346/9571 4362/4823/9571 4319/4807/9571
f 448/344/9572 529/1183/9573 3913/1751/9574 3904/345/9574
f 4307/4811/9575 4321/2726/9575 4361/4824/9575
f 4356/2347/9576 4353/2346/9577 4324/4605/9578 4329/4604/9579 4370/4821/9580 4360/4578/9580
f 627/1444/9581 725/1455/9582 704/1555/9583 735/1445/9583
f 4359/2788/9584 4377/2787/9584 4291/4799/9584
f 4345/4731/9585 3833/4730/9585 4348/4809/9585
f 204/139/9586 33/132/9586 31/134/9587 68/140/9587
f 4307/4811/9588 4361/4824/9588 620/1432/9588
f 3234/4270/9589 3269/4302/9589 3230/4263/9590 3226/4262/9590
f 4328/2954/9591 3874/4808/9591 3917/2955/9591
f 4321/2726/9592 4333/2725/9592 4335/4819/9592
f 4314/3819/9593 4363/4825/9593 3833/4730/9593
f 4363/4815/9594 4342/3288/9594 3833/4546/9594
f 4342/3288/9595 4364/4816/9595 4365/1285/9595
f 4364/4820/9596 4363/4825/9596 4314/3819/9596
f 4323/1069/9597 4324/4605/9597 4353/2346/9597
f 3655/4465/9598 3635/3664/9599 3752/1734/9600 3778/4503/9601
f 4365/1285/9602 4364/4816/9602 1880/1286/9602
f 4373/2345/9603 4372/4826/9603 4362/4823/9603
f 4381/4579/9604 4368/4814/9604 4326/4620/9604
f 4376/106/9605 4369/111/9605 4299/3423/9605
f 3016/4140/9606 3042/4142/9607 3043/3701/9608 3037/3700/9608
f 4419/3824/9609 4323/1069/9609 4353/2346/9609
f 4702/4342/9610 4179/3137/9611 4683/4722/9610
f 4371/107/9612 4373/2345/9612 4357/108/9612
f 4373/2345/9613 4376/106/9613 4372/4826/9613
f 172/456/9614 197/519/9615 162/147/9614
f 4371/107/9616 4376/106/9616 4373/2345/9616
f 4381/4579/9617 4360/4578/9617 4368/4814/9617
f 4372/4826/9618 4376/106/9618 4374/4766/9618
f 4350/4805/9619 4375/2790/9619 4486/4806/9619
f 1384/3364/9620 1402/2692/9621 1434/826/9622 297/712/9623
f 4376/106/9624 4299/3423/9624 4374/4766/9624
f 4378/110/9625 4379/3402/9625 4367/4525/9625
f 4321/2726/9626 4313/4812/9626 4317/2727/9626
f 4313/4812/9627 4307/4811/9627 4312/2976/9627
f 4377/2787/9628 4341/4822/9628 4291/4799/9628
f 4361/4824/9629 621/1451/9629 620/1432/9629
f 2237/2535/9630 2218/2234/9631 2257/3496/9631 2288/3442/9630
f 4291/4799/9632 4372/4826/9632 4374/4766/9632
f 4358/109/9633 4379/3402/9633 4378/110/9633
f 4373/2345/9634 4362/4823/9634 4353/2346/9634
f 4362/4823/9635 4341/4822/9635 4350/4805/9635
f 4357/108/9636 4381/4579/9636 4336/1927/9636
f 4488/4827/9637 4491/4828/9637 4482/1202/9637
f 4468/4829/9638 4382/4773/9638 4396/1300/9638
f 1907/1936/9639 1902/1935/9639 1904/3123/9640 1906/3122/9640
f 4309/3219/9641 4308/4293/9642 4339/4804/9643 4320/2129/9643 4306/2975/9644 4316/4810/9645 4338/3220/9646
f 4401/1301/9647 4445/948/9647 4444/2591/9647
f 3880/4576/9648 3858/4613/9649 3897/3952/9650 3832/4596/9651
f 4472/4797/9652 4254/2219/9652 4249/2218/9652
f 3863/1281/9653 3858/4613/9654 3872/4330/9654 3946/1282/9653
f 4242/2589/9655 4438/4789/9655 4245/439/9655
f 4465/4830/9656 4453/4728/9656 4467/1771/9656
f 4658/4831/9657 4659/3038/9658 4597/4832/9659 4563/4833/9660 4564/4834/9661 4556/1095/9662
f 4402/2230/9663 4407/4818/9663 4423/776/9663
f 4390/3522/9664 4446/4013/9664 4484/3523/9664
f 4392/2863/9665 4391/1201/9665 4383/1200/9665
f 4409/4835/9666 4479/3646/9666 4393/3787/9666
f 4802/4107/9667 4394/1909/9667 4384/4103/9667
f 4394/1909/9668 4802/4107/9668 4759/1965/9668
f 4468/4829/9669 4398/1299/9669 4382/4773/9669
f 4439/4836/9670 4395/4837/9670 4407/4818/9670
f 4428/3525/9671 4452/3524/9671 4396/1300/9671
f 4370/4821/9672 4340/4283/9673 4346/4282/9674 4360/4578/9674
f 379/940/9675 349/920/9676 413/973/9677 2134/960/9677
f 582/1351/9678 575/331/9678 565/1354/9679 579/1352/9680
f 1393/2666/9681 1394/2555/9682 1374/874/9682 1349/877/9681
f 4399/1066/9683 4395/4837/9683 4439/4836/9683
f 4420/1067/9684 4399/1066/9684 4439/4836/9684
f 4466/4838/9685 4400/4839/9685 4471/4817/9685
f 2513/3782/9686 2398/3666/9686 2493/3767/9687 2501/3770/9687
f 1695/2364/9688 1696/2908/9688 1648/2920/9689 1699/2963/9690
f 910/1891/9691 905/1880/9692 935/1881/9693 954/1930/9691
f 1592/2820/9694 1558/2840/9695 1548/2834/9696 1801/2873/9697 1554/2818/9697
f 4428/3525/9698 4425/4772/9698 4390/3522/9698
f 4433/3843/9699 4441/4840/9699 4403/4841/9699
f 1054/2035/9700 1031/2048/9701 1032/2034/9702 1021/1695/9703
f 4426/4842/9704 4405/4012/9704 4208/4759/9705 4456/4749/9705
f 4424/3842/9706 4406/4843/9706 4433/3843/9706
f 1828/2009/9707 1825/2417/9708 1248/2370/9708 1274/2380/9707
f 4401/1301/9709 4443/631/9709 4445/948/9709
f 4453/4728/9710 4465/4830/9710 4151/1027/9710
f 4493/4844/9711 4411/1203/9711 4491/4828/9711
f 4407/4818/9712 4395/4837/9712 4423/776/9712
f 4440/4845/9713 4465/4830/9713 4408/1740/9713
f 4790/4161/9714 2537/3797/9715 2542/3505/9716 2441/2991/9717 1704/2748/9717
f 4475/4846/9718 4493/4844/9718 4459/4676/9718
f 2007/3365/9719 1991/3286/9719 2032/3347/9720 1986/2634/9721
f 4466/4838/9722 4440/4845/9722 4400/4839/9722
f 4491/4828/9723 4411/1203/9723 4482/1202/9723
f 4431/4847/9724 4417/4752/9724 4413/4104/9724
f 4480/3897/9725 4444/2591/9725 4273/2590/9725
f 4422/4848/9726 4412/4849/9726 4452/3524/9726
f 4415/2762/9727 4477/4625/9727 4462/2231/9727
f 4422/4848/9728 4452/3524/9728 4484/3523/9728
f 4384/4103/9729 4431/4847/9729 4413/4104/9729
f 4380/1068/9730 4440/4845/9730 4408/1740/9730
f 294/679/9731 308/735/9731 312/678/9732 292/807/9732 257/680/9733
f 844/1784/9734 838/203/9735 828/206/9736 847/1783/9737
f 4414/3825/9738 4487/4850/9738 4436/777/9738
f 4470/4851/9739 4433/3843/9739 4388/4852/9739
f 4433/3843/9740 4406/4843/9740 4388/4852/9740
f 4639/4757/9741 4752/4853/9742 4506/4854/9742 4196/4741/9743 4192/4745/9743 4193/4744/9744
f 4412/4849/9745 4422/4848/9745 4427/4855/9745
f 4415/2762/9746 4418/4856/9746 4477/4625/9746
f 4431/4847/9747 4394/1909/9747 4386/1908/9747
f 4429/4753/9748 4431/4847/9748 4386/1908/9748
f 4418/4856/9749 4415/2762/9749 4397/4857/9749
f 2824/3195/9750 2785/3985/9751 3407/3990/9751 2835/3192/9750
f 1030/2047/9752 1336/1324/9752 1265/2046/9753 1027/2038/9753
f 4436/777/9754 4487/4850/9754 4459/4676/9754
f 4829/1254/9755 2730/1253/9756 4840/3477/9755
f 3149/2630/9757 3116/1134/9757 3199/4203/9758 3112/4202/9758
f 4416/4754/9759 4469/621/9759 4421/4751/9759
f 4406/4843/9760 4424/3842/9760 4388/4852/9760
f 902/992/9761 930/1928/9762 939/1915/9763 921/993/9764
f 4427/4855/9765 4426/4842/9765 4479/3646/9765
f 4446/4013/9766 4422/4848/9766 4484/3523/9766
f 4395/4837/9767 4399/1066/9767 4423/776/9767
f 4470/4851/9768 4441/4840/9768 4433/3843/9768
f 4409/4835/9769 4418/4856/9769 4479/3646/9769
f 4425/4772/9770 4447/3841/9770 4390/3522/9770
f 3055/3637/9771 3050/3636/9771 3038/4119/9772 3011/103/9772
f 4405/4012/9773 4426/4842/9773 4404/4858/9773
f 681/1598/9774 750/181/9774 640/1490/9775 742/1633/9775
f 4404/4858/9776 4426/4842/9776 4427/4855/9776
f 4682/4147/9777 4685/2538/9777 4673/1757/9778 4558/4859/9778
f 4454/4860/9779 4418/4856/9779 4397/4857/9779
f 4403/3609/9780 4429/4753/9780 4386/1908/9780
f 4420/1067/9781 4430/4861/9781 4380/1068/9781
f 4394/1909/9782 4431/4847/9782 4384/4103/9782
f 4470/4851/9783 4388/4852/9783 4435/257/9783
f 4431/4847/9784 4429/4753/9784 4417/4752/9784
f 4432/3607/9785 4386/1908/9785 4208/1907/9785
f 4434/3844/9786 4433/3843/9786 4403/4841/9786
f 3226/4262/9787 3225/4170/9787 3256/4266/9788 3257/4259/9788
f 4411/1203/9789 4392/2863/9789 4383/1200/9789
f 4455/4862/9790 4470/4851/9790 4435/257/9790
f 4465/4830/9791 4466/4838/9791 4151/1027/9791
f 4438/4789/9792 4437/2865/9792 4245/439/9792
f 4440/4845/9793 4430/4861/9793 4400/4839/9793
f 4430/4861/9794 4420/1067/9794 4439/4836/9794
f 4430/4861/9795 4440/4845/9795 4380/1068/9795
f 4460/4863/9796 4475/4846/9796 4459/4676/9796
f 4470/4864/9797 4429/4753/9797 4441/4865/9797
f 807/363/9798 767/851/9799 203/544/9800 795/1673/9801 763/364/9802
f 4448/4011/9803 4432/4866/9803 4405/4012/9803
f 2271/1964/9804 2216/3597/9805 2293/3543/9805 2211/3563/9804
f 4400/4839/9806 4439/4836/9806 4407/4818/9806
f 185/379/9807 88/187/9808 195/395/9809 156/443/9810
f 4400/4839/9811 4430/4861/9811 4439/4836/9811
f 4432/4866/9812 4448/4011/9812 4434/3844/9812
f 4452/3524/9813 4412/4849/9813 4451/628/9813
f 4473/947/9814 4438/4789/9814 4445/948/9814
f 4488/4827/9815 4463/4867/9815 4491/4828/9815
f 4387/654/9816 4449/651/9816 241/650/9816
f 1192/2264/9817 1606/2271/9818 1223/2297/9818 1195/2265/9819
f 4416/4868/9820 4455/4869/9820 4410/4870/9820
f 4453/4728/9821 842/1776/9821 4467/1771/9821
f 4429/4753/9822 4455/4871/9822 4416/4754/9822
f 4418/4856/9823 4454/4860/9823 4479/3646/9823
f 4435/257/9824 4388/4852/9824 4387/654/9824
f 4442/627/9825 4443/631/9825 4401/1301/9825
f 4410/256/9826 4455/4862/9826 4435/257/9826
f 4269/4801/9827 4450/3434/9827 4389/3896/9827
f 4207/3647/9828 4426/4842/9828 4456/4749/9828
f 4441/4865/9829 4429/4753/9829 4403/3609/9829
f 4405/4012/9830 4432/4866/9830 4208/4759/9830
f 4415/2762/9831 4492/4872/9831 4397/4857/9831
f 4493/4844/9832 4475/4846/9832 4263/4624/9832
f 4476/4626/9833 4409/4835/9833 4393/3787/9833
f 4466/4838/9834 4471/4817/9834 4167/1028/9834
f 4480/3897/9835 4457/1302/9835 4444/2591/9835
f 4472/4797/9836 4458/4623/9836 4254/2219/9836
f 4487/4850/9837 4460/4863/9837 4459/4676/9837
f 4464/629/9838 4463/4867/9838 4488/4827/9838
f 4440/4845/9839 4466/4838/9839 4465/4830/9839
f 4465/4830/9840 4467/1771/9840 4408/1740/9840
f 4398/1299/9841 4468/4829/9841 4396/1300/9841
f 4455/4871/9842 4429/4753/9842 4470/4864/9842
f 4400/4839/9843 4407/4818/9843 4471/4817/9843
f 4392/2863/9844 4458/4623/9844 4472/4797/9844
f 4460/4863/9845 4375/2790/9845 4485/2789/9845
f 4151/1027/9846 4466/4838/9846 4167/1028/9846
f 4463/4867/9847 4490/774/9847 4483/4675/9847
f 1882/3196/9848 1876/213/9849 182/1447/9850 1892/4569/9851
f 4438/4789/9852 4473/947/9852 4437/2865/9852
f 4458/4623/9853 4392/2863/9853 4411/1203/9853
f 1802/2016/9854 1792/821/9855 1837/3091/9856 1801/2873/9857
f 4421/4751/9858 4469/621/9858 19/623/9858
f 4475/4846/9859 4460/4863/9859 4485/2789/9859
f 4375/2790/9860 4460/4863/9860 4486/4806/9860
f 844/1784/9861 834/1744/9861 837/1743/9862 838/203/9862
f 4473/947/9863 4474/946/9863 4391/1201/9863
f 4475/4846/9864 4286/4800/9864 4263/4624/9864
f 4451/628/9865 4412/4849/9865 4464/629/9865
f 4426/4842/9866 4207/3647/9866 4479/3646/9866
f 4474/946/9867 4443/631/9867 4489/630/9867
f 3235/2186/9868 3227/2185/9868 3226/4262/9869 3257/4259/9869
f 4391/1201/9870 4474/946/9870 4482/1202/9870
f 4457/1302/9871 4401/1301/9871 4444/2591/9871
f 4412/4849/9872 4492/4872/9872 4464/629/9872
f 4463/4867/9873 4483/4675/9873 4491/4828/9873
f 4382/4773/9874 4428/3525/9874 4396/1300/9874
f 4474/946/9875 4488/4827/9875 4482/1202/9875
f 4475/4846/9876 4485/2789/9876 4286/4800/9876
f 4460/4863/9877 4487/4850/9877 4486/4806/9877
f 4474/946/9878 4489/630/9878 4488/4827/9878
f 4463/4867/9879 4492/4872/9879 4490/774/9879
f 4492/4872/9880 4463/4867/9880 4464/629/9880
f 4490/774/9881 4492/4872/9881 4415/2762/9881
f 4411/1203/9882 4493/4844/9882 4263/4624/9882
f 4473/947/9883 4391/1201/9883 4437/2865/9883
f 4392/2863/9884 4472/4797/9884 4478/2864/9884
f 4399/1066/9885 4323/1069/9885 4419/3824/9885
f 4492/4872/9886 4412/4849/9886 4397/4857/9886
f 4489/630/9887 4464/629/9887 4488/4827/9887
f 4494/1758/9888 4677/723/9888 4612/726/9888
f 1043/2056/9889 1035/2054/9890 1050/2053/9891 1028/2042/9892
f 4545/4574/9893 4657/4873/9893 4592/1269/9893
f 4539/910/9894 4501/4674/9894 4627/1549/9894
f 4775/4874/9895 4614/4875/9895 4658/4831/9895
f 4717/3935/9896 4520/4876/9896 4503/3936/9896
f 4745/4337/9897 4678/4524/9897 4710/4877/9897
f 4594/1213/9898 4635/1098/9899 4600/4878/9900 4632/4879/9901
f 255/661/9902 427/662/9902 213/619/9903 229/529/9903
f 4502/4880/9904 4727/4881/9904 4520/4876/9904
f 4577/4721/9905 4660/4882/9905 4576/4883/9905
f 2064/3396/9906 2059/3398/9906 2027/3291/9907 1946/3290/9908 1980/3182/9908
f 4336/1927/9909 4333/2725/9910 4354/2728/9911 4322/1924/9911
f 4736/4884/9912 4650/4885/9912 4660/4882/9912
f 2846/3996/9913 2806/3363/9913 2812/3998/9914 2803/3995/9914
f 3681/4500/9915 3700/4522/9916 3713/3168/9917 3786/4501/9918
f 1685/2986/9919 1681/2898/9919 1703/415/9920 1700/2916/9920
f 4560/3083/9921 4533/2827/9921 3808/2508/9921
f 4526/3164/9922 4543/4886/9922 4707/4673/9922
f 4703/4887/9923 4619/241/9923 4508/4888/9923
f 4667/4889/9924 4727/4881/9924 4502/4880/9924
f 4514/4890/9925 4738/4891/9925 4568/4892/9925
f 4648/4893/9926 4654/3528/9926 4653/4577/9926
f 4505/4894/9927 4504/572/9927 4503/4895/9927
f 4536/1212/9928 4638/1214/9929 4729/4896/9930 4574/4005/9930
f 4649/3109/9931 667/1278/9931 648/1511/9931
f 4593/2537/9932 4706/2504/9932 4689/3085/9932
f 4506/4854/9933 4692/4897/9933 4164/4723/9933
f 1093/2152/9934 1162/2131/9935 1066/2075/9935 1130/2189/9934
f 4507/4898/9936 4689/3085/9936 4707/4673/9936
f 4743/2208/9937 4624/4899/9937 4699/4343/9937
f 4660/4882/9938 4650/4885/9938 4576/4883/9938
f 4644/4760/9939 4611/601/9939 4708/3669/9939
f 4509/2758/9940 4703/4887/9940 4508/4888/9940
f 4510/4795/9941 4631/4900/9941 4587/4901/9941
f 2275/3631/9942 2187/3436/9942 2137/3438/9943 3023/3456/9943
f 4532/4734/9944 4513/909/9944 4512/912/9944
f 4615/1922/9945 4598/4902/9945 4498/2003/9945
f 4597/4832/9946 4598/4902/9946 4514/4890/9946
f 4515/4903/9947 4688/4904/9947 4781/4905/9947
f 4598/4902/9948 4615/1922/9948 4738/4891/9948
f 1231/2335/9949 1249/2217/9949 1250/2329/9950 1230/2319/9950
f 4634/4906/9951 4625/2207/9951 4676/3858/9951
f 4553/1094/9952 4610/4907/9952 4556/1095/9952
f 4516/725/9953 4681/4086/9953 4612/726/9953
f 1035/2054/9954 913/990/9954 910/1891/9955 926/4553/9956
f 4598/4902/9957 4530/3041/9957 4498/2003/9957
f 4520/4908/9958 4505/4894/9958 4503/4895/9958
f 4665/4909/9959 4696/4910/9959 1077/252/9959
f 4536/1212/9960 4811/4911/9960 4553/1094/9960
f 4078/4333/9961 550/1156/9962 477/906/9963 439/908/9964
f 4511/2824/9965 4659/3038/9965 4658/4831/9965
f 4599/4912/9966 4591/1836/9966 4653/4577/9966
f 4723/4079/9967 4523/4082/9967 4522/4100/9967
f 4696/4910/9968 4716/2153/9968 1077/252/9968
f 4636/3131/9969 4524/1487/9969 4754/1486/9969
f 4525/4794/9970 4702/4342/9970 4683/4722/9970
f 4566/2468/9971 4712/2467/9971 4667/4889/9971
f 4527/3165/9972 4526/3164/9972 4707/4673/9972
f 4629/600/9973 4529/4077/9973 4528/4076/9973
f 4603/4913/9974 4541/1835/9974 4767/4914/9974
f 4179/3137/9975 4159/4396/9976 4181/4397/9976 4683/4722/9975
f 4521/4006/9977 4811/4911/9977 4536/1212/9977
f 4534/3527/9978 4604/3526/9978 4686/4915/9978
f 1384/3364/9979 1395/2573/9980 1467/2665/9981 1471/2660/9982 1402/2692/9982
f 4517/3230/9983 4551/4916/9983 4578/4733/9983
f 410/1607/9984 419/1019/9984 395/927/9985 754/1667/9985
f 4601/4917/9986 4606/598/9986 4651/571/9986
f 4518/3229/9987 4731/1488/9987 4531/4634/9987
f 4726/4918/9988 4532/4734/9988 4178/4726/9988
f 4533/2827/9989 4823/2826/9989 3808/2508/9989
f 3044/4244/9990 2997/4130/9990 2981/4111/9991 3169/4110/9992
f 4702/4342/9993 4613/4572/9993 4699/4343/9993
f 4667/4889/9994 4502/4880/9994 4717/3935/9994
f 4265/3203/9995 4230/983/9996 4239/3421/9997 4268/3204/9998
f 4556/1095/9999 4564/4834/9999 4514/4890/9999
f 4540/4732/10000 4746/4919/10000 4170/421/10000
f 2296/2452/10001 2259/3634/10002 2339/3614/10003 2354/3623/10004 2341/3555/10005
f 4409/4835/10006 4476/4626/10006 4477/4625/10007 4418/4856/10007
f 4726/4918/10008 4527/3165/10008 4513/909/10008
f 4556/1095/10009 4775/4874/10009 4658/4831/10009
f 4544/3856/10010 4507/4898/10010 4543/4886/10010
f 4561/240/10011 4509/2758/10011 4508/4888/10011
f 682/1632/10012 751/1637/10012 693/1465/10013 708/1464/10013
f 4505/4894/10014 4757/567/10014 4504/572/10014
f 4647/4920/10015 4554/4921/10015 4703/4887/10015
f 3100/3121/10016 3076/2690/10017 3099/1937/10018 1906/3122/10016
f 1277/2394/10019 1283/2412/10019 1284/2374/10020 1258/2373/10020
f 4546/4229/10021 4664/4735/10021 4545/4574/10021
f 4547/923/10022 4690/4085/10022 4587/4901/10022
f 4708/3669/10023 4497/239/10023 4710/4564/10023
f 4550/3163/10024 4549/3162/10024 4742/4081/10024
f 4548/569/10025 4551/4916/10025 4518/3229/10025
f 4459/4676/10026 4493/4844/10026 4491/4828/10027 4483/4675/10027
f 276/808/10028 303/762/10029 257/680/10030 292/807/10031 310/677/10032
f 3288/4318/10033 3315/1418/10033 3337/784/10034 3258/2566/10034
f 4651/571/10035 4741/4922/10035 4504/572/10035
f 4811/4911/10036 4778/4923/10036 4553/1094/10036
f 4565/4924/10037 4697/3039/10037 4560/3083/10037
f 4554/4921/10038 4586/4925/10038 4703/4887/10038
f 4518/3229/10039 4551/4916/10039 4517/3230/10039
f 4724/4793/10040 4613/4572/10040 4702/4342/10040
f 4555/479/10041 4655/2158/10041 4570/480/10041
f 4134/4718/10042 4107/4698/10043 4044/4680/10043 4041/3479/10042
f 4558/4859/10044 4674/1756/10044 4749/4926/10044
f 4597/4832/10045 4659/3038/10045 4530/3041/10045
f 3394/4000/10046 3424/645/10046 3372/3997/10047 2812/3998/10047
f 4701/4344/10048 4746/4919/10048 4540/4732/10048
f 4753/4927/10049 4560/3083/10049 3808/2508/10049
f 282/764/10050 301/813/10051 279/681/10051 270/765/10052
f 406/951/10053 417/950/10054 356/959/10054 407/1037/10053
f 4498/2003/10055 4565/4924/10055 3810/2507/10055
f 4562/1096/10056 4556/1095/10056 4514/4890/10056
f 4564/4834/10057 4563/4833/10057 4514/4890/10057
f 3810/2507/10058 4753/4927/10058 3808/2508/10058
f 4753/4927/10059 4565/4924/10059 4560/3083/10059
f 4663/3934/10060 4664/4735/10060 4566/2468/10060
f 4567/4928/10061 4559/724/10061 4677/723/10061
f 4586/4925/10062 4557/1097/10062 4562/1096/10062
f 6/18/10063 7/70/10064 19/71/10065 4/15/10066
f 4697/3039/10067 4659/3038/10067 4511/2824/10067
f 199/460/10068 1922/2286/10069 198/3185/10070 163/4929/10071 181/1782/10071 164/146/10072
f 4586/4925/10073 4562/1096/10073 4568/4892/10073
f 4182/4729/10074 4506/4854/10074 4164/4723/10074
f 4573/4781/10075 4572/3408/10075 4571/4782/10075
f 4388/4852/10076 4424/3842/10076 4382/4773/10077 4398/1299/10078 4481/1303/10079 4449/651/10079 4387/654/10080
f 1016/1977/10081 1013/2028/10082 1017/2032/10083 972/1978/10081
f 4562/1096/10084 4514/4890/10084 4568/4892/10084
f 4629/600/10085 4528/4076/10085 4611/601/10085
f 4712/2467/10086 4713/4930/10086 4727/4881/10086
f 4634/4906/10087 4550/3163/10087 4624/4899/10087
f 4585/4931/10088 4577/4721/10088 4576/4883/10088
f 4643/4932/10089 4579/4742/10090 4578/4733/10090 4551/4916/10091 4548/569/10091
f 4580/4933/10092 4621/4934/10092 4630/4180/10092
f 4581/3857/10093 4544/3856/10093 4543/4886/10093
f 4734/4146/10094 4682/4147/10094 4558/4859/10094
f 4555/479/10095 4582/482/10095 4736/4884/10095
f 4509/2758/10096 4647/4920/10096 4703/4887/10096
f 4749/4926/10097 4584/922/10097 4668/925/10097
f 4668/925/10098 4585/4931/10098 4650/4885/10098
f 4586/4925/10099 4704/4935/10099 4703/4887/10099
f 4661/1837/10100 4534/3527/10100 4686/4915/10100
f 4602/2209/10101 4744/4571/10101 4587/4901/10101
f 4630/4180/10102 4574/4005/10102 4729/4896/10102
f 4617/4936/10103 4620/2625/10103 4588/4336/10103
f 4711/1834/10104 4590/3130/10104 4767/4914/10104
f 1108/2161/10105 4709/2623/10105 1145/255/10105
f 81/199/10106 99/138/10106 84/209/10107 98/235/10107
f 4593/2537/10108 4700/2505/10108 4706/2504/10108
f 4594/1213/10109 4580/4933/10109 4638/1214/10109
f 1221/2238/10110 1209/2236/10111 1206/2306/10111
f 3374/4382/10112 3413/4395/10113 3450/4394/10113 3373/2620/10114
f 4052/4684/10115 4051/4580/10116 4053/4683/10116 4054/4679/10115
f 4558/4859/10117 4673/1757/10117 4674/1756/10117
f 4579/4742/10118 4752/4937/10118 4191/4743/10118
f 1745/3037/10119 1752/3055/10119 1751/3027/10120 1785/3051/10120
f 415/1050/10121 1133/1829/10122 1114/964/10123 403/963/10124
f 4554/4921/10125 4647/4920/10125 4635/1098/10125
f 4595/3040/10126 4565/4924/10126 4498/2003/10126
f 4636/3131/10127 4698/1839/10127 4687/1838/10127
f 4542/4179/10128 4648/4893/10128 4653/4577/10128
f 4645/728/10129 4646/3188/10129 4596/729/10129
f 516/1091/10130 562/704/10130 524/1053/10131 523/1210/10131
f 4598/4902/10132 4597/4832/10132 4530/3041/10132
f 4499/3186/10133 4748/727/10133 4747/1669/10133
f 4591/1836/10134 4599/4912/10134 4661/1837/10135
f 4534/3527/10136 4599/4912/10136 4654/3528/10136
f 4730/2757/10137 4600/4878/10137 4509/2758/10137
f 4600/4878/10138 4647/4920/10138 4509/2758/10138
f 4632/4879/10139 4600/4878/10139 4730/2757/10139
f 4663/3934/10140 4566/2468/10140 4717/3935/10140
f 4581/3857/10141 4634/4906/10141 4676/3858/10141
f 4816/4938/10142 4754/1486/10142 4694/4304/10142
f 4645/728/10143 4748/727/10143 4499/3186/10143
f 4601/4917/10144 4605/599/10144 4606/598/10145
f 696/1590/10146 4682/4147/10146 670/1591/10146
f 4730/2757/10147 4621/4934/10147 4580/4933/10147
f 1919/2724/10148 173/145/10148 165/144/10149 1921/1288/10150
f 2531/1563/10151 2546/1562/10151 2528/2276/10152 2536/2480/10153
f 1394/2555/10154 1393/2666/10155 1395/2573/10156 1380/2563/10157
f 4605/599/10158 4601/4917/10158 4604/3526/10158
f 1944/3367/10159 2390/3652/10159 1397/4176/10160 1413/432/10160
f 427/662/10161 316/743/10162 266/4939/10163 233/530/10164 213/619/10161
f 4593/2537/10165 4737/4940/10165 4677/723/10165
f 4689/3085/10166 4649/3109/10166 4628/1545/10166
f 4741/4922/10167 4651/571/10168 4607/4762/10169 4756/4761/10169 4751/4790/10170
f 4730/2757/10171 4583/2761/10171 4621/4934/10171
f 4553/1094/10172 4778/4923/10172 4610/4907/10172
f 3248/4295/10173 3250/4285/10173 3247/4288/10174 3343/4296/10174
f 2754/2876/10175 2619/3845/10176 2616/3846/10177 2611/3930/10178
f 4744/4571/10179 4613/4572/10179 4510/4795/10179
f 1354/1968/10180 1403/768/10180 1431/2571/10181 1407/2570/10181
f 4755/237/10182 4608/3205/10182 4623/1703/10182
f 4614/4875/10183 4511/2824/10183 4658/4831/10183
f 4640/2759/10184 4561/240/10184 4496/3671/10184
f 4684/568/10185 4752/4937/10185 4548/569/10185
f 4634/4906/10186 4581/3857/10186 4526/3164/10186
f 4615/1922/10187 4608/3205/10187 4738/4891/10187
f 4670/924/10188 4547/923/10188 4631/4900/10188
f 4205/3869/10189 4166/4756/10190 4182/4729/10191 4163/4724/10192 4162/3786/10192
f 4611/601/10193 4528/4076/10193 4618/3670/10193
f 4619/241/10194 4561/240/10194 4508/4888/10194
f 1158/1105/10195 1073/2102/10195 1069/2084/10196 1124/2083/10196
f 4583/2761/10197 4622/4075/10197 4621/4934/10197
f 4196/4741/10198 4506/4854/10198 4182/4729/10198
f 4672/1702/10199 4609/1921/10199 4750/1668/10199
f 4743/2208/10200 4625/2207/10200 4624/4899/10200
f 4535/1268/10201 4656/1267/10201 4577/4721/10201
f 4621/4934/10202 4622/4075/10202 4630/4180/10202
f 4627/1549/10203 4501/4674/10203 4626/1544/10203
f 4741/4941/10204 4751/1270/10204 4657/4873/10204
f 4583/2761/10205 4633/2760/10205 4528/4076/10205
f 4601/4917/10206 4651/571/10206 4604/3526/10206
f 3653/4552/10207 3793/4483/10207 3673/4480/10208 3671/4544/10209
f 4496/3671/10210 4561/240/10210 4708/3669/10210
f 2158/3472/10211 2157/3474/10212 2163/3493/10212 2327/3475/10211
f 4662/3937/10213 4741/4941/10213 4657/4873/10213
f 4574/4005/10214 4630/4180/10214 4541/1835/10214
f 4510/4795/10215 4669/2466/10215 4631/4900/10215
f 4594/1213/10216 4632/4879/10216 4580/4933/10216
f 1768/3064/10217 2395/3663/10218 2399/2720/10219 1760/3057/10220
f 4603/4913/10221 4574/4005/10221 4541/1835/10221
f 2644/3613/10222 2274/3611/10223 2273/3612/10223 2304/3625/10222
f 4550/3163/10224 4634/4906/10224 4526/3164/10224
f 4620/2625/10225 4617/4936/10225 4572/2626/10225
f 2144/3455/10226 2298/3577/10227 2258/2459/10227 2284/2458/10228
f 4629/600/10229 4605/599/10229 4648/4893/10229
f 4524/1487/10230 4636/3131/10230 4687/1838/10230
f 3904/345/10231 3958/1750/10232 3903/1749/10233 3827/4591/10234 3861/346/10234
f 4732/4942/10235 4637/4211/10235 4715/2156/10235
f 4603/4913/10236 4767/4914/10236 4693/1830/10237 4574/4005/10237
f 4739/4943/10238 4704/4935/10238 4738/4891/10238
f 4752/4853/10239 4639/4757/10239 4191/4758/10239
f 4561/240/10240 4640/2759/10240 4509/2758/10240
f 4573/4781/10241 4646/3188/10241 4500/3187/10241
f 4752/4853/10242 4684/4944/10242 4692/4897/10242
f 4542/4179/10243 4529/4077/10243 4648/4893/10243
f 4694/4304/10244 4754/1486/10244 4519/1489/10244
f 2153/3470/10245 2322/3518/10246 2361/3520/10247 2180/3633/10248 2336/3559/10248
f 4733/4791/10249 4644/4760/10249 4710/4564/10249
f 4752/4937/10250 4643/4932/10250 4548/569/10250
f 760/1656/10251 673/1548/10252 659/1550/10252 651/1516/10253 688/1638/10253
f 1379/2503/10254 1453/2495/10254 1365/797/10255 1357/2516/10256 1408/2546/10257 1419/1709/10258 1396/2565/10259 1430/2602/10260 1429/2581/10261 1366/2501/10262
f 4647/4920/10263 4600/4878/10263 4635/1098/10263
f 4525/4794/10264 4724/4793/10264 4702/4342/10264
f 4507/4898/10265 4737/4940/10265 4689/3085/10265
f 4648/4893/10266 4605/599/10266 4654/3528/10266
f 4732/4942/10267 4652/1266/10267 4710/4877/10267
f 1062/2080/10268 1081/2104/10268 1084/2070/10268
f 4692/4897/10269 4684/4944/10269 4727/4881/10269
f 4130/4678/10270 4121/4717/10271 4112/4714/10271 4033/2470/10270
f 4652/1266/10272 4732/4942/10272 4656/1267/10272
f 4650/4885/10273 4585/4931/10273 4576/4883/10273
f 4539/910/10274 4627/1549/10274 4538/911/10274
f 4555/479/10275 4736/4884/10275 4660/4882/10275
f 1236/1217/10276 1267/1216/10277 1275/2214/10278 1249/2217/10278
f 4654/3528/10279 4599/4912/10279 4653/4577/10279
f 4585/4931/10280 4721/4573/10280 4577/4721/10280
f 4656/1267/10281 4732/4942/10281 4655/2158/10281
f 4657/4873/10282 4751/1270/10282 4592/1269/10282
f 4636/3131/10283 4754/1486/10283 4688/4904/10283
f 4675/3855/10284 4559/724/10284 4544/3856/10284
f 4555/479/10285 4656/1267/10285 4655/2158/10285
f 4721/4573/10286 4545/4574/10286 4592/1269/10286
f 4577/4721/10287 4656/1267/10287 4660/4882/10287
f 4754/1486/10288 4782/4148/10288 4688/4904/10288
f 4656/1267/10289 4555/479/10289 4660/4882/10289
f 4575/570/10290 4531/4634/10291 4687/1838/10292 4661/1837/10293 4686/4915/10294 4604/3526/10295 4651/571/10296
f 4563/4833/10297 4597/4832/10297 4514/4890/10297
f 4599/4912/10298 4534/3527/10298 4661/1837/10298
f 4556/1095/10299 4610/4907/10299 4775/4874/10299
f 4545/4574/10300 4664/4735/10300 4657/4873/10300
f 4741/4941/10301 4662/3937/10301 4503/3936/10301
f 4663/3934/10302 4662/3937/10302 4664/4735/10302
f 4664/4735/10303 4662/3937/10303 4657/4873/10303
f 2380/2453/10304 2296/2452/10305 2341/3555/10306 2235/3595/10307
f 3724/4558/10308 3750/4486/10308 3716/4489/10309 3717/615/10309
f 188/458/10310 170/377/10310 175/444/10311 155/390/10311
f 4728/2613/10312 4582/482/10312 1157/481/10312
f 4726/4918/10313 4549/3162/10313 4527/3165/10313
f 4665/4909/10314 1077/252/10314 1145/255/10314
f 4666/4231/10315 4585/4931/10315 4668/925/10315
f 4566/2468/10316 4667/4889/10316 4717/3935/10316
f 2500/3783/10317 2517/1207/10317 2519/1206/10318 2511/1523/10318
f 4679/4305/10319 4517/3230/10319 4817/4149/10319
f 4543/4886/10320 4507/4898/10320 4707/4673/10320
f 465/1199/10321 476/466/10321 472/1125/10322 435/1124/10322 498/1244/10323
f 4684/568/10324 4757/567/10324 4520/4908/10324
f 4727/4881/10325 4684/4944/10325 4520/4876/10325
f 4669/2466/10326 4671/2469/10326 4631/4900/10326
f 4671/2469/10327 4670/924/10327 4631/4900/10327
f 4671/2469/10328 4552/4232/10328 4670/924/10328
f 4584/922/10329 4674/1756/10329 4547/923/10329
f 2788/3189/10330 2786/3987/10331 2783/2478/10331 2822/2477/10330
f 106/270/10332 108/276/10333 202/281/10334 810/267/10332
f 4681/4086/10335 4547/923/10335 4612/726/10335
f 4624/4899/10336 4722/4080/10336 4699/4343/10336
f 4744/4571/10337 4510/4795/10337 4587/4901/10337
f 4631/4900/10338 4547/923/10338 4587/4901/10338
f 4643/4932/10339 4752/4937/10339 4579/4742/10339
f 1917/3231/10340 160/451/10341 161/4945/10341 163/4929/10342 198/3185/10343 1874/3174/10344 1899/3173/10345 1897/3210/10346 159/4413/10347 1916/450/10348
f 4585/4931/10349 4666/4231/10349 4720/4230/10349
f 1413/432/10350 1397/4176/10350 2386/2646/10351 1399/433/10352
f 4632/4879/10353 4730/2757/10353 4580/4933/10353
f 4816/4938/10354 4782/4148/10354 4754/1486/10354
f 4688/4904/10355 4782/4148/10355 4781/4905/10355
f 1495/2656/10356 1506/2735/10357 1526/2778/10358 1525/2768/10359 1519/3376/10360 1545/3375/10360 1517/2657/10361
f 4608/3205/10362 4755/237/10362 4738/4891/10362
f 4602/2209/10363 4690/4085/10363 4516/725/10363
f 4526/3164/10364 4581/3857/10364 4543/4886/10364
f 4541/1835/10365 4711/1834/10365 4767/4914/10365
f 4427/4855/10366 4479/3646/10366 4454/4860/10367 4397/4857/10368 4412/4849/10368
f 4529/4077/10369 4629/600/10369 4648/4893/10369
f 1574/262/10370 1579/261/10371 1573/2837/10372 1815/2872/10372
f 3745/4341/10373 2731/1378/10374 3297/4329/10375 3298/4278/10375
f 4075/1092/10376 4073/4691/10377 435/1124/10377 535/1093/10376
f 4722/4080/10378 4746/4919/10378 4699/4343/10378
f 4514/4890/10379 4598/4902/10379 4738/4891/10379
f 4494/1758/10380 4593/2537/10380 4677/723/10380
f 4746/4919/10381 4722/4080/10381 4723/4079/10381
f 1266/2382/10382 1267/1216/10382 1229/2331/10383 1310/2348/10383
f 4515/4903/10384 4803/3129/10384 4688/4904/10384
f 4737/4940/10385 4593/2537/10385 4689/3085/10385
f 4567/4928/10386 4737/4940/10386 4507/4898/10386
f 4522/4100/10387 4523/4082/10387 4691/4725/10387
f 4690/4085/10388 4602/2209/10388 4587/4901/10388
f 4549/3162/10389 4726/4918/10389 4691/4725/10389
f 4692/4897/10390 4713/4930/10390 4164/4723/10390
f 4725/1621/10391 4740/4946/10391 697/1622/10391
f 4705/2945/10392 4695/3381/10392 4696/4910/10392
f 4713/4930/10393 4692/4897/10393 4727/4881/10393
f 4680/4303/10394 4816/4938/10394 4694/4304/10394
f 4704/4935/10395 4586/4925/10395 4568/4892/10395
f 3865/625/10396 489/556/10396 250/555/10397 231/610/10398
f 4696/4910/10399 4695/3381/10399 4716/2153/10399
f 4582/482/10400 4734/4146/10400 4749/4926/10400
f 4628/1545/10401 4649/3109/10401 648/1511/10401
f 4561/240/10402 4497/239/10402 4708/3669/10402
f 1362/2532/10403 1411/2534/10403 1359/2579/10404 1360/2562/10405 1387/2530/10405
f 3127/64/10406 3207/4205/10406 3175/4183/10407 3183/61/10407
f 4513/909/10408 4527/3165/10408 4707/4673/10408
f 4571/4782/10409 4572/3408/10409 4596/729/10409
f 4704/4935/10410 4739/4943/10410 4703/4887/10410
f 4738/4891/10411 4704/4935/10411 4568/4892/10411
f 4803/3129/10412 4636/3131/10412 4688/4904/10412
f 4740/4946/10413 4700/2505/10413 4685/2538/10413
f 4665/4909/10414 4705/2945/10414 4696/4910/10414
f 2812/3998/10415 3372/3997/10415 2805/4004/10416 2840/3972/10416
f 4689/3085/10417 4735/3084/10417 4707/4673/10417
f 4644/4760/10418 4708/3669/10418 4710/4564/10418
f 4685/2538/10419 4682/4147/10419 696/1590/10419
f 1106/2160/10420 4569/2624/10420 1108/2161/10420
f 4678/4524/10421 4732/4942/10421 4710/4877/10421
f 4713/4930/10422 4525/4794/10422 4164/4723/10422
f 438/1138/10423 502/689/10423 511/688/10424 520/1145/10424
f 4590/3130/10425 4711/1834/10425 4698/1839/10425
f 4713/4930/10426 4712/2467/10426 4525/4794/10426
f 4712/2467/10427 4669/2466/10427 4525/4794/10427
f 4637/4211/10428 1109/2162/10428 4715/2156/10428
f 4695/3381/10429 1175/446/10429 4716/2153/10429
f 4625/2207/10430 4634/4906/10430 4624/4899/10430
f 4700/2505/10431 4740/4946/10431 4725/1621/10431
f 4525/4794/10432 4683/4722/10432 4164/4723/10432
f 4717/3935/10433 4502/4880/10433 4520/4876/10433
f 692/1624/10434 4725/1621/10434 4718/1551/10434
f 4697/3039/10435 4565/4924/10435 4595/3040/10435
f 4506/4854/10436 4752/4853/10436 4692/4897/10436
f 844/1784/10437 847/1783/10437 843/1741/10438 846/1149/10438
f 4699/4343/10439 4746/4919/10439 4701/4344/10439
f 4523/4082/10440 4549/3162/10440 4691/4725/10440
f 4721/4573/10441 4585/4931/10441 4720/4230/10441
f 4557/1097/10442 4554/4921/10442 4635/1098/10442
f 4709/2623/10443 4705/2945/10443 1145/255/10443
f 4559/724/10444 4675/3855/10444 4516/725/10444
f 4613/4572/10445 4724/4793/10445 4510/4795/10445
f 4580/4933/10446 4630/4180/10446 4729/4896/10446
f 692/1624/10447 4700/2505/10447 4725/1621/10447
f 4726/4918/10448 4513/909/10448 4532/4734/10448
f 4667/4889/10449 4712/2467/10449 4727/4881/10449
f 4703/4887/10450 4739/4943/10450 4619/241/10450
f 670/1591/10451 4682/4147/10451 4728/2613/10451
f 4615/1922/10452 4498/2003/10452 3806/1923/10452
f 4144/4720/10453 4134/4718/10453 4099/3478/10454 4114/2300/10454
f 4638/1214/10455 4580/4933/10455 4729/4896/10455
f 4705/2945/10456 4665/4909/10456 1145/255/10456
f 4731/1488/10457 4524/1487/10457 4687/1838/10457
f 4637/4211/10458 4732/4942/10458 4678/4524/10458
f 4640/2759/10459 4496/3671/10459 4618/3670/10460 4528/4076/10460 4633/2760/10461
f 4722/4080/10462 4624/4899/10462 4742/4081/10462
f 4655/2158/10463 4732/4942/10463 4715/2156/10463
f 4652/1266/10464 4733/1271/10464 4710/4877/10464
f 4734/4146/10465 4558/4859/10465 4749/4926/10465
f 3788/1614/10466 3792/3101/10467 3689/4519/10468 3741/4471/10469
f 4736/4884/10470 4749/4926/10470 4650/4885/10470
f 4737/4940/10471 4567/4928/10471 4677/723/10471
f 4755/237/10472 4739/4943/10472 4738/4891/10472
f 4739/4943/10473 4755/237/10473 4619/241/10473
f 4740/4946/10474 696/1590/10474 697/1622/10474
f 4504/572/10475 4741/4922/10475 4503/4895/10475
f 4608/3205/10476 4672/1702/10476 4623/1703/10476
f 4742/4081/10477 4549/3162/10477 4523/4082/10477
f 4624/4899/10478 4550/3163/10478 4742/4081/10478
f 4691/4725/10479 4726/4918/10479 4178/4726/10479
f 4746/4919/10480 4723/4079/10480 4170/421/10480
f 4582/482/10481 4749/4926/10481 4736/4884/10481
f 4723/4079/10482 4522/4100/10482 4170/421/10482
f 1044/357/10483 134/1313/10484 141/342/10485 133/304/10486 132/341/10486
f 4674/1756/10487 4584/922/10487 4749/4926/10487
f 3799/287/10488 4750/1668/10488 3806/1923/10488
f 4749/4926/10489 4668/925/10489 4650/4885/10489
f 4740/4946/10490 4685/2538/10490 696/1590/10490
f 4372/4826/10491 4291/4799/10491 4341/4822/10492 4362/4823/10492
f 154/389/10493 166/383/10494 167/457/10495 155/390/10496
f 2988/4118/10497 2920/3630/10498 2978/4138/10499 3021/4137/10499
f 4500/3187/10500 4714/1671/10500 3809/1670/10500
f 4501/4674/10501 4735/3084/10501 4626/1544/10501
f 4613/4572/10502 4743/2208/10502 4699/4343/10502
f 4679/4305/10503 4519/1489/10503 4517/3230/10503
f 4586/4925/10504 4554/4921/10504 4557/1097/10504
f 4531/4634/10505 4731/1488/10505 4687/1838/10505
f 4565/4924/10506 4753/4927/10506 3810/2507/10506
f 4755/237/10507 4617/2680/10507 4588/238/10507
f 4757/567/10508 4505/4894/10508 4520/4908/10508
f 4819/4947/10509 4758/4155/10509 1780/3048/10509
f 4779/4150/10510 4764/1904/10510 4759/1965/10510
f 4788/4159/10511 4810/4158/10511 1747/2475/10511
f 4761/778/10512 4794/4152/10512 4760/4181/10512
f 2537/3797/10513 4762/4160/10513 2539/2479/10513
f 4804/4165/10514 4803/3129/10514 4515/4903/10514
f 4764/1904/10515 4779/4150/10515 4763/1162/10515
f 4784/4163/10516 4772/4162/10516 4765/2919/10517
f 4825/2825/10518 3820/4048/10518 3815/2351/10518
f 4805/4151/10519 4766/12/10519 4820/14/10519
f 4804/4165/10520 4780/1831/10520 4767/4914/10521 4590/3130/10522 4803/3129/10523
f 4773/410/10524 4799/4154/10524 1358/411/10524
f 4792/4153/10525 1423/2440/10525 1358/411/10525
f 4762/4160/10526 4788/4159/10526 4821/4328/10526
f 3820/4048/10527 4784/4163/10527 4765/2919/10527
f 4792/4153/10528 4770/2608/10528 1423/2440/10528
f 3599/3676/10529 3595/4426/10530 3507/2601/10530 3481/2600/10529
f 4385/4106/10531 13/47/10531 4786/46/10531
f 4680/4303/10532 4768/4948/10533 4816/4938/10532
f 4806/4157/10534 4798/4156/10534 4769/1044/10534
f 4770/2608/10535 4795/4027/10535 1435/2609/10535
f 4798/4156/10536 1759/3053/10536 4769/1044/10536
f 1759/3053/10537 4777/4949/10537 4776/3054/10537
f 4802/4107/10538 4385/4106/10538 4786/46/10538
f 4361/4824/10539 4321/2726/10540 4335/4819/10541 621/1451/10542
f 4772/4162/10543 4789/2922/10543 1643/2921/10543
f 4825/2825/10544 4511/2824/10544 4614/4875/10544
f 4774/2557/10545 4799/4154/10545 4773/410/10545
f 4778/4923/10546 4783/4164/10546 4610/4907/10546
f 4818/3077/10547 4819/4947/10547 1774/3047/10547
f 1466/2668/10548 4799/4154/10548 4774/2557/10548
f 4758/4155/10549 4818/3077/10549 1757/3060/10549
f 4787/2747/10550 4790/4161/10550 1704/2748/10550
f 4610/4907/10551 4783/4164/10551 4775/4874/10551
f 1637/2924/10552 4814/2750/10552 4815/2915/10552
f 3707/4565/10553 3730/4557/10553 3618/4495/10554 3686/4494/10554 3639/4562/10555
f 4777/4949/10556 1757/3060/10556 4776/3054/10556
f 4806/4157/10557 4807/1942/10557 1755/3028/10557
f 4812/2659/10558 4813/4950/10558 1386/2569/10558
f 4776/3054/10559 1757/3060/10559 1752/3055/10559
f 4783/4164/10560 4825/2825/10560 4614/4875/10560
f 4822/1832/10561 4783/4164/10561 4778/4923/10561
f 3703/3170/10562 1914/3227/10562 1913/3160/10562 1867/2227/10562
f 4471/4817/10563 4160/3621/10564 4167/1028/10565
f 4804/4165/10566 4515/4903/10566 4781/4905/10566
f 4782/4148/10567 4804/4165/10567 4781/4905/10567
f 2848/3025/10568 346/919/10568 2855/2583/10569 2803/3995/10570
f 4768/4948/10571 4680/4303/10571 4817/4149/10571
f 4782/4148/10572 4768/4948/10572 4817/4149/10572
f 4825/2825/10573 4784/4163/10573 3820/4048/10573
f 1319/2444/10574 1327/163/10575 1333/340/10576 1302/1327/10576 1328/2439/10577 1296/2443/10577
f 4814/2750/10578 1637/2924/10578 4789/2922/10578
f 4785/69/10579 4786/46/10579 11/38/10579
f 3903/1749/10580 3902/3276/10581 3901/3275/10581 3915/4586/10580
f 4797/44/10582 9/39/10582 4791/25/10582
f 4404/4858/10583 4427/4855/10584 4422/4848/10585 4446/4013/10586 4405/4012/10587
f 1032/2034/10588 604/1403/10589 605/1409/10589 611/1399/10588
f 4005/52/10590 3987/4664/10591 3966/4640/10592 3982/4639/10590
f 829/934/10593 819/1780/10594 596/1394/10595 609/1390/10596
f 222/595/10597 247/609/10598 220/589/10599 243/575/10600 244/596/10601
f 4790/4161/10602 4762/4160/10602 2537/3797/10602
f 4794/4152/10603 4805/4151/10603 4820/14/10603
f 605/1409/10604 603/1363/10605 598/1395/10606 594/1388/10607
f 4172/1384/10608 4173/4098/10609 4169/4727/10610 4168/1379/10611
f 4794/4152/10612 4813/4950/10612 4808/2658/10612
f 305/810/10613 4796/809/10613 4761/778/10613
f 1386/2569/10614 4813/4950/10614 272/736/10614
f 4813/4950/10615 4794/4152/10615 272/736/10615
f 4809/4028/10616 4794/4152/10616 4808/2658/10616
f 2051/3412/10617 2073/770/10617 3166/3386/10618 2088/3415/10618
f 1979/1371/10619 1995/3279/10620 1970/2528/10621 1390/1368/10621
f 3319/4331/10622 3287/4319/10623 3304/4257/10624 3325/243/10625
f 2973/891/10626 2893/4031/10626 2933/4034/10627 2926/888/10627
f 4777/4949/10628 4798/4156/10628 4758/4155/10628
f 4801/3065/10629 1780/3048/10629 4800/3066/10629
f 4802/4107/10630 4779/4150/10630 4759/1965/10630
f 4799/4154/10631 4792/4153/10631 1358/411/10631
f 4792/4153/10632 4795/4027/10632 4770/2608/10632
f 4824/2350/10633 4825/2825/10633 3815/2351/10633
f 2291/3541/10634 2309/1597/10634 2208/3570/10635 2172/3517/10635
f 4805/4151/10636 4793/67/10636 4766/12/10636
f 4814/2750/10637 1686/2749/10637 1700/2916/10637
f 4822/1832/10638 4778/4923/10638 4811/4911/10638
f 4807/1942/10639 4806/4157/10639 4769/1044/10639
f 4822/1832/10640 4521/4006/10640 4537/1833/10640
f 4798/4156/10641 4777/4949/10641 1759/3053/10641
f 4771/3078/10642 4809/4028/10642 4808/2658/10642
f 4810/4158/10643 4806/4157/10643 1755/3028/10643
f 4521/4006/10644 4822/1832/10644 4811/4911/10644
f 4813/4950/10645 4812/2659/10645 4808/2658/10645
f 4815/2915/10646 4814/2750/10646 1700/2916/10646
f 4768/4948/10647 4782/4148/10647 4816/4938/10647
f 4680/4303/10648 4679/4305/10648 4817/4149/10648
f 4758/4155/10649 4819/4947/10649 4818/3077/10649
f 4779/4150/10650 4197/1163/10650 4763/1162/10650
f 4780/1831/10651 4693/1830/10651 4767/4914/10651
f 286/2146/10652 4794/4152/10652 4820/14/10652
f 4777/4949/10653 4758/4155/10653 1757/3060/10653
f 2539/2479/10654 4762/4160/10654 4821/4328/10654
f 4760/4181/10655 4794/4152/10655 286/2146/10655
f 4775/4874/10656 4783/4164/10656 4614/4875/10656
f 3900/3073/10657 3899/3072/10657 3957/3907/10658 3941/4614/10658
f 4772/4162/10659 1643/2921/10659 4765/2919/10659
f 4825/2825/10660 4824/2350/10660 4823/2826/10660
f 1774/3047/10661 4819/4947/10661 1780/3048/10661
f 1747/2475/10662 4810/4158/10662 1755/3028/10662
f 3344/4340/10663 3311/2859/10664 3310/1424/10665 3336/4339/10663
f 2891/2420/10666 4828/2875/10667 2882/2421/10668
f 2891/2420/10669 2886/2419/10670 4828/2875/10671
f 4487/4850/10672 4414/3825/10673 4419/3824/10674 4486/4806/10675
f 4828/2875/10676 4830/3042/10677 4836/3045/10678
f 2888/41/10679 2753/40/10680 2754/2876/10680
f 2755/43/10681 2754/2876/10681 2753/40/10681
f 2754/2876/10682 2755/43/10682 2756/1786/10682
f 2886/2419/10683 4837/4611/10684 4828/2875/10685
f 3017/3899/10686 2720/28/10687 2689/3893/10688 2693/3892/10686
f 2754/2876/10689 4834/4951/10690 2888/41/10691
f 2610/2279/10692 2611/3930/10693 2616/3846/10694 2606/3838/10695
f 4327/2130/10696 4330/4294/10697 4310/3821/10698 4355/3820/10699 4344/2127/10699
f 4567/4928/10700 4507/4898/10700 4544/3856/10701 4559/724/10702
f 4833/3044/10703 4834/4951/10704 2754/2876/10705
f 4836/3045/10706 4833/3044/10707 2754/2876/10708
f 4828/2875/10709 4837/4611/10710 4830/3042/10711
f 4836/3045/10712 2754/2876/10713 4828/2875/10714
f 2888/41/10715 4834/4951/10716 4831/2616/10717
f 4834/4951/10718 4833/3044/10719 4831/2616/10720
f 4832/3043/10721 4835/4612/10722 4831/2616/10723
f 4833/3044/10724 4832/3043/10725 4831/2616/10726
f 2735/3926/10727 2730/1253/10727 2737/1255/10728
f 3184/494/10729 3207/4205/10729 3168/4145/10730 3065/495/10730
f 2217/2544/10731 2186/3542/10731 2166/3448/10732 2191/391/10733
f 4607/4762/10734 4651/571/10735 4606/598/10736 4611/601/10737
f 4839/4084/10738 4829/1254/10738 4840/3477/10738
f 4840/3477/10739 4838/3476/10740 4839/4084/10739
f 4839/4084/10741 4841/4083/10741 4829/1254/10741
f 2738/1987/10742 2737/1255/10743 4826/3931/10742
f 3883/3414/10744 3888/1610/10745 3880/4576/10746 3832/4596/10744
